"X","time_period","rainfall","mean_temperature","disease_cases","population","location","Cases","E","month","ID_year","ID_spat","rainsum","meantemperature","group"
0,"2001-01",251.111,24.32,NA,629267.026130676,"Acre",NA,629267.026130676,1,2001,"Acre",251.111,24.32,1
1,"2001-02",230.194,24.6,NA,629267.026130676,"Acre",NA,629267.026130676,2,2001,"Acre",230.194,24.6,1
2,"2001-03",247.572,24.59,115,629267.026130676,"Acre",115,629267.026130676,3,2001,"Acre",247.572,24.59,1
3,"2001-04",194.169,24.62,78,629267.026130676,"Acre",78,629267.026130676,4,2001,"Acre",194.169,24.62,1
4,"2001-05",97.685,24.15,36,629267.026130676,"Acre",36,629267.026130676,5,2001,"Acre",97.685,24.15,1
5,"2001-06",60.546,22.42,32,629267.026130676,"Acre",32,629267.026130676,6,2001,"Acre",60.546,22.42,1
6,"2001-07",86.882,23.53,7,629267.026130676,"Acre",7,629267.026130676,7,2001,"Acre",86.882,23.53,1
7,"2001-08",37.802,25.65,8,629267.026130676,"Acre",8,629267.026130676,8,2001,"Acre",37.802,25.65,1
8,"2001-09",125.288,25.15,8,629267.026130676,"Acre",8,629267.026130676,9,2001,"Acre",125.288,25.15,1
9,"2001-10",177.126,25.83,22,629267.026130676,"Acre",22,629267.026130676,10,2001,"Acre",177.126,25.83,1
10,"2001-11",206.037,25.36,172,629267.026130676,"Acre",172,629267.026130676,11,2001,"Acre",206.037,25.36,1
11,"2001-12",308.816,24.93,196,629267.026130676,"Acre",196,629267.026130676,12,2001,"Acre",308.816,24.93,1
12,"2002-01",226.946,25.39,81,636229.145576477,"Acre",81,636229.145576477,1,2002,"Acre",226.946,25.39,1
13,"2002-02",262.303,25.02,170,636229.145576477,"Acre",170,636229.145576477,2,2002,"Acre",262.303,25.02,1
14,"2002-03",238.798,25.14,316,636229.145576477,"Acre",316,636229.145576477,3,2002,"Acre",238.798,25.14,1
15,"2002-04",216.697,24.65,72,636229.145576477,"Acre",72,636229.145576477,4,2002,"Acre",216.697,24.65,1
16,"2002-05",125.554,24.6,36,636229.145576477,"Acre",36,636229.145576477,5,2002,"Acre",125.554,24.6,1
17,"2002-06",62.513,23.54,24,636229.145576477,"Acre",24,636229.145576477,6,2002,"Acre",62.513,23.54,1
18,"2002-07",87.491,23.73,19,636229.145576477,"Acre",19,636229.145576477,7,2002,"Acre",87.491,23.73,1
19,"2002-08",82.58,25.43,12,636229.145576477,"Acre",12,636229.145576477,8,2002,"Acre",82.58,25.43,1
20,"2002-09",108.764,25.54,14,636229.145576477,"Acre",14,636229.145576477,9,2002,"Acre",108.764,25.54,1
21,"2002-10",153.82,25.98,18,636229.145576477,"Acre",18,636229.145576477,10,2002,"Acre",153.82,25.98,1
22,"2002-11",191.571,25.24,91,636229.145576477,"Acre",91,636229.145576477,11,2002,"Acre",191.571,25.24,1
23,"2002-12",271.847,25.14,98,636229.145576477,"Acre",98,636229.145576477,12,2002,"Acre",271.847,25.14,1
24,"2003-01",273.5,25.38,240,643180.355430603,"Acre",240,643180.355430603,1,2003,"Acre",273.5,25.38,1
25,"2003-02",250.476,25.02,288,643180.355430603,"Acre",288,643180.355430603,2,2003,"Acre",250.476,25.02,1
26,"2003-03",231.799,24.88,171,643180.355430603,"Acre",171,643180.355430603,3,2003,"Acre",231.799,24.88,1
27,"2003-04",197.785,24.58,98,643180.355430603,"Acre",98,643180.355430603,4,2003,"Acre",197.785,24.58,1
28,"2003-05",123.78,24.28,47,643180.355430603,"Acre",47,643180.355430603,5,2003,"Acre",123.78,24.28,1
29,"2003-06",73.252,24,39,643180.355430603,"Acre",39,643180.355430603,6,2003,"Acre",73.252,24,1
30,"2003-07",22.247,24.4,17,643180.355430603,"Acre",17,643180.355430603,7,2003,"Acre",22.247,24.4,1
31,"2003-08",72.341,24.54,7,643180.355430603,"Acre",7,643180.355430603,8,2003,"Acre",72.341,24.54,1
32,"2003-09",144.756,24.91,8,643180.355430603,"Acre",8,643180.355430603,9,2003,"Acre",144.756,24.91,1
33,"2003-10",148.788,25.72,27,643180.355430603,"Acre",27,643180.355430603,10,2003,"Acre",148.788,25.72,1
34,"2003-11",192.608,25.21,53,643180.355430603,"Acre",53,643180.355430603,11,2003,"Acre",192.608,25.21,1
35,"2003-12",247.661,25.34,57,643180.355430603,"Acre",57,643180.355430603,12,2003,"Acre",247.661,25.34,1
36,"2004-01",222.19,25.41,89,650120.713470459,"Acre",89,650120.713470459,1,2004,"Acre",222.19,25.41,1
37,"2004-02",177.339,25.15,143,650120.713470459,"Acre",143,650120.713470459,2,2004,"Acre",177.339,25.15,1
38,"2004-03",267.115,25.05,61,650120.713470459,"Acre",61,650120.713470459,3,2004,"Acre",267.115,25.05,1
39,"2004-04",128.891,24.98,36,650120.713470459,"Acre",36,650120.713470459,4,2004,"Acre",128.891,24.98,1
40,"2004-05",72.403,23.12,67,650120.713470459,"Acre",67,650120.713470459,5,2004,"Acre",72.403,23.12,1
41,"2004-06",74.142,23.26,53,650120.713470459,"Acre",53,650120.713470459,6,2004,"Acre",74.142,23.26,1
42,"2004-07",78.683,23.35,46,650120.713470459,"Acre",46,650120.713470459,7,2004,"Acre",78.683,23.35,1
43,"2004-08",97.868,24.27,42,650120.713470459,"Acre",42,650120.713470459,8,2004,"Acre",97.868,24.27,1
44,"2004-09",107.052,25.25,95,650120.713470459,"Acre",95,650120.713470459,9,2004,"Acre",107.052,25.25,1
45,"2004-10",222.012,25.28,400,650120.713470459,"Acre",400,650120.713470459,10,2004,"Acre",222.012,25.28,1
46,"2004-11",217.384,24.99,2007,650120.713470459,"Acre",2007,650120.713470459,11,2004,"Acre",217.384,24.99,1
47,"2004-12",267.937,25.01,1505,650120.713470459,"Acre",1505,650120.713470459,12,2004,"Acre",267.937,25.01,1
48,"2005-01",210.048,25.69,1469,657050.253517151,"Acre",1469,657050.253517151,1,2005,"Acre",210.048,25.69,1
49,"2005-02",260.84,25.1,486,657050.253517151,"Acre",486,657050.253517151,2,2005,"Acre",260.84,25.1,1
50,"2005-03",243.529,25.23,183,657050.253517151,"Acre",183,657050.253517151,3,2005,"Acre",243.529,25.23,1
51,"2005-04",191.318,24.64,49,657050.253517151,"Acre",49,657050.253517151,4,2005,"Acre",191.318,24.64,1
52,"2005-05",107.63,24.68,16,657050.253517151,"Acre",16,657050.253517151,5,2005,"Acre",107.63,24.68,1
53,"2005-06",50.406,24.56,15,657050.253517151,"Acre",15,657050.253517151,6,2005,"Acre",50.406,24.56,1
54,"2005-07",20.202,24.4,10,657050.253517151,"Acre",10,657050.253517151,7,2005,"Acre",20.202,24.4,1
55,"2005-08",51.964,26.2,5,657050.253517151,"Acre",5,657050.253517151,8,2005,"Acre",51.964,26.2,1
56,"2005-09",71.689,26.17,0,657050.253517151,"Acre",0,657050.253517151,9,2005,"Acre",71.689,26.17,1
57,"2005-10",230.567,25.51,6,657050.253517151,"Acre",6,657050.253517151,10,2005,"Acre",230.567,25.51,1
58,"2005-11",201.977,25.42,26,657050.253517151,"Acre",26,657050.253517151,11,2005,"Acre",201.977,25.42,1
59,"2005-12",229.801,25.18,262,657050.253517151,"Acre",262,657050.253517151,12,2005,"Acre",229.801,25.18,1
60,"2006-01",240.574,25.03,81,664251.694023767,"Acre",81,664251.694023767,1,2006,"Acre",240.574,25.03,1
61,"2006-02",246.254,25.08,38,664251.694023767,"Acre",38,664251.694023767,2,2006,"Acre",246.254,25.08,1
62,"2006-03",233.736,25.12,28,664251.694023767,"Acre",28,664251.694023767,3,2006,"Acre",233.736,25.12,1
63,"2006-04",176.17,24.46,31,664251.694023767,"Acre",31,664251.694023767,4,2006,"Acre",176.17,24.46,1
64,"2006-05",49.08,23.55,10,664251.694023767,"Acre",10,664251.694023767,5,2006,"Acre",49.08,23.55,1
65,"2006-06",68.151,24.37,11,664251.694023767,"Acre",11,664251.694023767,6,2006,"Acre",68.151,24.37,1
66,"2006-07",35.718,25.42,5,664251.694023767,"Acre",5,664251.694023767,7,2006,"Acre",35.718,25.42,1
67,"2006-08",49.542,26.22,2,664251.694023767,"Acre",2,664251.694023767,8,2006,"Acre",49.542,26.22,1
68,"2006-09",118.979,26.02,5,664251.694023767,"Acre",5,664251.694023767,9,2006,"Acre",118.979,26.02,1
69,"2006-10",223.299,25.76,14,664251.694023767,"Acre",14,664251.694023767,10,2006,"Acre",223.299,25.76,1
70,"2006-11",215.812,25.29,224,664251.694023767,"Acre",224,664251.694023767,11,2006,"Acre",215.812,25.29,1
71,"2006-12",234.219,25.23,196,664251.694023767,"Acre",196,664251.694023767,12,2006,"Acre",234.219,25.23,1
72,"2007-01",226.277,25.59,127,671181.315452438,"Acre",127,671181.315452438,1,2007,"Acre",226.277,25.59,1
73,"2007-02",177.236,25.93,138,671181.315452438,"Acre",138,671181.315452438,2,2007,"Acre",177.236,25.93,1
74,"2007-03",281.256,24.95,116,671181.315452438,"Acre",116,671181.315452438,3,2007,"Acre",281.256,24.95,1
75,"2007-04",186.837,24.7,101,671181.315452438,"Acre",101,671181.315452438,4,2007,"Acre",186.837,24.7,1
76,"2007-05",117.578,23.32,46,671181.315452438,"Acre",46,671181.315452438,5,2007,"Acre",117.578,23.32,1
77,"2007-06",20.816,24.57,8,671181.315452438,"Acre",8,671181.315452438,6,2007,"Acre",20.816,24.57,1
78,"2007-07",71.698,24.06,2,671181.315452438,"Acre",2,671181.315452438,7,2007,"Acre",71.698,24.06,1
79,"2007-08",38.381,25.83,3,671181.315452438,"Acre",3,671181.315452438,8,2007,"Acre",38.381,25.83,1
80,"2007-09",123.212,26.04,3,671181.315452438,"Acre",3,671181.315452438,9,2007,"Acre",123.212,26.04,1
81,"2007-10",198.869,25.6,10,671181.315452438,"Acre",10,671181.315452438,10,2007,"Acre",198.869,25.6,1
82,"2007-11",237.345,25.02,62,671181.315452438,"Acre",62,671181.315452438,11,2007,"Acre",237.345,25.02,1
83,"2007-12",295.632,24.84,71,671181.315452438,"Acre",71,671181.315452438,12,2007,"Acre",295.632,24.84,1
84,"2008-01",268.907,24.78,80,677888.539453698,"Acre",80,677888.539453698,1,2008,"Acre",268.907,24.78,1
85,"2008-02",266.329,24.71,141,677888.539453698,"Acre",141,677888.539453698,2,2008,"Acre",266.329,24.71,1
86,"2008-03",313.923,24.18,176,677888.539453698,"Acre",176,677888.539453698,3,2008,"Acre",313.923,24.18,1
87,"2008-04",210.042,24.4,189,677888.539453698,"Acre",189,677888.539453698,4,2008,"Acre",210.042,24.4,1
88,"2008-05",87.844,23.59,101,677888.539453698,"Acre",101,677888.539453698,5,2008,"Acre",87.844,23.59,1
89,"2008-06",42.102,23.27,31,677888.539453698,"Acre",31,677888.539453698,6,2008,"Acre",42.102,23.27,1
90,"2008-07",33.674,25.1,20,677888.539453698,"Acre",20,677888.539453698,7,2008,"Acre",33.674,25.1,1
91,"2008-08",44.556,26.43,46,677888.539453698,"Acre",46,677888.539453698,8,2008,"Acre",44.556,26.43,1
92,"2008-09",116.758,26.12,86,677888.539453698,"Acre",86,677888.539453698,9,2008,"Acre",116.758,26.12,1
93,"2008-10",179.166,25.87,99,677888.539453698,"Acre",99,677888.539453698,10,2008,"Acre",179.166,25.87,1
94,"2008-11",246.543,25.36,336,677888.539453698,"Acre",336,677888.539453698,11,2008,"Acre",246.543,25.36,1
95,"2008-12",296.618,24.94,643,677888.539453698,"Acre",643,677888.539453698,12,2008,"Acre",296.618,24.94,1
96,"2009-01",305.611,24.77,2919,684443.968385456,"Acre",2919,684443.968385456,1,2009,"Acre",305.611,24.77,1
97,"2009-02",279.212,24.87,6004,684443.968385456,"Acre",6004,684443.968385456,2,2009,"Acre",279.212,24.87,1
98,"2009-03",353.241,24.64,5001,684443.968385456,"Acre",5001,684443.968385456,3,2009,"Acre",353.241,24.64,1
99,"2009-04",284.756,24.3,1376,684443.968385456,"Acre",1376,684443.968385456,4,2009,"Acre",284.756,24.3,1
100,"2009-05",165.102,24.32,711,684443.968385456,"Acre",711,684443.968385456,5,2009,"Acre",165.102,24.32,1
101,"2009-06",69.543,23.32,253,684443.968385456,"Acre",253,684443.968385456,6,2009,"Acre",69.543,23.32,1
102,"2009-07",66.02,23.87,119,684443.968385456,"Acre",119,684443.968385456,7,2009,"Acre",66.02,23.87,1
103,"2009-08",65.326,25.57,91,684443.968385456,"Acre",91,684443.968385456,8,2009,"Acre",65.326,25.57,1
104,"2009-09",93.039,26.23,77,684443.968385456,"Acre",77,684443.968385456,9,2009,"Acre",93.039,26.23,1
105,"2009-10",148.198,26.39,161,684443.968385456,"Acre",161,684443.968385456,10,2009,"Acre",148.198,26.39,1
106,"2009-11",205.5,26.16,479,684443.968385456,"Acre",479,684443.968385456,11,2009,"Acre",205.5,26.16,1
107,"2009-12",314.24,25.2,1281,684443.968385456,"Acre",1281,684443.968385456,12,2009,"Acre",314.24,25.2,1
108,"2010-01",217.414,25.68,3962,690893.493780353,"Acre",3962,690893.493780353,1,2010,"Acre",217.414,25.68,1
109,"2010-02",274.036,25.97,7715,690893.493780353,"Acre",7715,690893.493780353,2,2010,"Acre",274.036,25.97,1
110,"2010-03",247.647,25.92,6103,690893.493780353,"Acre",6103,690893.493780353,3,2010,"Acre",247.647,25.92,1
111,"2010-04",121.531,25.77,3039,690893.493780353,"Acre",3039,690893.493780353,4,2010,"Acre",121.531,25.77,1
112,"2010-05",106.99,24.4,1424,690893.493780353,"Acre",1424,690893.493780353,5,2010,"Acre",106.99,24.4,1
113,"2010-06",30.499,24.82,849,690893.493780353,"Acre",849,690893.493780353,6,2010,"Acre",30.499,24.82,1
114,"2010-07",33.44,24.4,793,690893.493780353,"Acre",793,690893.493780353,7,2010,"Acre",33.44,24.4,1
115,"2010-08",24.28,26.63,426,690893.493780353,"Acre",426,690893.493780353,8,2010,"Acre",24.28,26.63,1
116,"2010-09",76.572,27.01,610,690893.493780353,"Acre",610,690893.493780353,9,2010,"Acre",76.572,27.01,1
117,"2010-10",217.882,26,1033,690893.493780353,"Acre",1033,690893.493780353,10,2010,"Acre",217.882,26,1
118,"2010-11",241.231,25.1,3022,690893.493780353,"Acre",3022,690893.493780353,11,2010,"Acre",241.231,25.1,1
119,"2010-12",190.48,25.35,5515,690893.493780353,"Acre",5515,690893.493780353,12,2010,"Acre",190.48,25.35,1
120,"2011-01",236.757,25,8492,697251.236109968,"Acre",8492,697251.236109968,1,2011,"Acre",236.757,25,1
121,"2011-02",258.259,24.63,4707,697251.236109968,"Acre",4707,697251.236109968,2,2011,"Acre",258.259,24.63,1
122,"2011-03",321.717,24.49,2927,697251.236109968,"Acre",2927,697251.236109968,3,2011,"Acre",321.717,24.49,1
123,"2011-04",204.158,24.58,1249,697251.236109968,"Acre",1249,697251.236109968,4,2011,"Acre",204.158,24.58,1
124,"2011-05",85.352,24.14,334,697251.236109968,"Acre",334,697251.236109968,5,2011,"Acre",85.352,24.14,1
125,"2011-06",60.731,24.44,121,697251.236109968,"Acre",121,697251.236109968,6,2011,"Acre",60.731,24.44,1
126,"2011-07",35.683,24.75,55,697251.236109968,"Acre",55,697251.236109968,7,2011,"Acre",35.683,24.75,1
127,"2011-08",47.933,25.63,54,697251.236109968,"Acre",54,697251.236109968,8,2011,"Acre",47.933,25.63,1
128,"2011-09",145.121,26.03,38,697251.236109968,"Acre",38,697251.236109968,9,2011,"Acre",145.121,26.03,1
129,"2011-10",214.633,25.25,59,697251.236109968,"Acre",59,697251.236109968,10,2011,"Acre",214.633,25.25,1
130,"2011-11",201.393,25.49,49,697251.236109968,"Acre",49,697251.236109968,11,2011,"Acre",201.393,25.49,1
131,"2011-12",283.835,24.97,716,697251.236109968,"Acre",716,697251.236109968,12,2011,"Acre",283.835,24.97,1
132,"2012-01",306.511,24.71,393,703506.605020617,"Acre",393,703506.605020617,1,2012,"Acre",306.511,24.71,1
133,"2012-02",290.941,24.42,379,703506.605020617,"Acre",379,703506.605020617,2,2012,"Acre",290.941,24.42,1
134,"2012-03",301.756,24.55,201,703506.605020617,"Acre",201,703506.605020617,3,2012,"Acre",301.756,24.55,1
135,"2012-04",258.084,24.68,165,703506.605020617,"Acre",165,703506.605020617,4,2012,"Acre",258.084,24.68,1
136,"2012-05",121.748,24.17,168,703506.605020617,"Acre",168,703506.605020617,5,2012,"Acre",121.748,24.17,1
137,"2012-06",74.151,23.62,90,703506.605020617,"Acre",90,703506.605020617,6,2012,"Acre",74.151,23.62,1
138,"2012-07",25.579,24.12,67,703506.605020617,"Acre",67,703506.605020617,7,2012,"Acre",25.579,24.12,1
139,"2012-08",37.871,25.95,51,703506.605020617,"Acre",51,703506.605020617,8,2012,"Acre",37.871,25.95,1
140,"2012-09",115.208,26.36,39,703506.605020617,"Acre",39,703506.605020617,9,2012,"Acre",115.208,26.36,1
141,"2012-10",186.395,25.55,111,703506.605020617,"Acre",111,703506.605020617,10,2012,"Acre",186.395,25.55,1
142,"2012-11",272.71,25.62,280,703506.605020617,"Acre",280,703506.605020617,11,2012,"Acre",272.71,25.62,1
143,"2012-12",297.785,24.84,501,703506.605020617,"Acre",501,703506.605020617,12,2012,"Acre",297.785,24.84,1
144,"2013-01",324.667,25.07,714,709680.781219672,"Acre",714,709680.781219672,1,2013,"Acre",324.667,25.07,1
145,"2013-02",318.066,24.91,584,709680.781219672,"Acre",584,709680.781219672,2,2013,"Acre",318.066,24.91,1
146,"2013-03",336.252,24.99,437,709680.781219672,"Acre",437,709680.781219672,3,2013,"Acre",336.252,24.99,1
147,"2013-04",117.427,25.19,204,709680.781219672,"Acre",204,709680.781219672,4,2013,"Acre",117.427,25.19,1
148,"2013-05",113.301,24.63,95,709680.781219672,"Acre",95,709680.781219672,5,2013,"Acre",113.301,24.63,1
149,"2013-06",102.461,24.33,82,709680.781219672,"Acre",82,709680.781219672,6,2013,"Acre",102.461,24.33,1
150,"2013-07",43.859,23.74,71,709680.781219672,"Acre",71,709680.781219672,7,2013,"Acre",43.859,23.74,1
151,"2013-08",66.639,24.26,21,709680.781219672,"Acre",21,709680.781219672,8,2013,"Acre",66.639,24.26,1
152,"2013-09",108.458,25.63,23,709680.781219672,"Acre",23,709680.781219672,9,2013,"Acre",108.458,25.63,1
153,"2013-10",209.41,25.3,21,709680.781219672,"Acre",21,709680.781219672,10,2013,"Acre",209.41,25.3,1
154,"2013-11",240.909,25.05,74,709680.781219672,"Acre",74,709680.781219672,11,2013,"Acre",240.909,25.05,1
155,"2013-12",237.702,25.41,105,709680.781219672,"Acre",105,709680.781219672,12,2013,"Acre",237.702,25.41,1
156,"2014-01",321.821,24.56,330,715780.824942924,"Acre",330,715780.824942924,1,2014,"Acre",321.821,24.56,1
157,"2014-02",281.842,24.64,126,715780.824942924,"Acre",126,715780.824942924,2,2014,"Acre",281.842,24.64,1
158,"2014-03",293.87,24.65,203,715780.824942924,"Acre",203,715780.824942924,3,2014,"Acre",293.87,24.65,1
159,"2014-04",223.282,24.69,293,715780.824942924,"Acre",293,715780.824942924,4,2014,"Acre",223.282,24.69,1
160,"2014-05",132.623,24,439,715780.824942924,"Acre",439,715780.824942924,5,2014,"Acre",132.623,24,1
161,"2014-06",72.219,23.89,428,715780.824942924,"Acre",428,715780.824942924,6,2014,"Acre",72.219,23.89,1
162,"2014-07",53.068,23.62,609,715780.824942924,"Acre",609,715780.824942924,7,2014,"Acre",53.068,23.62,1
163,"2014-08",85.662,24.84,1679,715780.824942924,"Acre",1679,715780.824942924,8,2014,"Acre",85.662,24.84,1
164,"2014-09",124.432,25.99,7091,715780.824942924,"Acre",7091,715780.824942924,9,2014,"Acre",124.432,25.99,1
165,"2014-10",206.418,25.53,8059,715780.824942924,"Acre",8059,715780.824942924,10,2014,"Acre",206.418,25.53,1
166,"2014-11",283.96,24.99,5626,715780.824942924,"Acre",5626,715780.824942924,11,2014,"Acre",283.96,24.99,1
167,"2014-12",277.762,25,3767,715780.824942924,"Acre",3767,715780.824942924,12,2014,"Acre",277.762,25,1
168,"2015-01",336.277,24.28,2334,721810.266308267,"Acre",2334,721810.266308267,1,2015,"Acre",336.277,24.28,1
169,"2015-02",287.955,24.97,1452,721810.266308267,"Acre",1452,721810.266308267,2,2015,"Acre",287.955,24.97,1
170,"2015-03",333.485,24.76,929,721810.266308267,"Acre",929,721810.266308267,3,2015,"Acre",333.485,24.76,1
171,"2015-04",267.523,24.58,342,721810.266308267,"Acre",342,721810.266308267,4,2015,"Acre",267.523,24.58,1
172,"2015-05",187.802,24.09,245,721810.266308267,"Acre",245,721810.266308267,5,2015,"Acre",187.802,24.09,1
173,"2015-06",69.643,24.19,224,721810.266308267,"Acre",224,721810.266308267,6,2015,"Acre",69.643,24.19,1
174,"2015-07",52.826,24.4,114,721810.266308267,"Acre",114,721810.266308267,7,2015,"Acre",52.826,24.4,1
175,"2015-08",64.388,26.55,55,721810.266308267,"Acre",55,721810.266308267,8,2015,"Acre",64.388,26.55,1
176,"2015-09",82.956,26.91,71,721810.266308267,"Acre",71,721810.266308267,9,2015,"Acre",82.956,26.91,1
177,"2015-10",130.737,26.94,80,721810.266308267,"Acre",80,721810.266308267,10,2015,"Acre",130.737,26.94,1
178,"2015-11",212.699,26.1,88,721810.266308267,"Acre",88,721810.266308267,11,2015,"Acre",212.699,26.1,1
179,"2015-12",204.918,25.92,162,721810.266308267,"Acre",162,721810.266308267,12,2015,"Acre",204.918,25.92,1
180,"2016-01",212.224,26.35,270,727779.695669389,"Acre",270,727779.695669389,1,2016,"Acre",212.224,26.35,1
181,"2016-02",269.139,25.73,445,727779.695669389,"Acre",445,727779.695669389,2,2016,"Acre",269.139,25.73,1
182,"2016-03",273.161,25.55,354,727779.695669389,"Acre",354,727779.695669389,3,2016,"Acre",273.161,25.55,1
183,"2016-04",163.655,25.29,244,727779.695669389,"Acre",244,727779.695669389,4,2016,"Acre",163.655,25.29,1
184,"2016-05",103.626,24.58,115,727779.695669389,"Acre",115,727779.695669389,5,2016,"Acre",103.626,24.58,1
185,"2016-06",41.121,23.98,70,727779.695669389,"Acre",70,727779.695669389,6,2016,"Acre",41.121,23.98,1
186,"2016-07",20.072,25.62,68,727779.695669389,"Acre",68,727779.695669389,7,2016,"Acre",20.072,25.62,1
187,"2016-08",76.28,26.35,46,727779.695669389,"Acre",46,727779.695669389,8,2016,"Acre",76.28,26.35,1
188,"2016-09",143.498,25.6,43,727779.695669389,"Acre",43,727779.695669389,9,2016,"Acre",143.498,25.6,1
189,"2016-10",186.362,25.68,42,727779.695669389,"Acre",42,727779.695669389,10,2016,"Acre",186.362,25.68,1
190,"2016-11",205.542,25.47,65,727779.695669389,"Acre",65,727779.695669389,11,2016,"Acre",205.542,25.47,1
191,"2016-12",247.881,25.39,103,727779.695669389,"Acre",103,727779.695669389,12,2016,"Acre",247.881,25.39,1
0,"2001-01",33.255,25.56,NA,1678325.5078125,"Alagoas",NA,1678325.5078125,1,2001,"Alagoas",33.255,25.56,0
1,"2001-02",27.669,26.58,NA,1678325.5078125,"Alagoas",NA,1678325.5078125,2,2001,"Alagoas",27.669,26.58,0
2,"2001-03",61.591,25.91,1958,1678325.5078125,"Alagoas",1958,1678325.5078125,3,2001,"Alagoas",61.591,25.91,0
3,"2001-04",43.929,25.25,3153,1678325.5078125,"Alagoas",3153,1678325.5078125,4,2001,"Alagoas",43.929,25.25,0
4,"2001-05",36.079,25.33,2886,1678325.5078125,"Alagoas",2886,1678325.5078125,5,2001,"Alagoas",36.079,25.33,0
5,"2001-06",124.344,22.95,628,1678325.5078125,"Alagoas",628,1678325.5078125,6,2001,"Alagoas",124.344,22.95,0
6,"2001-07",103.309,22.41,139,1678325.5078125,"Alagoas",139,1678325.5078125,7,2001,"Alagoas",103.309,22.41,0
7,"2001-08",75.879,21.97,114,1678325.5078125,"Alagoas",114,1678325.5078125,8,2001,"Alagoas",75.879,21.97,0
8,"2001-09",43.946,23.59,118,1678325.5078125,"Alagoas",118,1678325.5078125,9,2001,"Alagoas",43.946,23.59,0
9,"2001-10",52.355,24.79,178,1678325.5078125,"Alagoas",178,1678325.5078125,10,2001,"Alagoas",52.355,24.79,0
10,"2001-11",20.305,25.91,439,1678325.5078125,"Alagoas",439,1678325.5078125,11,2001,"Alagoas",20.305,25.91,0
11,"2001-12",56.527,25.97,882,1678325.5078125,"Alagoas",882,1678325.5078125,12,2001,"Alagoas",56.527,25.97,0
12,"2002-01",125.603,24.95,4457,1693094.203125,"Alagoas",4457,1693094.203125,1,2002,"Alagoas",125.603,24.95,0
13,"2002-02",72.908,25.52,4855,1693094.203125,"Alagoas",4855,1693094.203125,2,2002,"Alagoas",72.908,25.52,0
14,"2002-03",69.623,25.59,4111,1693094.203125,"Alagoas",4111,1693094.203125,3,2002,"Alagoas",69.623,25.59,0
15,"2002-04",61.058,25.26,1943,1693094.203125,"Alagoas",1943,1693094.203125,4,2002,"Alagoas",61.058,25.26,0
16,"2002-05",101.123,24.26,656,1693094.203125,"Alagoas",656,1693094.203125,5,2002,"Alagoas",101.123,24.26,0
17,"2002-06",161.556,22.81,229,1693094.203125,"Alagoas",229,1693094.203125,6,2002,"Alagoas",161.556,22.81,0
18,"2002-07",75.618,22.68,160,1693094.203125,"Alagoas",160,1693094.203125,7,2002,"Alagoas",75.618,22.68,0
19,"2002-08",71.353,22.23,148,1693094.203125,"Alagoas",148,1693094.203125,8,2002,"Alagoas",71.353,22.23,0
20,"2002-09",31.554,23.82,163,1693094.203125,"Alagoas",163,1693094.203125,9,2002,"Alagoas",31.554,23.82,0
21,"2002-10",33.814,24.62,148,1693094.203125,"Alagoas",148,1693094.203125,10,2002,"Alagoas",33.814,24.62,0
22,"2002-11",26.948,25.82,202,1693094.203125,"Alagoas",202,1693094.203125,11,2002,"Alagoas",26.948,25.82,0
23,"2002-12",34.679,26.76,383,1693094.203125,"Alagoas",383,1693094.203125,12,2002,"Alagoas",34.679,26.76,0
24,"2003-01",55.754,27.3,677,1707744.796875,"Alagoas",677,1707744.796875,1,2003,"Alagoas",55.754,27.3,0
25,"2003-02",50.087,26.07,919,1707744.796875,"Alagoas",919,1707744.796875,2,2003,"Alagoas",50.087,26.07,0
26,"2003-03",78.787,26.12,909,1707744.796875,"Alagoas",909,1707744.796875,3,2003,"Alagoas",78.787,26.12,0
27,"2003-04",38.554,26.27,832,1707744.796875,"Alagoas",832,1707744.796875,4,2003,"Alagoas",38.554,26.27,0
28,"2003-05",63.304,25.05,937,1707744.796875,"Alagoas",937,1707744.796875,5,2003,"Alagoas",63.304,25.05,0
29,"2003-06",84.123,23.48,657,1707744.796875,"Alagoas",657,1707744.796875,6,2003,"Alagoas",84.123,23.48,0
30,"2003-07",65.095,22.63,451,1707744.796875,"Alagoas",451,1707744.796875,7,2003,"Alagoas",65.095,22.63,0
31,"2003-08",47.507,23.23,253,1707744.796875,"Alagoas",253,1707744.796875,8,2003,"Alagoas",47.507,23.23,0
32,"2003-09",55.189,23.87,219,1707744.796875,"Alagoas",219,1707744.796875,9,2003,"Alagoas",55.189,23.87,0
33,"2003-10",41.301,24.88,254,1707744.796875,"Alagoas",254,1707744.796875,10,2003,"Alagoas",41.301,24.88,0
34,"2003-11",34.986,25.98,399,1707744.796875,"Alagoas",399,1707744.796875,11,2003,"Alagoas",34.986,25.98,0
35,"2003-12",22.743,26.8,468,1707744.796875,"Alagoas",468,1707744.796875,12,2003,"Alagoas",22.743,26.8,0
36,"2004-01",259.481,25.61,879,1722277.21875,"Alagoas",879,1722277.21875,1,2004,"Alagoas",259.481,25.61,0
37,"2004-02",96.29,25.35,609,1722277.21875,"Alagoas",609,1722277.21875,2,2004,"Alagoas",96.29,25.35,0
38,"2004-03",39.594,25.97,681,1722277.21875,"Alagoas",681,1722277.21875,3,2004,"Alagoas",39.594,25.97,0
39,"2004-04",50.893,25.69,642,1722277.21875,"Alagoas",642,1722277.21875,4,2004,"Alagoas",50.893,25.69,0
40,"2004-05",66.98,24.62,579,1722277.21875,"Alagoas",579,1722277.21875,5,2004,"Alagoas",66.98,24.62,0
41,"2004-06",162.329,22.77,186,1722277.21875,"Alagoas",186,1722277.21875,6,2004,"Alagoas",162.329,22.77,0
42,"2004-07",112.721,22.05,117,1722277.21875,"Alagoas",117,1722277.21875,7,2004,"Alagoas",112.721,22.05,0
43,"2004-08",69.322,22.4,108,1722277.21875,"Alagoas",108,1722277.21875,8,2004,"Alagoas",69.322,22.4,0
44,"2004-09",65.776,22.9,74,1722277.21875,"Alagoas",74,1722277.21875,9,2004,"Alagoas",65.776,22.9,0
45,"2004-10",26.28,24.94,133,1722277.21875,"Alagoas",133,1722277.21875,10,2004,"Alagoas",26.28,24.94,0
46,"2004-11",19.581,26.02,103,1722277.21875,"Alagoas",103,1722277.21875,11,2004,"Alagoas",19.581,26.02,0
47,"2004-12",12.506,26.78,195,1722277.21875,"Alagoas",195,1722277.21875,12,2004,"Alagoas",12.506,26.78,0
48,"2005-01",16.009,27.58,125,1736691.28125,"Alagoas",125,1736691.28125,1,2005,"Alagoas",16.009,27.58,0
49,"2005-02",44.28,27.12,504,1736691.28125,"Alagoas",504,1736691.28125,2,2005,"Alagoas",44.28,27.12,0
50,"2005-03",87.622,27.06,418,1736691.28125,"Alagoas",418,1736691.28125,3,2005,"Alagoas",87.622,27.06,0
51,"2005-04",53.972,25.51,425,1736691.28125,"Alagoas",425,1736691.28125,4,2005,"Alagoas",53.972,25.51,0
52,"2005-05",134.021,24.24,390,1736691.28125,"Alagoas",390,1736691.28125,5,2005,"Alagoas",134.021,24.24,0
53,"2005-06",126.931,23.28,234,1736691.28125,"Alagoas",234,1736691.28125,6,2005,"Alagoas",126.931,23.28,0
54,"2005-07",98.623,22.17,115,1736691.28125,"Alagoas",115,1736691.28125,7,2005,"Alagoas",98.623,22.17,0
55,"2005-08",82.468,22.26,114,1736691.28125,"Alagoas",114,1736691.28125,8,2005,"Alagoas",82.468,22.26,0
56,"2005-09",44.073,23.66,80,1736691.28125,"Alagoas",80,1736691.28125,9,2005,"Alagoas",44.073,23.66,0
57,"2005-10",28.668,24.97,92,1736691.28125,"Alagoas",92,1736691.28125,10,2005,"Alagoas",28.668,24.97,0
58,"2005-11",15.939,26.27,137,1736691.28125,"Alagoas",137,1736691.28125,11,2005,"Alagoas",15.939,26.27,0
59,"2005-12",63.592,25.82,135,1736691.28125,"Alagoas",135,1736691.28125,12,2005,"Alagoas",63.592,25.82,0
60,"2006-01",29.714,25.91,383,1755725.86631154,"Alagoas",383,1755725.86631154,1,2006,"Alagoas",29.714,25.91,0
61,"2006-02",27.389,27.23,431,1755725.86631154,"Alagoas",431,1755725.86631154,2,2006,"Alagoas",27.389,27.23,0
62,"2006-03",68.196,26.93,712,1755725.86631154,"Alagoas",712,1755725.86631154,3,2006,"Alagoas",68.196,26.93,0
63,"2006-04",93.645,25.67,1080,1755725.86631154,"Alagoas",1080,1755725.86631154,4,2006,"Alagoas",93.645,25.67,0
64,"2006-05",120.595,24.2,671,1755725.86631154,"Alagoas",671,1755725.86631154,5,2006,"Alagoas",120.595,24.2,0
65,"2006-06",146.901,22.69,287,1755725.86631154,"Alagoas",287,1755725.86631154,6,2006,"Alagoas",146.901,22.69,0
66,"2006-07",118.663,22.06,216,1755725.86631154,"Alagoas",216,1755725.86631154,7,2006,"Alagoas",118.663,22.06,0
67,"2006-08",56.906,22.49,180,1755725.86631154,"Alagoas",180,1755725.86631154,8,2006,"Alagoas",56.906,22.49,0
68,"2006-09",38.489,23.69,115,1755725.86631154,"Alagoas",115,1755725.86631154,9,2006,"Alagoas",38.489,23.69,0
69,"2006-10",29.298,25.24,162,1755725.86631154,"Alagoas",162,1755725.86631154,10,2006,"Alagoas",29.298,25.24,0
70,"2006-11",26.52,26.19,463,1755725.86631154,"Alagoas",463,1755725.86631154,11,2006,"Alagoas",26.52,26.19,0
71,"2006-12",19.608,26.84,1054,1755725.86631154,"Alagoas",1054,1755725.86631154,12,2006,"Alagoas",19.608,26.84,0
72,"2007-01",24.923,27.03,12584,1774041.9890938,"Alagoas",12584,1774041.9890938,1,2007,"Alagoas",24.923,27.03,0
73,"2007-02",155.677,26.23,16456,1774041.9890938,"Alagoas",16456,1774041.9890938,2,2007,"Alagoas",155.677,26.23,0
74,"2007-03",85.654,25,12696,1774041.9890938,"Alagoas",12696,1774041.9890938,3,2007,"Alagoas",85.654,25,0
75,"2007-04",66.339,25.26,4799,1774041.9890938,"Alagoas",4799,1774041.9890938,4,2007,"Alagoas",66.339,25.26,0
76,"2007-05",88.205,24.02,1973,1774041.9890938,"Alagoas",1973,1774041.9890938,5,2007,"Alagoas",88.205,24.02,0
77,"2007-06",102.652,22.94,906,1774041.9890938,"Alagoas",906,1774041.9890938,6,2007,"Alagoas",102.652,22.94,0
78,"2007-07",79.088,22.3,1090,1774041.9890938,"Alagoas",1090,1774041.9890938,7,2007,"Alagoas",79.088,22.3,0
79,"2007-08",90.187,21.97,729,1774041.9890938,"Alagoas",729,1774041.9890938,8,2007,"Alagoas",90.187,21.97,0
80,"2007-09",68.089,22.46,426,1774041.9890938,"Alagoas",426,1774041.9890938,9,2007,"Alagoas",68.089,22.46,0
81,"2007-10",37.193,24.09,373,1774041.9890938,"Alagoas",373,1774041.9890938,10,2007,"Alagoas",37.193,24.09,0
82,"2007-11",17.637,25.76,334,1774041.9890938,"Alagoas",334,1774041.9890938,11,2007,"Alagoas",17.637,25.76,0
83,"2007-12",24.982,26.12,703,1774041.9890938,"Alagoas",703,1774041.9890938,12,2007,"Alagoas",24.982,26.12,0
84,"2008-01",35.985,26.11,418,1791770.27910211,"Alagoas",418,1791770.27910211,1,2008,"Alagoas",35.985,26.11,0
85,"2008-02",63.279,26.75,486,1791770.27910211,"Alagoas",486,1791770.27910211,2,2008,"Alagoas",63.279,26.75,0
86,"2008-03",165.232,25.35,930,1791770.27910211,"Alagoas",930,1791770.27910211,3,2008,"Alagoas",165.232,25.35,0
87,"2008-04",75.679,25.02,3051,1791770.27910211,"Alagoas",3051,1791770.27910211,4,2008,"Alagoas",75.679,25.02,0
88,"2008-05",130.282,23.94,1854,1791770.27910211,"Alagoas",1854,1791770.27910211,5,2008,"Alagoas",130.282,23.94,0
89,"2008-06",86.272,22.57,533,1791770.27910211,"Alagoas",533,1791770.27910211,6,2008,"Alagoas",86.272,22.57,0
90,"2008-07",98.313,21.82,194,1791770.27910211,"Alagoas",194,1791770.27910211,7,2008,"Alagoas",98.313,21.82,0
91,"2008-08",88.604,22.17,152,1791770.27910211,"Alagoas",152,1791770.27910211,8,2008,"Alagoas",88.604,22.17,0
92,"2008-09",36.521,23.76,97,1791770.27910211,"Alagoas",97,1791770.27910211,9,2008,"Alagoas",36.521,23.76,0
93,"2008-10",43.22,24.62,120,1791770.27910211,"Alagoas",120,1791770.27910211,10,2008,"Alagoas",43.22,24.62,0
94,"2008-11",9.647,26.3,134,1791770.27910211,"Alagoas",134,1791770.27910211,11,2008,"Alagoas",9.647,26.3,0
95,"2008-12",17.207,26.88,114,1791770.27910211,"Alagoas",114,1791770.27910211,12,2008,"Alagoas",17.207,26.88,0
96,"2009-01",27.532,26.93,234,1809097.34991548,"Alagoas",234,1809097.34991548,1,2009,"Alagoas",27.532,26.93,0
97,"2009-02",85.438,26.09,408,1809097.34991548,"Alagoas",408,1809097.34991548,2,2009,"Alagoas",85.438,26.09,0
98,"2009-03",53.659,26.65,739,1809097.34991548,"Alagoas",739,1809097.34991548,3,2009,"Alagoas",53.659,26.65,0
99,"2009-04",84.645,26.22,546,1809097.34991548,"Alagoas",546,1809097.34991548,4,2009,"Alagoas",84.645,26.22,0
100,"2009-05",277.905,23.94,526,1809097.34991548,"Alagoas",526,1809097.34991548,5,2009,"Alagoas",277.905,23.94,0
101,"2009-06",96.927,23.43,307,1809097.34991548,"Alagoas",307,1809097.34991548,6,2009,"Alagoas",96.927,23.43,0
102,"2009-07",92.059,22.71,215,1809097.34991548,"Alagoas",215,1809097.34991548,7,2009,"Alagoas",92.059,22.71,0
103,"2009-08",98.17,22.64,241,1809097.34991548,"Alagoas",241,1809097.34991548,8,2009,"Alagoas",98.17,22.64,0
104,"2009-09",31.16,23.93,167,1809097.34991548,"Alagoas",167,1809097.34991548,9,2009,"Alagoas",31.16,23.93,0
105,"2009-10",20.422,25.88,213,1809097.34991548,"Alagoas",213,1809097.34991548,10,2009,"Alagoas",20.422,25.88,0
106,"2009-11",14.403,26.19,512,1809097.34991548,"Alagoas",512,1809097.34991548,11,2009,"Alagoas",14.403,26.19,0
107,"2009-12",40.254,26.7,1489,1809097.34991548,"Alagoas",1489,1809097.34991548,12,2009,"Alagoas",40.254,26.7,0
108,"2010-01",68.525,25.94,6859,1826144.50036031,"Alagoas",6859,1826144.50036031,1,2010,"Alagoas",68.525,25.94,0
109,"2010-02",50.955,26.67,10277,1826144.50036031,"Alagoas",10277,1826144.50036031,2,2010,"Alagoas",50.955,26.67,0
110,"2010-03",37.643,27.52,14345,1826144.50036031,"Alagoas",14345,1826144.50036031,3,2010,"Alagoas",37.643,27.52,0
111,"2010-04",189.813,25.58,11854,1826144.50036031,"Alagoas",11854,1826144.50036031,4,2010,"Alagoas",189.813,25.58,0
112,"2010-05",58.791,24.97,6969,1826144.50036031,"Alagoas",6969,1826144.50036031,5,2010,"Alagoas",58.791,24.97,0
113,"2010-06",175.966,23.28,3163,1826144.50036031,"Alagoas",3163,1826144.50036031,6,2010,"Alagoas",175.966,23.28,0
114,"2010-07",88.176,22.5,2010,1826144.50036031,"Alagoas",2010,1826144.50036031,7,2010,"Alagoas",88.176,22.5,0
115,"2010-08",59.636,21.96,1248,1826144.50036031,"Alagoas",1248,1826144.50036031,8,2010,"Alagoas",59.636,21.96,0
116,"2010-09",64.96,22.75,871,1826144.50036031,"Alagoas",871,1826144.50036031,9,2010,"Alagoas",64.96,22.75,0
117,"2010-10",54.685,25.2,659,1826144.50036031,"Alagoas",659,1826144.50036031,10,2010,"Alagoas",54.685,25.2,0
118,"2010-11",14.509,25.95,805,1826144.50036031,"Alagoas",805,1826144.50036031,11,2010,"Alagoas",14.509,25.95,0
119,"2010-12",39.527,26.32,1148,1826144.50036031,"Alagoas",1148,1826144.50036031,12,2010,"Alagoas",39.527,26.32,0
120,"2011-01",71.302,25.86,1078,1842949.05315238,"Alagoas",1078,1842949.05315238,1,2011,"Alagoas",71.302,25.86,0
121,"2011-02",65.717,25.94,1315,1842949.05315238,"Alagoas",1315,1842949.05315238,2,2011,"Alagoas",65.717,25.94,0
122,"2011-03",48.674,26.8,1659,1842949.05315238,"Alagoas",1659,1842949.05315238,3,2011,"Alagoas",48.674,26.8,0
123,"2011-04",162.977,25.22,1488,1842949.05315238,"Alagoas",1488,1842949.05315238,4,2011,"Alagoas",162.977,25.22,0
124,"2011-05",193.854,23.64,1141,1842949.05315238,"Alagoas",1141,1842949.05315238,5,2011,"Alagoas",193.854,23.64,0
125,"2011-06",83.195,23.03,654,1842949.05315238,"Alagoas",654,1842949.05315238,6,2011,"Alagoas",83.195,23.03,0
126,"2011-07",192.181,22.06,359,1842949.05315238,"Alagoas",359,1842949.05315238,7,2011,"Alagoas",192.181,22.06,0
127,"2011-08",54.96,22.4,392,1842949.05315238,"Alagoas",392,1842949.05315238,8,2011,"Alagoas",54.96,22.4,0
128,"2011-09",62.024,22.53,364,1842949.05315238,"Alagoas",364,1842949.05315238,9,2011,"Alagoas",62.024,22.53,0
129,"2011-10",45.151,24.54,401,1842949.05315238,"Alagoas",401,1842949.05315238,10,2011,"Alagoas",45.151,24.54,0
130,"2011-11",63.468,24.89,274,1842949.05315238,"Alagoas",274,1842949.05315238,11,2011,"Alagoas",63.468,24.89,0
131,"2011-12",19.886,26.09,190,1842949.05315238,"Alagoas",190,1842949.05315238,12,2011,"Alagoas",19.886,26.09,0
132,"2012-01",55.847,25.66,1652,1859483.01625486,"Alagoas",1652,1859483.01625486,1,2012,"Alagoas",55.847,25.66,0
133,"2012-02",48.368,25.52,1673,1859483.01625486,"Alagoas",1673,1859483.01625486,2,2012,"Alagoas",48.368,25.52,0
134,"2012-03",32.159,25.85,2667,1859483.01625486,"Alagoas",2667,1859483.01625486,3,2012,"Alagoas",32.159,25.85,0
135,"2012-04",23.154,25.71,3109,1859483.01625486,"Alagoas",3109,1859483.01625486,4,2012,"Alagoas",23.154,25.71,0
136,"2012-05",43.609,24.78,2754,1859483.01625486,"Alagoas",2754,1859483.01625486,5,2012,"Alagoas",43.609,24.78,0
137,"2012-06",59.869,23.59,1507,1859483.01625486,"Alagoas",1507,1859483.01625486,6,2012,"Alagoas",59.869,23.59,0
138,"2012-07",66.403,22.29,1255,1859483.01625486,"Alagoas",1255,1859483.01625486,7,2012,"Alagoas",66.403,22.29,0
139,"2012-08",60.064,21.99,883,1859483.01625486,"Alagoas",883,1859483.01625486,8,2012,"Alagoas",60.064,21.99,0
140,"2012-09",31.338,23.32,596,1859483.01625486,"Alagoas",596,1859483.01625486,9,2012,"Alagoas",31.338,23.32,0
141,"2012-10",30.836,24.1,420,1859483.01625486,"Alagoas",420,1859483.01625486,10,2012,"Alagoas",30.836,24.1,0
142,"2012-11",10.6,26.45,559,1859483.01625486,"Alagoas",559,1859483.01625486,11,2012,"Alagoas",10.6,26.45,0
143,"2012-12",16.52,26.46,2309,1859483.01625486,"Alagoas",2309,1859483.01625486,12,2012,"Alagoas",16.52,26.46,0
144,"2013-01",24.237,26.95,17503,1875802.37374145,"Alagoas",17503,1875802.37374145,1,2013,"Alagoas",24.237,26.95,0
145,"2013-02",20.807,26.85,13832,1875802.37374145,"Alagoas",13832,1875802.37374145,2,2013,"Alagoas",20.807,26.85,0
146,"2013-03",23.964,27.1,6169,1875802.37374145,"Alagoas",6169,1875802.37374145,3,2013,"Alagoas",23.964,27.1,0
147,"2013-04",72.23,26.44,3258,1875802.37374145,"Alagoas",3258,1875802.37374145,4,2013,"Alagoas",72.23,26.44,0
148,"2013-05",77.965,24.43,2159,1875802.37374145,"Alagoas",2159,1875802.37374145,5,2013,"Alagoas",77.965,24.43,0
149,"2013-06",61.4,23.81,1416,1875802.37374145,"Alagoas",1416,1875802.37374145,6,2013,"Alagoas",61.4,23.81,0
150,"2013-07",152.796,22.65,1257,1875802.37374145,"Alagoas",1257,1875802.37374145,7,2013,"Alagoas",152.796,22.65,0
151,"2013-08",65.818,22.59,740,1875802.37374145,"Alagoas",740,1875802.37374145,8,2013,"Alagoas",65.818,22.59,0
152,"2013-09",44.268,23.62,701,1875802.37374145,"Alagoas",701,1875802.37374145,9,2013,"Alagoas",44.268,23.62,0
153,"2013-10",67.856,24.47,792,1875802.37374145,"Alagoas",792,1875802.37374145,10,2013,"Alagoas",67.856,24.47,0
154,"2013-11",42.489,25.07,808,1875802.37374145,"Alagoas",808,1875802.37374145,11,2013,"Alagoas",42.489,25.07,0
155,"2013-12",43.661,26.31,683,1875802.37374145,"Alagoas",683,1875802.37374145,12,2013,"Alagoas",43.661,26.31,0
156,"2014-01",31.732,26.07,759,1891925.78697005,"Alagoas",759,1891925.78697005,1,2014,"Alagoas",31.732,26.07,0
157,"2014-02",41.234,25.88,828,1891925.78697005,"Alagoas",828,1891925.78697005,2,2014,"Alagoas",41.234,25.88,0
158,"2014-03",58.821,26.07,1090,1891925.78697005,"Alagoas",1090,1891925.78697005,3,2014,"Alagoas",58.821,26.07,0
159,"2014-04",88.865,25.85,1569,1891925.78697005,"Alagoas",1569,1891925.78697005,4,2014,"Alagoas",88.865,25.85,0
160,"2014-05",100.133,24.2,1941,1891925.78697005,"Alagoas",1941,1891925.78697005,5,2014,"Alagoas",100.133,24.2,0
161,"2014-06",80.363,23.29,1350,1891925.78697005,"Alagoas",1350,1891925.78697005,6,2014,"Alagoas",80.363,23.29,0
162,"2014-07",84.025,22.64,1316,1891925.78697005,"Alagoas",1316,1891925.78697005,7,2014,"Alagoas",84.025,22.64,0
163,"2014-08",66.229,22.3,872,1891925.78697005,"Alagoas",872,1891925.78697005,8,2014,"Alagoas",66.229,22.3,0
164,"2014-09",57.834,23.4,598,1891925.78697005,"Alagoas",598,1891925.78697005,9,2014,"Alagoas",57.834,23.4,0
165,"2014-10",81.359,23.96,504,1891925.78697005,"Alagoas",504,1891925.78697005,10,2014,"Alagoas",81.359,23.96,0
166,"2014-11",95.728,25.24,392,1891925.78697005,"Alagoas",392,1891925.78697005,11,2014,"Alagoas",95.728,25.24,0
167,"2014-12",36.89,25.42,389,1891925.78697005,"Alagoas",389,1891925.78697005,12,2014,"Alagoas",36.89,25.42,0
168,"2015-01",30.252,26.09,1203,1907862.58661962,"Alagoas",1203,1907862.58661962,1,2015,"Alagoas",30.252,26.09,0
169,"2015-02",62.402,26.15,1648,1907862.58661962,"Alagoas",1648,1907862.58661962,2,2015,"Alagoas",62.402,26.15,0
170,"2015-03",48.123,26.36,4943,1907862.58661962,"Alagoas",4943,1907862.58661962,3,2015,"Alagoas",48.123,26.36,0
171,"2015-04",26.921,26.85,6032,1907862.58661962,"Alagoas",6032,1907862.58661962,4,2015,"Alagoas",26.921,26.85,0
172,"2015-05",59.344,25.39,4604,1907862.58661962,"Alagoas",4604,1907862.58661962,5,2015,"Alagoas",59.344,25.39,0
173,"2015-06",91.233,23.66,2817,1907862.58661962,"Alagoas",2817,1907862.58661962,6,2015,"Alagoas",91.233,23.66,0
174,"2015-07",94.195,22.84,1990,1907862.58661962,"Alagoas",1990,1907862.58661962,7,2015,"Alagoas",94.195,22.84,0
175,"2015-08",52.979,22.74,1465,1907862.58661962,"Alagoas",1465,1907862.58661962,8,2015,"Alagoas",52.979,22.74,0
176,"2015-09",28.287,24.22,1780,1907862.58661962,"Alagoas",1780,1907862.58661962,9,2015,"Alagoas",28.287,24.22,0
177,"2015-10",21.944,25.24,2611,1907862.58661962,"Alagoas",2611,1907862.58661962,10,2015,"Alagoas",21.944,25.24,0
178,"2015-11",10.556,26.83,4515,1907862.58661962,"Alagoas",4515,1907862.58661962,11,2015,"Alagoas",10.556,26.83,0
179,"2015-12",27.721,26.66,6903,1907862.58661962,"Alagoas",6903,1907862.58661962,12,2015,"Alagoas",27.721,26.66,0
180,"2016-01",88.629,26.45,12829,1923640.76472701,"Alagoas",12829,1923640.76472701,1,2016,"Alagoas",88.629,26.45,0
181,"2016-02",42.645,26.32,10428,1923640.76472701,"Alagoas",10428,1923640.76472701,2,2016,"Alagoas",42.645,26.32,0
182,"2016-03",51.253,26.73,8636,1923640.76472701,"Alagoas",8636,1923640.76472701,3,2016,"Alagoas",51.253,26.73,0
183,"2016-04",51.151,25.99,5084,1923640.76472701,"Alagoas",5084,1923640.76472701,4,2016,"Alagoas",51.151,25.99,0
184,"2016-05",74.278,24.7,1905,1923640.76472701,"Alagoas",1905,1923640.76472701,5,2016,"Alagoas",74.278,24.7,0
185,"2016-06",60.298,23.88,1060,1923640.76472701,"Alagoas",1060,1923640.76472701,6,2016,"Alagoas",60.298,23.88,0
186,"2016-07",58.944,22.82,745,1923640.76472701,"Alagoas",745,1923640.76472701,7,2016,"Alagoas",58.944,22.82,0
187,"2016-08",30.864,23.31,631,1923640.76472701,"Alagoas",631,1923640.76472701,8,2016,"Alagoas",30.864,23.31,0
188,"2016-09",33.071,24.17,421,1923640.76472701,"Alagoas",421,1923640.76472701,9,2016,"Alagoas",33.071,24.17,0
189,"2016-10",26.022,25.7,245,1923640.76472701,"Alagoas",245,1923640.76472701,10,2016,"Alagoas",26.022,25.7,0
190,"2016-11",19.753,26.39,176,1923640.76472701,"Alagoas",176,1923640.76472701,11,2016,"Alagoas",19.753,26.39,0
191,"2016-12",25.775,26.82,212,1923640.76472701,"Alagoas",212,1923640.76472701,12,2016,"Alagoas",25.775,26.82,0
0,"2001-01",244.125,24.64,NA,412424.280321199,"Amapa",NA,412424.280321199,1,2001,"Amapa",244.125,24.64,0
1,"2001-02",196.473,25.16,NA,412424.280321199,"Amapa",NA,412424.280321199,2,2001,"Amapa",196.473,25.16,0
2,"2001-03",246.448,24.63,316,412424.280321199,"Amapa",316,412424.280321199,3,2001,"Amapa",246.448,24.63,0
3,"2001-04",95.784,25.3,242,412424.280321199,"Amapa",242,412424.280321199,4,2001,"Amapa",95.784,25.3,0
4,"2001-05",53.202,24.83,569,412424.280321199,"Amapa",569,412424.280321199,5,2001,"Amapa",53.202,24.83,0
5,"2001-06",11.906,23.49,418,412424.280321199,"Amapa",418,412424.280321199,6,2001,"Amapa",11.906,23.49,0
6,"2001-07",9.122,25.35,467,412424.280321199,"Amapa",467,412424.280321199,7,2001,"Amapa",9.122,25.35,0
7,"2001-08",7.308,26.84,740,412424.280321199,"Amapa",740,412424.280321199,8,2001,"Amapa",7.308,26.84,0
8,"2001-09",73.743,26.99,436,412424.280321199,"Amapa",436,412424.280321199,9,2001,"Amapa",73.743,26.99,0
9,"2001-10",170.021,26.08,234,412424.280321199,"Amapa",234,412424.280321199,10,2001,"Amapa",170.021,26.08,0
10,"2001-11",269.46,25.21,85,412424.280321199,"Amapa",85,412424.280321199,11,2001,"Amapa",269.46,25.21,0
11,"2001-12",310.885,24.78,19,412424.280321199,"Amapa",19,412424.280321199,12,2001,"Amapa",310.885,24.78,0
12,"2002-01",285.296,24.97,74,417393.001691416,"Amapa",74,417393.001691416,1,2002,"Amapa",285.296,24.97,0
13,"2002-02",290.324,24.92,252,417393.001691416,"Amapa",252,417393.001691416,2,2002,"Amapa",290.324,24.92,0
14,"2002-03",187.136,25.46,203,417393.001691416,"Amapa",203,417393.001691416,3,2002,"Amapa",187.136,25.46,0
15,"2002-04",75.017,25.68,82,417393.001691416,"Amapa",82,417393.001691416,4,2002,"Amapa",75.017,25.68,0
16,"2002-05",32.105,25.72,34,417393.001691416,"Amapa",34,417393.001691416,5,2002,"Amapa",32.105,25.72,0
17,"2002-06",0.795,24.95,37,417393.001691416,"Amapa",37,417393.001691416,6,2002,"Amapa",0.795,24.95,0
18,"2002-07",14.404,25.64,53,417393.001691416,"Amapa",53,417393.001691416,7,2002,"Amapa",14.404,25.64,0
19,"2002-08",14.396,27.32,112,417393.001691416,"Amapa",112,417393.001691416,8,2002,"Amapa",14.396,27.32,0
20,"2002-09",66.998,26.72,90,417393.001691416,"Amapa",90,417393.001691416,9,2002,"Amapa",66.998,26.72,0
21,"2002-10",102.215,27.56,31,417393.001691416,"Amapa",31,417393.001691416,10,2002,"Amapa",102.215,27.56,0
22,"2002-11",158.01,26.28,33,417393.001691416,"Amapa",33,417393.001691416,11,2002,"Amapa",158.01,26.28,0
23,"2002-12",254.112,25.69,31,417393.001691416,"Amapa",31,417393.001691416,12,2002,"Amapa",254.112,25.69,0
24,"2003-01",288.926,25.19,59,422360.414083882,"Amapa",59,422360.414083882,1,2003,"Amapa",288.926,25.19,0
25,"2003-02",216.761,25.01,90,422360.414083882,"Amapa",90,422360.414083882,2,2003,"Amapa",216.761,25.01,0
26,"2003-03",279.206,24.69,112,422360.414083882,"Amapa",112,422360.414083882,3,2003,"Amapa",279.206,24.69,0
27,"2003-04",143.879,24.71,99,422360.414083882,"Amapa",99,422360.414083882,4,2003,"Amapa",143.879,24.71,0
28,"2003-05",59.495,24.7,221,422360.414083882,"Amapa",221,422360.414083882,5,2003,"Amapa",59.495,24.7,0
29,"2003-06",9.854,24.71,288,422360.414083882,"Amapa",288,422360.414083882,6,2003,"Amapa",9.854,24.71,0
30,"2003-07",0.697,24.75,647,422360.414083882,"Amapa",647,422360.414083882,7,2003,"Amapa",0.697,24.75,0
31,"2003-08",11.017,26.12,1130,422360.414083882,"Amapa",1130,422360.414083882,8,2003,"Amapa",11.017,26.12,0
32,"2003-09",56.458,26.94,902,422360.414083882,"Amapa",902,422360.414083882,9,2003,"Amapa",56.458,26.94,0
33,"2003-10",167.593,25.9,250,422360.414083882,"Amapa",250,422360.414083882,10,2003,"Amapa",167.593,25.9,0
34,"2003-11",176.948,25.5,152,422360.414083882,"Amapa",152,422360.414083882,11,2003,"Amapa",176.948,25.5,0
35,"2003-12",198.036,25.91,70,422360.414083882,"Amapa",70,422360.414083882,12,2003,"Amapa",198.036,25.91,0
36,"2004-01",370.991,24.65,211,427326.660428831,"Amapa",211,427326.660428831,1,2004,"Amapa",370.991,24.65,0
37,"2004-02",315.721,24.25,246,427326.660428831,"Amapa",246,427326.660428831,2,2004,"Amapa",315.721,24.25,0
38,"2004-03",202.215,25.16,453,427326.660428831,"Amapa",453,427326.660428831,3,2004,"Amapa",202.215,25.16,0
39,"2004-04",134.463,25.2,297,427326.660428831,"Amapa",297,427326.660428831,4,2004,"Amapa",134.463,25.2,0
40,"2004-05",32.386,24.1,219,427326.660428831,"Amapa",219,427326.660428831,5,2004,"Amapa",32.386,24.1,0
41,"2004-06",4.656,24.43,237,427326.660428831,"Amapa",237,427326.660428831,6,2004,"Amapa",4.656,24.43,0
42,"2004-07",15.199,24.41,234,427326.660428831,"Amapa",234,427326.660428831,7,2004,"Amapa",15.199,24.41,0
43,"2004-08",7.458,26.22,211,427326.660428831,"Amapa",211,427326.660428831,8,2004,"Amapa",7.458,26.22,0
44,"2004-09",23.293,27.81,230,427326.660428831,"Amapa",230,427326.660428831,9,2004,"Amapa",23.293,27.81,0
45,"2004-10",131.689,26.74,148,427326.660428831,"Amapa",148,427326.660428831,10,2004,"Amapa",131.689,26.74,0
46,"2004-11",167.511,25.89,103,427326.660428831,"Amapa",103,427326.660428831,11,2004,"Amapa",167.511,25.89,0
47,"2004-12",230.879,25.54,144,427326.660428831,"Amapa",144,427326.660428831,12,2004,"Amapa",230.879,25.54,0
48,"2005-01",292.202,25.22,182,432291.845193492,"Amapa",182,432291.845193492,1,2005,"Amapa",292.202,25.22,0
49,"2005-02",222.018,25.41,388,432291.845193492,"Amapa",388,432291.845193492,2,2005,"Amapa",222.018,25.41,0
50,"2005-03",284.415,24.7,546,432291.845193492,"Amapa",546,432291.845193492,3,2005,"Amapa",284.415,24.7,0
51,"2005-04",92.252,25.26,376,432291.845193492,"Amapa",376,432291.845193492,4,2005,"Amapa",92.252,25.26,0
52,"2005-05",38.475,25.15,321,432291.845193492,"Amapa",321,432291.845193492,5,2005,"Amapa",38.475,25.15,0
53,"2005-06",5.507,25.36,160,432291.845193492,"Amapa",160,432291.845193492,6,2005,"Amapa",5.507,25.36,0
54,"2005-07",0.917,24.77,148,432291.845193492,"Amapa",148,432291.845193492,7,2005,"Amapa",0.917,24.77,0
55,"2005-08",4.195,26.94,160,432291.845193492,"Amapa",160,432291.845193492,8,2005,"Amapa",4.195,26.94,0
56,"2005-09",58.129,27.03,99,432291.845193492,"Amapa",99,432291.845193492,9,2005,"Amapa",58.129,27.03,0
57,"2005-10",118.117,27.09,50,432291.845193492,"Amapa",50,432291.845193492,10,2005,"Amapa",118.117,27.09,0
58,"2005-11",209.68,25.84,74,432291.845193492,"Amapa",74,432291.845193492,11,2005,"Amapa",209.68,25.84,0
59,"2005-12",340.803,24.39,50,432291.845193492,"Amapa",50,432291.845193492,12,2005,"Amapa",340.803,24.39,0
60,"2006-01",242.697,25.28,396,437029.875485684,"Amapa",396,437029.875485684,1,2006,"Amapa",242.697,25.28,0
61,"2006-02",294.439,24.85,355,437029.875485684,"Amapa",355,437029.875485684,2,2006,"Amapa",294.439,24.85,0
62,"2006-03",242.724,24.89,286,437029.875485684,"Amapa",286,437029.875485684,3,2006,"Amapa",242.724,24.89,0
63,"2006-04",175.861,24.32,122,437029.875485684,"Amapa",122,437029.875485684,4,2006,"Amapa",175.861,24.32,0
64,"2006-05",38.575,23.64,103,437029.875485684,"Amapa",103,437029.875485684,5,2006,"Amapa",38.575,23.64,0
65,"2006-06",0.388,24.87,62,437029.875485684,"Amapa",62,437029.875485684,6,2006,"Amapa",0.388,24.87,0
66,"2006-07",1.36,25.44,49,437029.875485684,"Amapa",49,437029.875485684,7,2006,"Amapa",1.36,25.44,0
67,"2006-08",4.104,27.32,58,437029.875485684,"Amapa",58,437029.875485684,8,2006,"Amapa",4.104,27.32,0
68,"2006-09",75.675,26.94,60,437029.875485684,"Amapa",60,437029.875485684,9,2006,"Amapa",75.675,26.94,0
69,"2006-10",218.131,25.55,104,437029.875485684,"Amapa",104,437029.875485684,10,2006,"Amapa",218.131,25.55,0
70,"2006-11",181.669,25.52,100,437029.875485684,"Amapa",100,437029.875485684,11,2006,"Amapa",181.669,25.52,0
71,"2006-12",288.923,25.05,148,437029.875485684,"Amapa",148,437029.875485684,12,2006,"Amapa",288.923,25.05,0
72,"2007-01",283.731,25.53,462,441589.068359984,"Amapa",462,441589.068359984,1,2007,"Amapa",283.731,25.53,0
73,"2007-02",332.485,24.45,554,441589.068359984,"Amapa",554,441589.068359984,2,2007,"Amapa",332.485,24.45,0
74,"2007-03",164.705,25.55,885,441589.068359984,"Amapa",885,441589.068359984,3,2007,"Amapa",164.705,25.55,0
75,"2007-04",94.19,25.72,646,441589.068359984,"Amapa",646,441589.068359984,4,2007,"Amapa",94.19,25.72,0
76,"2007-05",20.117,24.78,459,441589.068359984,"Amapa",459,441589.068359984,5,2007,"Amapa",20.117,24.78,0
77,"2007-06",2.136,25.18,126,441589.068359984,"Amapa",126,441589.068359984,6,2007,"Amapa",2.136,25.18,0
78,"2007-07",19.314,25.04,60,441589.068359984,"Amapa",60,441589.068359984,7,2007,"Amapa",19.314,25.04,0
79,"2007-08",1.239,26.29,59,441589.068359984,"Amapa",59,441589.068359984,8,2007,"Amapa",1.239,26.29,0
80,"2007-09",11.589,28.66,76,441589.068359984,"Amapa",76,441589.068359984,9,2007,"Amapa",11.589,28.66,0
81,"2007-10",130.892,27.16,39,441589.068359984,"Amapa",39,441589.068359984,10,2007,"Amapa",130.892,27.16,0
82,"2007-11",225.66,25.71,21,441589.068359984,"Amapa",21,441589.068359984,11,2007,"Amapa",225.66,25.71,0
83,"2007-12",279.883,24.97,108,441589.068359984,"Amapa",108,441589.068359984,12,2007,"Amapa",279.883,24.97,0
84,"2008-01",341.76,24.59,121,446001.939710554,"Amapa",121,446001.939710554,1,2008,"Amapa",341.76,24.59,0
85,"2008-02",294.261,24.43,105,446001.939710554,"Amapa",105,446001.939710554,2,2008,"Amapa",294.261,24.43,0
86,"2008-03",259.487,24.25,119,446001.939710554,"Amapa",119,446001.939710554,3,2008,"Amapa",259.487,24.25,0
87,"2008-04",152.045,24.4,117,446001.939710554,"Amapa",117,446001.939710554,4,2008,"Amapa",152.045,24.4,0
88,"2008-05",34.581,24.05,66,446001.939710554,"Amapa",66,446001.939710554,5,2008,"Amapa",34.581,24.05,0
89,"2008-06",1.543,24.27,33,446001.939710554,"Amapa",33,446001.939710554,6,2008,"Amapa",1.543,24.27,0
90,"2008-07",0.089,25.23,16,446001.939710554,"Amapa",16,446001.939710554,7,2008,"Amapa",0.089,25.23,0
91,"2008-08",3.08,27.45,20,446001.939710554,"Amapa",20,446001.939710554,8,2008,"Amapa",3.08,27.45,0
92,"2008-09",27.842,27.8,50,446001.939710554,"Amapa",50,446001.939710554,9,2008,"Amapa",27.842,27.8,0
93,"2008-10",127.64,27.22,198,446001.939710554,"Amapa",198,446001.939710554,10,2008,"Amapa",127.64,27.22,0
94,"2008-11",247.367,25.64,252,446001.939710554,"Amapa",252,446001.939710554,11,2008,"Amapa",247.367,25.64,0
95,"2008-12",312.386,24.66,84,446001.939710554,"Amapa",84,446001.939710554,12,2008,"Amapa",312.386,24.66,0
96,"2009-01",235.805,25.24,381,450314.94081477,"Amapa",381,450314.94081477,1,2009,"Amapa",235.805,25.24,0
97,"2009-02",285.885,24.88,326,450314.94081477,"Amapa",326,450314.94081477,2,2009,"Amapa",285.885,24.88,0
98,"2009-03",253.795,25.11,394,450314.94081477,"Amapa",394,450314.94081477,3,2009,"Amapa",253.795,25.11,0
99,"2009-04",200.736,24.57,198,450314.94081477,"Amapa",198,450314.94081477,4,2009,"Amapa",200.736,24.57,0
100,"2009-05",72.092,24.45,159,450314.94081477,"Amapa",159,450314.94081477,5,2009,"Amapa",72.092,24.45,0
101,"2009-06",15.425,23.97,171,450314.94081477,"Amapa",171,450314.94081477,6,2009,"Amapa",15.425,23.97,0
102,"2009-07",7.25,25.29,72,450314.94081477,"Amapa",72,450314.94081477,7,2009,"Amapa",7.25,25.29,0
103,"2009-08",24.844,26.6,50,450314.94081477,"Amapa",50,450314.94081477,8,2009,"Amapa",24.844,26.6,0
104,"2009-09",67.481,26.85,31,450314.94081477,"Amapa",31,450314.94081477,9,2009,"Amapa",67.481,26.85,0
105,"2009-10",157.778,26.65,23,450314.94081477,"Amapa",23,450314.94081477,10,2009,"Amapa",157.778,26.65,0
106,"2009-11",202.94,26.07,19,450314.94081477,"Amapa",19,450314.94081477,11,2009,"Amapa",202.94,26.07,0
107,"2009-12",329.764,25.12,41,450314.94081477,"Amapa",41,450314.94081477,12,2009,"Amapa",329.764,25.12,0
108,"2010-01",358.644,25.02,262,454558.265002924,"Amapa",262,454558.265002924,1,2010,"Amapa",358.644,25.02,0
109,"2010-02",264.28,25.77,466,454558.265002924,"Amapa",466,454558.265002924,2,2010,"Amapa",264.28,25.77,0
110,"2010-03",222.91,25.73,310,454558.265002924,"Amapa",310,454558.265002924,3,2010,"Amapa",222.91,25.73,0
111,"2010-04",73.675,25.91,266,454558.265002924,"Amapa",266,454558.265002924,4,2010,"Amapa",73.675,25.91,0
112,"2010-05",23.301,25.6,339,454558.265002924,"Amapa",339,454558.265002924,5,2010,"Amapa",23.301,25.6,0
113,"2010-06",2.074,25.86,259,454558.265002924,"Amapa",259,454558.265002924,6,2010,"Amapa",2.074,25.86,0
114,"2010-07",1.783,25.23,295,454558.265002924,"Amapa",295,454558.265002924,7,2010,"Amapa",1.783,25.23,0
115,"2010-08",1.179,26.51,478,454558.265002924,"Amapa",478,454558.265002924,8,2010,"Amapa",1.179,26.51,0
116,"2010-09",7.104,29.4,358,454558.265002924,"Amapa",358,454558.265002924,9,2010,"Amapa",7.104,29.4,0
117,"2010-10",158.551,26.95,327,454558.265002924,"Amapa",327,454558.265002924,10,2010,"Amapa",158.551,26.95,0
118,"2010-11",240.359,25.17,202,454558.265002924,"Amapa",202,454558.265002924,11,2010,"Amapa",240.359,25.17,0
119,"2010-12",272.096,25.17,108,454558.265002924,"Amapa",108,454558.265002924,12,2010,"Amapa",272.096,25.17,0
120,"2011-01",326.86,24.52,609,458741.202530491,"Amapa",609,458741.202530491,1,2011,"Amapa",326.86,24.52,0
121,"2011-02",296.23,24.5,711,458741.202530491,"Amapa",711,458741.202530491,2,2011,"Amapa",296.23,24.5,0
122,"2011-03",287.417,24.41,543,458741.202530491,"Amapa",543,458741.202530491,3,2011,"Amapa",287.417,24.41,0
123,"2011-04",144.615,24.89,319,458741.202530491,"Amapa",319,458741.202530491,4,2011,"Amapa",144.615,24.89,0
124,"2011-05",17.064,25,169,458741.202530491,"Amapa",169,458741.202530491,5,2011,"Amapa",17.064,25,0
125,"2011-06",6.946,25.01,117,458741.202530491,"Amapa",117,458741.202530491,6,2011,"Amapa",6.946,25.01,0
126,"2011-07",0.555,25.67,42,458741.202530491,"Amapa",42,458741.202530491,7,2011,"Amapa",0.555,25.67,0
127,"2011-08",4.247,27.09,69,458741.202530491,"Amapa",69,458741.202530491,8,2011,"Amapa",4.247,27.09,0
128,"2011-09",19.53,28.75,74,458741.202530491,"Amapa",74,458741.202530491,9,2011,"Amapa",19.53,28.75,0
129,"2011-10",213.961,25.66,65,458741.202530491,"Amapa",65,458741.202530491,10,2011,"Amapa",213.961,25.66,0
130,"2011-11",224.648,25.05,12,458741.202530491,"Amapa",12,458741.202530491,11,2011,"Amapa",224.648,25.05,0
131,"2011-12",303.124,24.83,67,458741.202530491,"Amapa",67,458741.202530491,12,2011,"Amapa",303.124,24.83,0
132,"2012-01",351.499,24.17,42,462856.785705865,"Amapa",42,462856.785705865,1,2012,"Amapa",351.499,24.17,0
133,"2012-02",251.878,24.62,50,462856.785705865,"Amapa",50,462856.785705865,2,2012,"Amapa",251.878,24.62,0
134,"2012-03",202.418,24.94,39,462856.785705865,"Amapa",39,462856.785705865,3,2012,"Amapa",202.418,24.94,0
135,"2012-04",135.991,25.32,44,462856.785705865,"Amapa",44,462856.785705865,4,2012,"Amapa",135.991,25.32,0
136,"2012-05",55.453,24.64,59,462856.785705865,"Amapa",59,462856.785705865,5,2012,"Amapa",55.453,24.64,0
137,"2012-06",28.705,24.64,59,462856.785705865,"Amapa",59,462856.785705865,6,2012,"Amapa",28.705,24.64,0
138,"2012-07",0.727,24.97,98,462856.785705865,"Amapa",98,462856.785705865,7,2012,"Amapa",0.727,24.97,0
139,"2012-08",0.026,26.67,271,462856.785705865,"Amapa",271,462856.785705865,8,2012,"Amapa",0.026,26.67,0
140,"2012-09",46.966,28.29,344,462856.785705865,"Amapa",344,462856.785705865,9,2012,"Amapa",46.966,28.29,0
141,"2012-10",109.169,27.35,264,462856.785705865,"Amapa",264,462856.785705865,10,2012,"Amapa",109.169,27.35,0
142,"2012-11",248.618,25.41,202,462856.785705865,"Amapa",202,462856.785705865,11,2012,"Amapa",248.618,25.41,0
143,"2012-12",210.483,25.67,76,462856.785705865,"Amapa",76,462856.785705865,12,2012,"Amapa",210.483,25.67,0
144,"2013-01",386.301,24.86,244,466918.949912258,"Amapa",244,466918.949912258,1,2013,"Amapa",386.301,24.86,0
145,"2013-02",285.679,24.99,222,466918.949912258,"Amapa",222,466918.949912258,2,2013,"Amapa",285.679,24.99,0
146,"2013-03",272.405,25.24,384,466918.949912258,"Amapa",384,466918.949912258,3,2013,"Amapa",272.405,25.24,0
147,"2013-04",161.009,24.64,617,466918.949912258,"Amapa",617,466918.949912258,4,2013,"Amapa",161.009,24.64,0
148,"2013-05",40.491,25.23,258,466918.949912258,"Amapa",258,466918.949912258,5,2013,"Amapa",40.491,25.23,0
149,"2013-06",25.942,25.36,78,466918.949912258,"Amapa",78,466918.949912258,6,2013,"Amapa",25.942,25.36,0
150,"2013-07",3.794,25.22,47,466918.949912258,"Amapa",47,466918.949912258,7,2013,"Amapa",3.794,25.22,0
151,"2013-08",0.319,26.21,58,466918.949912258,"Amapa",58,466918.949912258,8,2013,"Amapa",0.319,26.21,0
152,"2013-09",48.732,27.13,34,466918.949912258,"Amapa",34,466918.949912258,9,2013,"Amapa",48.732,27.13,0
153,"2013-10",182.858,26.04,39,466918.949912258,"Amapa",39,466918.949912258,10,2013,"Amapa",182.858,26.04,0
154,"2013-11",254.989,24.91,32,466918.949912258,"Amapa",32,466918.949912258,11,2013,"Amapa",254.989,24.91,0
155,"2013-12",321.732,25,10,466918.949912258,"Amapa",10,466918.949912258,12,2013,"Amapa",321.732,25,0
156,"2014-01",274.875,24.83,37,470932.340277409,"Amapa",37,470932.340277409,1,2014,"Amapa",274.875,24.83,0
157,"2014-02",317.786,24.4,27,470932.340277409,"Amapa",27,470932.340277409,2,2014,"Amapa",317.786,24.4,0
158,"2014-03",275.425,24.63,40,470932.340277409,"Amapa",40,470932.340277409,3,2014,"Amapa",275.425,24.63,0
159,"2014-04",158.178,24.87,224,470932.340277409,"Amapa",224,470932.340277409,4,2014,"Amapa",158.178,24.87,0
160,"2014-05",58.716,24.62,505,470932.340277409,"Amapa",505,470932.340277409,5,2014,"Amapa",58.716,24.62,0
161,"2014-06",5.799,24.93,231,470932.340277409,"Amapa",231,470932.340277409,6,2014,"Amapa",5.799,24.93,0
162,"2014-07",12.423,25.01,105,470932.340277409,"Amapa",105,470932.340277409,7,2014,"Amapa",12.423,25.01,0
163,"2014-08",3.846,26.94,48,470932.340277409,"Amapa",48,470932.340277409,8,2014,"Amapa",3.846,26.94,0
164,"2014-09",46.823,27.93,117,470932.340277409,"Amapa",117,470932.340277409,9,2014,"Amapa",46.823,27.93,0
165,"2014-10",140.628,27.34,443,470932.340277409,"Amapa",443,470932.340277409,10,2014,"Amapa",140.628,27.34,0
166,"2014-11",237.816,25.43,310,470932.340277409,"Amapa",310,470932.340277409,11,2014,"Amapa",237.816,25.43,0
167,"2014-12",313.972,24.8,112,470932.340277409,"Amapa",112,470932.340277409,12,2014,"Amapa",313.972,24.8,0
168,"2015-01",198.703,25.57,350,474899.279365185,"Amapa",350,474899.279365185,1,2015,"Amapa",198.703,25.57,0
169,"2015-02",263.412,24.94,505,474899.279365185,"Amapa",505,474899.279365185,2,2015,"Amapa",263.412,24.94,0
170,"2015-03",265.657,24.84,866,474899.279365185,"Amapa",866,474899.279365185,3,2015,"Amapa",265.657,24.84,0
171,"2015-04",197.654,24.96,456,474899.279365185,"Amapa",456,474899.279365185,4,2015,"Amapa",197.654,24.96,0
172,"2015-05",103.613,24.46,365,474899.279365185,"Amapa",365,474899.279365185,5,2015,"Amapa",103.613,24.46,0
173,"2015-06",3.946,25.11,199,474899.279365185,"Amapa",199,474899.279365185,6,2015,"Amapa",3.946,25.11,0
174,"2015-07",14.57,25.37,171,474899.279365185,"Amapa",171,474899.279365185,7,2015,"Amapa",14.57,25.37,0
175,"2015-08",7.73,27.5,142,474899.279365185,"Amapa",142,474899.279365185,8,2015,"Amapa",7.73,27.5,0
176,"2015-09",23.999,29.15,138,474899.279365185,"Amapa",138,474899.279365185,9,2015,"Amapa",23.999,29.15,0
177,"2015-10",101.113,28.22,78,474899.279365185,"Amapa",78,474899.279365185,10,2015,"Amapa",101.113,28.22,0
178,"2015-11",154.486,26.92,149,474899.279365185,"Amapa",149,474899.279365185,11,2015,"Amapa",154.486,26.92,0
179,"2015-12",179.557,26.89,74,474899.279365185,"Amapa",74,474899.279365185,12,2015,"Amapa",179.557,26.89,0
180,"2016-01",395.876,25.31,105,478826.734867193,"Amapa",105,478826.734867193,1,2016,"Amapa",395.876,25.31,0
181,"2016-02",174.746,26.58,282,478826.734867193,"Amapa",282,478826.734867193,2,2016,"Amapa",174.746,26.58,0
182,"2016-03",287.684,25.67,422,478826.734867193,"Amapa",422,478826.734867193,3,2016,"Amapa",287.684,25.67,0
183,"2016-04",75.459,26.3,321,478826.734867193,"Amapa",321,478826.734867193,4,2016,"Amapa",75.459,26.3,0
184,"2016-05",30.823,26,208,478826.734867193,"Amapa",208,478826.734867193,5,2016,"Amapa",30.823,26,0
185,"2016-06",16.304,24.79,86,478826.734867193,"Amapa",86,478826.734867193,6,2016,"Amapa",16.304,24.79,0
186,"2016-07",0.169,25.81,72,478826.734867193,"Amapa",72,478826.734867193,7,2016,"Amapa",0.169,25.81,0
187,"2016-08",26.449,26.97,102,478826.734867193,"Amapa",102,478826.734867193,8,2016,"Amapa",26.449,26.97,0
188,"2016-09",84.974,26.68,92,478826.734867193,"Amapa",92,478826.734867193,9,2016,"Amapa",84.974,26.68,0
189,"2016-10",154.423,26.51,92,478826.734867193,"Amapa",92,478826.734867193,10,2016,"Amapa",154.423,26.51,0
190,"2016-11",235.95,25.74,62,478826.734867193,"Amapa",62,478826.734867193,11,2016,"Amapa",235.95,25.74,0
191,"2016-12",294.619,25.32,45,478826.734867193,"Amapa",45,478826.734867193,12,2016,"Amapa",294.619,25.32,0
0,"2001-01",113.093,23.47,NA,3352564.63008389,"Amazonas",NA,3352564.63008389,1,2001,"Amazonas",113.093,23.47,0
1,"2001-02",68.763,24.85,NA,3352564.63008389,"Amazonas",NA,3352564.63008389,2,2001,"Amazonas",68.763,24.85,0
2,"2001-03",141.277,23.33,231,3352564.63008389,"Amazonas",231,3352564.63008389,3,2001,"Amazonas",141.277,23.33,0
3,"2001-04",28.105,23.08,59,3352564.63008389,"Amazonas",59,3352564.63008389,4,2001,"Amazonas",28.105,23.08,0
4,"2001-05",43.849,21.14,48,3352564.63008389,"Amazonas",48,3352564.63008389,5,2001,"Amazonas",43.849,21.14,0
5,"2001-06",6.506,19.76,23,3352564.63008389,"Amazonas",23,3352564.63008389,6,2001,"Amazonas",6.506,19.76,0
6,"2001-07",9.017,19.84,9,3352564.63008389,"Amazonas",9,3352564.63008389,7,2001,"Amazonas",9.017,19.84,0
7,"2001-08",20.029,20.15,4,3352564.63008389,"Amazonas",4,3352564.63008389,8,2001,"Amazonas",20.029,20.15,0
8,"2001-09",45.954,21.79,13,3352564.63008389,"Amazonas",13,3352564.63008389,9,2001,"Amazonas",45.954,21.79,0
9,"2001-10",111.469,22.04,1,3352564.63008389,"Amazonas",1,3352564.63008389,10,2001,"Amazonas",111.469,22.04,0
10,"2001-11",247.57,22.85,0,3352564.63008389,"Amazonas",0,3352564.63008389,11,2001,"Amazonas",247.57,22.85,0
11,"2001-12",243.448,22.72,8,3352564.63008389,"Amazonas",8,3352564.63008389,12,2001,"Amazonas",243.448,22.72,0
12,"2002-01",220.124,23.2,47,3392560.22214175,"Amazonas",47,3392560.22214175,1,2002,"Amazonas",220.124,23.2,0
13,"2002-02",229.4,22.75,205,3392560.22214175,"Amazonas",205,3392560.22214175,2,2002,"Amazonas",229.4,22.75,0
14,"2002-03",96.468,23.43,80,3392560.22214175,"Amazonas",80,3392560.22214175,3,2002,"Amazonas",96.468,23.43,0
15,"2002-04",21.557,23.18,22,3392560.22214175,"Amazonas",22,3392560.22214175,4,2002,"Amazonas",21.557,23.18,0
16,"2002-05",25.573,21.61,13,3392560.22214175,"Amazonas",13,3392560.22214175,5,2002,"Amazonas",25.573,21.61,0
17,"2002-06",4.712,20.34,7,3392560.22214175,"Amazonas",7,3392560.22214175,6,2002,"Amazonas",4.712,20.34,0
18,"2002-07",12.847,20.12,5,3392560.22214175,"Amazonas",5,3392560.22214175,7,2002,"Amazonas",12.847,20.12,0
19,"2002-08",10.248,21.76,9,3392560.22214175,"Amazonas",9,3392560.22214175,8,2002,"Amazonas",10.248,21.76,0
20,"2002-09",77.18,21.81,7,3392560.22214175,"Amazonas",7,3392560.22214175,9,2002,"Amazonas",77.18,21.81,0
21,"2002-10",43.5,25.1,6,3392560.22214175,"Amazonas",6,3392560.22214175,10,2002,"Amazonas",43.5,25.1,0
22,"2002-11",163.166,23.32,10,3392560.22214175,"Amazonas",10,3392560.22214175,11,2002,"Amazonas",163.166,23.32,0
23,"2002-12",284.552,24,7,3392560.22214175,"Amazonas",7,3392560.22214175,12,2002,"Amazonas",284.552,24,0
24,"2003-01",318.482,23.4,10,3432561.81680948,"Amazonas",10,3432561.81680948,1,2003,"Amazonas",318.482,23.4,0
25,"2003-02",67.091,24.26,12,3432561.81680948,"Amazonas",12,3432561.81680948,2,2003,"Amazonas",67.091,24.26,0
26,"2003-03",132.573,23.48,43,3432561.81680948,"Amazonas",43,3432561.81680948,3,2003,"Amazonas",132.573,23.48,0
27,"2003-04",57.831,22.58,24,3432561.81680948,"Amazonas",24,3432561.81680948,4,2003,"Amazonas",57.831,22.58,0
28,"2003-05",23.746,20.39,57,3432561.81680948,"Amazonas",57,3432561.81680948,5,2003,"Amazonas",23.746,20.39,0
29,"2003-06",1.606,20.36,37,3432561.81680948,"Amazonas",37,3432561.81680948,6,2003,"Amazonas",1.606,20.36,0
30,"2003-07",7.483,19.14,28,3432561.81680948,"Amazonas",28,3432561.81680948,7,2003,"Amazonas",7.483,19.14,0
31,"2003-08",23.671,20.49,3,3432561.81680948,"Amazonas",3,3432561.81680948,8,2003,"Amazonas",23.671,20.49,0
32,"2003-09",27.856,22.5,3,3432561.81680948,"Amazonas",3,3432561.81680948,9,2003,"Amazonas",27.856,22.5,0
33,"2003-10",63.373,23.19,2,3432561.81680948,"Amazonas",2,3432561.81680948,10,2003,"Amazonas",63.373,23.19,0
34,"2003-11",125.204,23.22,16,3432561.81680948,"Amazonas",16,3432561.81680948,11,2003,"Amazonas",125.204,23.22,0
35,"2003-12",200.148,24.07,14,3432561.81680948,"Amazonas",14,3432561.81680948,12,2003,"Amazonas",200.148,24.07,0
36,"2004-01",267.174,22.64,17,3472569.65690462,"Amazonas",17,3472569.65690462,1,2004,"Amazonas",267.174,22.64,0
37,"2004-02",268.184,22.31,50,3472569.65690462,"Amazonas",50,3472569.65690462,2,2004,"Amazonas",268.184,22.31,0
38,"2004-03",188.114,21.96,21,3472569.65690462,"Amazonas",21,3472569.65690462,3,2004,"Amazonas",188.114,21.96,0
39,"2004-04",119.469,21.5,11,3472569.65690462,"Amazonas",11,3472569.65690462,4,2004,"Amazonas",119.469,21.5,0
40,"2004-05",27.019,20.45,8,3472569.65690462,"Amazonas",8,3472569.65690462,5,2004,"Amazonas",27.019,20.45,0
41,"2004-06",19.32,18.64,7,3472569.65690462,"Amazonas",7,3472569.65690462,6,2004,"Amazonas",19.32,18.64,0
42,"2004-07",22.651,18.01,5,3472569.65690462,"Amazonas",5,3472569.65690462,7,2004,"Amazonas",22.651,18.01,0
43,"2004-08",2.748,20.04,0,3472569.65690462,"Amazonas",0,3472569.65690462,8,2004,"Amazonas",2.748,20.04,0
44,"2004-09",6.473,23.09,1,3472569.65690462,"Amazonas",1,3472569.65690462,9,2004,"Amazonas",6.473,23.09,0
45,"2004-10",79.109,23.47,1,3472569.65690462,"Amazonas",1,3472569.65690462,10,2004,"Amazonas",79.109,23.47,0
46,"2004-11",120.315,23.5,11,3472569.65690462,"Amazonas",11,3472569.65690462,11,2004,"Amazonas",120.315,23.5,0
47,"2004-12",249.544,22.97,7,3472569.65690462,"Amazonas",7,3472569.65690462,12,2004,"Amazonas",249.544,22.97,0
48,"2005-01",242.82,23.43,12,3512583.82080067,"Amazonas",12,3512583.82080067,1,2005,"Amazonas",242.82,23.43,0
49,"2005-02",147.98,23.11,18,3512583.82080067,"Amazonas",18,3512583.82080067,2,2005,"Amazonas",147.98,23.11,0
50,"2005-03",197.406,22.96,17,3512583.82080067,"Amazonas",17,3512583.82080067,3,2005,"Amazonas",197.406,22.96,0
51,"2005-04",34.372,22.95,14,3512583.82080067,"Amazonas",14,3512583.82080067,4,2005,"Amazonas",34.372,22.95,0
52,"2005-05",28.536,20.88,14,3512583.82080067,"Amazonas",14,3512583.82080067,5,2005,"Amazonas",28.536,20.88,0
53,"2005-06",15.638,19.62,14,3512583.82080067,"Amazonas",14,3512583.82080067,6,2005,"Amazonas",15.638,19.62,0
54,"2005-07",14.211,18.86,4,3512583.82080067,"Amazonas",4,3512583.82080067,7,2005,"Amazonas",14.211,18.86,0
55,"2005-08",7.034,20.95,10,3512583.82080067,"Amazonas",10,3512583.82080067,8,2005,"Amazonas",7.034,20.95,0
56,"2005-09",54.669,22.65,2,3512583.82080067,"Amazonas",2,3512583.82080067,9,2005,"Amazonas",54.669,22.65,0
57,"2005-10",58.622,25.03,1,3512583.82080067,"Amazonas",1,3512583.82080067,10,2005,"Amazonas",58.622,25.03,0
58,"2005-11",247.866,21.94,1,3512583.82080067,"Amazonas",1,3512583.82080067,11,2005,"Amazonas",247.866,21.94,0
59,"2005-12",248.616,22.02,2,3512583.82080067,"Amazonas",2,3512583.82080067,12,2005,"Amazonas",248.616,22.02,0
60,"2006-01",85.086,23.89,9,3551082.64684114,"Amazonas",9,3551082.64684114,1,2006,"Amazonas",85.086,23.89,0
61,"2006-02",132.754,24.83,16,3551082.64684114,"Amazonas",16,3551082.64684114,2,2006,"Amazonas",132.754,24.83,0
62,"2006-03",229.624,22.91,20,3551082.64684114,"Amazonas",20,3551082.64684114,3,2006,"Amazonas",229.624,22.91,0
63,"2006-04",74,21.66,5,3551082.64684114,"Amazonas",5,3551082.64684114,4,2006,"Amazonas",74,21.66,0
64,"2006-05",19.046,19.65,4,3551082.64684114,"Amazonas",4,3551082.64684114,5,2006,"Amazonas",19.046,19.65,0
65,"2006-06",9.473,18.57,13,3551082.64684114,"Amazonas",13,3551082.64684114,6,2006,"Amazonas",9.473,18.57,0
66,"2006-07",7.946,19.06,9,3551082.64684114,"Amazonas",9,3551082.64684114,7,2006,"Amazonas",7.946,19.06,0
67,"2006-08",13.278,21.12,19,3551082.64684114,"Amazonas",19,3551082.64684114,8,2006,"Amazonas",13.278,21.12,0
68,"2006-09",53.334,21.64,16,3551082.64684114,"Amazonas",16,3551082.64684114,9,2006,"Amazonas",53.334,21.64,0
69,"2006-10",158.112,21.94,20,3551082.64684114,"Amazonas",20,3551082.64684114,10,2006,"Amazonas",158.112,21.94,0
70,"2006-11",237.006,21.92,14,3551082.64684114,"Amazonas",14,3551082.64684114,11,2006,"Amazonas",237.006,21.92,0
71,"2006-12",299.818,22.77,4,3551082.64684114,"Amazonas",4,3551082.64684114,12,2006,"Amazonas",299.818,22.77,0
72,"2007-01",273.903,23.41,3,3588128.33091831,"Amazonas",3,3588128.33091831,1,2007,"Amazonas",273.903,23.41,0
73,"2007-02",180.564,22.69,16,3588128.33091831,"Amazonas",16,3588128.33091831,2,2007,"Amazonas",180.564,22.69,0
74,"2007-03",44.134,23.8,12,3588128.33091831,"Amazonas",12,3588128.33091831,3,2007,"Amazonas",44.134,23.8,0
75,"2007-04",60.833,22.88,27,3588128.33091831,"Amazonas",27,3588128.33091831,4,2007,"Amazonas",60.833,22.88,0
76,"2007-05",15.862,20.72,7,3588128.33091831,"Amazonas",7,3588128.33091831,5,2007,"Amazonas",15.862,20.72,0
77,"2007-06",3.182,19.66,4,3588128.33091831,"Amazonas",4,3588128.33091831,6,2007,"Amazonas",3.182,19.66,0
78,"2007-07",15.151,19.9,14,3588128.33091831,"Amazonas",14,3588128.33091831,7,2007,"Amazonas",15.151,19.9,0
79,"2007-08",3.776,20.19,6,3588128.33091831,"Amazonas",6,3588128.33091831,8,2007,"Amazonas",3.776,20.19,0
80,"2007-09",9.49,22.66,2,3588128.33091831,"Amazonas",2,3588128.33091831,9,2007,"Amazonas",9.49,22.66,0
81,"2007-10",38.447,24.8,2,3588128.33091831,"Amazonas",2,3588128.33091831,10,2007,"Amazonas",38.447,24.8,0
82,"2007-11",146.228,24.15,2,3588128.33091831,"Amazonas",2,3588128.33091831,11,2007,"Amazonas",146.228,24.15,0
83,"2007-12",195.626,23.35,6,3588128.33091831,"Amazonas",6,3588128.33091831,12,2007,"Amazonas",195.626,23.35,0
84,"2008-01",224.941,22.92,124,3623985.08066188,"Amazonas",124,3623985.08066188,1,2008,"Amazonas",224.941,22.92,0
85,"2008-02",180.615,23.24,191,3623985.08066188,"Amazonas",191,3623985.08066188,2,2008,"Amazonas",180.615,23.24,0
86,"2008-03",187.594,22.57,238,3623985.08066188,"Amazonas",238,3623985.08066188,3,2008,"Amazonas",187.594,22.57,0
87,"2008-04",107.899,22.46,196,3623985.08066188,"Amazonas",196,3623985.08066188,4,2008,"Amazonas",107.899,22.46,0
88,"2008-05",17.099,20.22,78,3623985.08066188,"Amazonas",78,3623985.08066188,5,2008,"Amazonas",17.099,20.22,0
89,"2008-06",8.676,19.52,29,3623985.08066188,"Amazonas",29,3623985.08066188,6,2008,"Amazonas",8.676,19.52,0
90,"2008-07",3.179,18.59,64,3623985.08066188,"Amazonas",64,3623985.08066188,7,2008,"Amazonas",3.179,18.59,0
91,"2008-08",10.561,21.33,51,3623985.08066188,"Amazonas",51,3623985.08066188,8,2008,"Amazonas",10.561,21.33,0
92,"2008-09",50.995,22.29,28,3623985.08066188,"Amazonas",28,3623985.08066188,9,2008,"Amazonas",50.995,22.29,0
93,"2008-10",40.031,24.67,101,3623985.08066188,"Amazonas",101,3623985.08066188,10,2008,"Amazonas",40.031,24.67,0
94,"2008-11",232.964,22.96,211,3623985.08066188,"Amazonas",211,3623985.08066188,11,2008,"Amazonas",232.964,22.96,0
95,"2008-12",316.278,22.33,226,3623985.08066188,"Amazonas",226,3623985.08066188,12,2008,"Amazonas",316.278,22.33,0
96,"2009-01",264.085,23.07,272,3659030.33554283,"Amazonas",272,3659030.33554283,1,2009,"Amazonas",264.085,23.07,0
97,"2009-02",139.768,23.79,86,3659030.33554283,"Amazonas",86,3659030.33554283,2,2009,"Amazonas",139.768,23.79,0
98,"2009-03",179.552,23.92,67,3659030.33554283,"Amazonas",67,3659030.33554283,3,2009,"Amazonas",179.552,23.92,0
99,"2009-04",118.28,21.55,21,3659030.33554283,"Amazonas",21,3659030.33554283,4,2009,"Amazonas",118.28,21.55,0
100,"2009-05",25.398,20.25,25,3659030.33554283,"Amazonas",25,3659030.33554283,5,2009,"Amazonas",25.398,20.25,0
101,"2009-06",26.729,19,16,3659030.33554283,"Amazonas",16,3659030.33554283,6,2009,"Amazonas",26.729,19,0
102,"2009-07",10.452,20.15,32,3659030.33554283,"Amazonas",32,3659030.33554283,7,2009,"Amazonas",10.452,20.15,0
103,"2009-08",25.069,20.73,43,3659030.33554283,"Amazonas",43,3659030.33554283,8,2009,"Amazonas",25.069,20.73,0
104,"2009-09",62.066,23.37,44,3659030.33554283,"Amazonas",44,3659030.33554283,9,2009,"Amazonas",62.066,23.37,0
105,"2009-10",211.691,23.2,62,3659030.33554283,"Amazonas",62,3659030.33554283,10,2009,"Amazonas",211.691,23.2,0
106,"2009-11",116.502,24.02,172,3659030.33554283,"Amazonas",172,3659030.33554283,11,2009,"Amazonas",116.502,24.02,0
107,"2009-12",290.46,23.13,211,3659030.33554283,"Amazonas",211,3659030.33554283,12,2009,"Amazonas",290.46,23.13,0
108,"2010-01",99.209,24.38,615,3693509.4312173,"Amazonas",615,3693509.4312173,1,2010,"Amazonas",99.209,24.38,0
109,"2010-02",71.692,25.18,511,3693509.4312173,"Amazonas",511,3693509.4312173,2,2010,"Amazonas",71.692,25.18,0
110,"2010-03",204.454,23.46,390,3693509.4312173,"Amazonas",390,3693509.4312173,3,2010,"Amazonas",204.454,23.46,0
111,"2010-04",67.511,21.88,212,3693509.4312173,"Amazonas",212,3693509.4312173,4,2010,"Amazonas",67.511,21.88,0
112,"2010-05",32.673,20.9,249,3693509.4312173,"Amazonas",249,3693509.4312173,5,2010,"Amazonas",32.673,20.9,0
113,"2010-06",8.76,18.59,209,3693509.4312173,"Amazonas",209,3693509.4312173,6,2010,"Amazonas",8.76,18.59,0
114,"2010-07",10.527,19.63,434,3693509.4312173,"Amazonas",434,3693509.4312173,7,2010,"Amazonas",10.527,19.63,0
115,"2010-08",3.041,20.02,228,3693509.4312173,"Amazonas",228,3693509.4312173,8,2010,"Amazonas",3.041,20.02,0
116,"2010-09",22.89,22.81,112,3693509.4312173,"Amazonas",112,3693509.4312173,9,2010,"Amazonas",22.89,22.81,0
117,"2010-10",99.431,23.55,220,3693509.4312173,"Amazonas",220,3693509.4312173,10,2010,"Amazonas",99.431,23.55,0
118,"2010-11",242.365,22.48,323,3693509.4312173,"Amazonas",323,3693509.4312173,11,2010,"Amazonas",242.365,22.48,0
119,"2010-12",265.316,23.61,654,3693509.4312173,"Amazonas",654,3693509.4312173,12,2010,"Amazonas",265.316,23.61,0
120,"2011-01",182.813,23.33,2390,3727497.8555795,"Amazonas",2390,3727497.8555795,1,2011,"Amazonas",182.813,23.33,0
121,"2011-02",80.359,24.72,2129,3727497.8555795,"Amazonas",2129,3727497.8555795,2,2011,"Amazonas",80.359,24.72,0
122,"2011-03",275.331,22.38,1562,3727497.8555795,"Amazonas",1562,3727497.8555795,3,2011,"Amazonas",275.331,22.38,0
123,"2011-04",81.758,21.98,507,3727497.8555795,"Amazonas",507,3727497.8555795,4,2011,"Amazonas",81.758,21.98,0
124,"2011-05",12.068,20.12,248,3727497.8555795,"Amazonas",248,3727497.8555795,5,2011,"Amazonas",12.068,20.12,0
125,"2011-06",12.008,19.21,114,3727497.8555795,"Amazonas",114,3727497.8555795,6,2011,"Amazonas",12.008,19.21,0
126,"2011-07",5.348,19.36,55,3727497.8555795,"Amazonas",55,3727497.8555795,7,2011,"Amazonas",5.348,19.36,0
127,"2011-08",4.976,21.54,40,3727497.8555795,"Amazonas",40,3727497.8555795,8,2011,"Amazonas",4.976,21.54,0
128,"2011-09",5.651,22.23,25,3727497.8555795,"Amazonas",25,3727497.8555795,9,2011,"Amazonas",5.651,22.23,0
129,"2011-10",153.675,21.95,30,3727497.8555795,"Amazonas",30,3727497.8555795,10,2011,"Amazonas",153.675,21.95,0
130,"2011-11",182.387,21.22,30,3727497.8555795,"Amazonas",30,3727497.8555795,11,2011,"Amazonas",182.387,21.22,0
131,"2011-12",308.128,22.24,127,3727497.8555795,"Amazonas",127,3727497.8555795,12,2011,"Amazonas",308.128,22.24,0
132,"2012-01",226.19,22.48,114,3760938.99270876,"Amazonas",114,3760938.99270876,1,2012,"Amazonas",226.19,22.48,0
133,"2012-02",64.659,23.54,93,3760938.99270876,"Amazonas",93,3760938.99270876,2,2012,"Amazonas",64.659,23.54,0
134,"2012-03",100.818,23.58,40,3760938.99270876,"Amazonas",40,3760938.99270876,3,2012,"Amazonas",100.818,23.58,0
135,"2012-04",41.548,23.3,32,3760938.99270876,"Amazonas",32,3760938.99270876,4,2012,"Amazonas",41.548,23.3,0
136,"2012-05",51.452,19.92,30,3760938.99270876,"Amazonas",30,3760938.99270876,5,2012,"Amazonas",51.452,19.92,0
137,"2012-06",25.199,20.43,18,3760938.99270876,"Amazonas",18,3760938.99270876,6,2012,"Amazonas",25.199,20.43,0
138,"2012-07",7.97,19.62,27,3760938.99270876,"Amazonas",27,3760938.99270876,7,2012,"Amazonas",7.97,19.62,0
139,"2012-08",11.29,19.79,20,3760938.99270876,"Amazonas",20,3760938.99270876,8,2012,"Amazonas",11.29,19.79,0
140,"2012-09",22.197,22.99,32,3760938.99270876,"Amazonas",32,3760938.99270876,9,2012,"Amazonas",22.197,22.99,0
141,"2012-10",31.045,24.59,123,3760938.99270876,"Amazonas",123,3760938.99270876,10,2012,"Amazonas",31.045,24.59,0
142,"2012-11",302.778,22.34,166,3760938.99270876,"Amazonas",166,3760938.99270876,11,2012,"Amazonas",302.778,22.34,0
143,"2012-12",99.737,24.82,187,3760938.99270876,"Amazonas",187,3760938.99270876,12,2012,"Amazonas",99.737,24.82,0
144,"2013-01",247.866,23.46,836,3793946.0744464,"Amazonas",836,3793946.0744464,1,2013,"Amazonas",247.866,23.46,0
145,"2013-02",80.515,24.12,1037,3793946.0744464,"Amazonas",1037,3793946.0744464,2,2013,"Amazonas",80.515,24.12,0
146,"2013-03",157.797,23.69,801,3793946.0744464,"Amazonas",801,3793946.0744464,3,2013,"Amazonas",157.797,23.69,0
147,"2013-04",93.88,21.31,542,3793946.0744464,"Amazonas",542,3793946.0744464,4,2013,"Amazonas",93.88,21.31,0
148,"2013-05",30.216,20.76,236,3793946.0744464,"Amazonas",236,3793946.0744464,5,2013,"Amazonas",30.216,20.76,0
149,"2013-06",25.438,20.29,227,3793946.0744464,"Amazonas",227,3793946.0744464,6,2013,"Amazonas",25.438,20.29,0
150,"2013-07",12.267,19.75,124,3793946.0744464,"Amazonas",124,3793946.0744464,7,2013,"Amazonas",12.267,19.75,0
151,"2013-08",7.45,20.6,81,3793946.0744464,"Amazonas",81,3793946.0744464,8,2013,"Amazonas",7.45,20.6,0
152,"2013-09",32.717,22.57,66,3793946.0744464,"Amazonas",66,3793946.0744464,9,2013,"Amazonas",32.717,22.57,0
153,"2013-10",92.552,22.43,74,3793946.0744464,"Amazonas",74,3793946.0744464,10,2013,"Amazonas",92.552,22.43,0
154,"2013-11",152.317,23.03,114,3793946.0744464,"Amazonas",114,3793946.0744464,11,2013,"Amazonas",152.317,23.03,0
155,"2013-12",339.076,23.02,177,3793946.0744464,"Amazonas",177,3793946.0744464,12,2013,"Amazonas",339.076,23.02,0
156,"2014-01",69.028,23.96,617,3826556.84473949,"Amazonas",617,3826556.84473949,1,2014,"Amazonas",69.028,23.96,0
157,"2014-02",46.881,24.43,638,3826556.84473949,"Amazonas",638,3826556.84473949,2,2014,"Amazonas",46.881,24.43,0
158,"2014-03",119.339,23.39,436,3826556.84473949,"Amazonas",436,3826556.84473949,3,2014,"Amazonas",119.339,23.39,0
159,"2014-04",64.242,22.69,499,3826556.84473949,"Amazonas",499,3826556.84473949,4,2014,"Amazonas",64.242,22.69,0
160,"2014-05",12.615,21.11,220,3826556.84473949,"Amazonas",220,3826556.84473949,5,2014,"Amazonas",12.615,21.11,0
161,"2014-06",12.618,20.23,158,3826556.84473949,"Amazonas",158,3826556.84473949,6,2014,"Amazonas",12.618,20.23,0
162,"2014-07",35.366,19.53,128,3826556.84473949,"Amazonas",128,3826556.84473949,7,2014,"Amazonas",35.366,19.53,0
163,"2014-08",6.685,20.65,134,3826556.84473949,"Amazonas",134,3826556.84473949,8,2014,"Amazonas",6.685,20.65,0
164,"2014-09",12.506,23.45,128,3826556.84473949,"Amazonas",128,3826556.84473949,9,2014,"Amazonas",12.506,23.45,0
165,"2014-10",73.762,24.08,82,3826556.84473949,"Amazonas",82,3826556.84473949,10,2014,"Amazonas",73.762,24.08,0
166,"2014-11",197.252,22.94,154,3826556.84473949,"Amazonas",154,3826556.84473949,11,2014,"Amazonas",197.252,22.94,0
167,"2014-12",153.039,23.14,171,3826556.84473949,"Amazonas",171,3826556.84473949,12,2014,"Amazonas",153.039,23.14,0
168,"2015-01",50.368,25.73,255,3858790.17556161,"Amazonas",255,3858790.17556161,1,2015,"Amazonas",50.368,25.73,0
169,"2015-02",165.328,23.9,238,3858790.17556161,"Amazonas",238,3858790.17556161,2,2015,"Amazonas",165.328,23.9,0
170,"2015-03",155.101,23.53,466,3858790.17556161,"Amazonas",466,3858790.17556161,3,2015,"Amazonas",155.101,23.53,0
171,"2015-04",69.185,22.71,428,3858790.17556161,"Amazonas",428,3858790.17556161,4,2015,"Amazonas",69.185,22.71,0
172,"2015-05",46.706,20.57,262,3858790.17556161,"Amazonas",262,3858790.17556161,5,2015,"Amazonas",46.706,20.57,0
173,"2015-06",15.698,20.03,155,3858790.17556161,"Amazonas",155,3858790.17556161,6,2015,"Amazonas",15.698,20.03,0
174,"2015-07",10.781,20.43,84,3858790.17556161,"Amazonas",84,3858790.17556161,7,2015,"Amazonas",10.781,20.43,0
175,"2015-08",8.067,21.14,66,3858790.17556161,"Amazonas",66,3858790.17556161,8,2015,"Amazonas",8.067,21.14,0
176,"2015-09",44.353,24.74,69,3858790.17556161,"Amazonas",69,3858790.17556161,9,2015,"Amazonas",44.353,24.74,0
177,"2015-10",44.704,26.18,71,3858790.17556161,"Amazonas",71,3858790.17556161,10,2015,"Amazonas",44.704,26.18,0
178,"2015-11",147.218,25.64,61,3858790.17556161,"Amazonas",61,3858790.17556161,11,2015,"Amazonas",147.218,25.64,0
179,"2015-12",137.238,25.4,68,3858790.17556161,"Amazonas",68,3858790.17556161,12,2015,"Amazonas",137.238,25.4,0
180,"2016-01",373.911,23.36,134,3890702.68283338,"Amazonas",134,3890702.68283338,1,2016,"Amazonas",373.911,23.36,0
181,"2016-02",71.936,25.09,357,3890702.68283338,"Amazonas",357,3890702.68283338,2,2016,"Amazonas",71.936,25.09,0
182,"2016-03",96.472,24.68,458,3890702.68283338,"Amazonas",458,3890702.68283338,3,2016,"Amazonas",96.472,24.68,0
183,"2016-04",25.371,24.58,519,3890702.68283338,"Amazonas",519,3890702.68283338,4,2016,"Amazonas",25.371,24.58,0
184,"2016-05",15.516,21.93,218,3890702.68283338,"Amazonas",218,3890702.68283338,5,2016,"Amazonas",15.516,21.93,0
185,"2016-06",27.827,19.99,148,3890702.68283338,"Amazonas",148,3890702.68283338,6,2016,"Amazonas",27.827,19.99,0
186,"2016-07",5.744,20.52,98,3890702.68283338,"Amazonas",98,3890702.68283338,7,2016,"Amazonas",5.744,20.52,0
187,"2016-08",13.05,21.8,78,3890702.68283338,"Amazonas",78,3890702.68283338,8,2016,"Amazonas",13.05,21.8,0
188,"2016-09",34.876,23.74,51,3890702.68283338,"Amazonas",51,3890702.68283338,9,2016,"Amazonas",34.876,23.74,0
189,"2016-10",94.906,23.9,35,3890702.68283338,"Amazonas",35,3890702.68283338,10,2016,"Amazonas",94.906,23.9,0
190,"2016-11",226.219,22.96,59,3890702.68283338,"Amazonas",59,3890702.68283338,11,2016,"Amazonas",226.219,22.96,0
191,"2016-12",182.89,23.75,73,3890702.68283338,"Amazonas",73,3890702.68283338,12,2016,"Amazonas",182.89,23.75,0
0,"2001-01",359.045,23.75,NA,12836512.7518005,"Bahia",NA,12836512.7518005,1,2001,"Bahia",359.045,23.75,0
1,"2001-02",267.982,23.98,NA,12836512.7518005,"Bahia",NA,12836512.7518005,2,2001,"Bahia",267.982,23.98,0
2,"2001-03",327.167,24.17,5918,12836512.7518005,"Bahia",5918,12836512.7518005,3,2001,"Bahia",327.167,24.17,0
3,"2001-04",302.691,24.39,5678,12836512.7518005,"Bahia",5678,12836512.7518005,4,2001,"Bahia",302.691,24.39,0
4,"2001-05",189.203,24.9,4901,12836512.7518005,"Bahia",4901,12836512.7518005,5,2001,"Bahia",189.203,24.9,0
5,"2001-06",169.732,24,2069,12836512.7518005,"Bahia",2069,12836512.7518005,6,2001,"Bahia",169.732,24,0
6,"2001-07",73.017,24.91,1179,12836512.7518005,"Bahia",1179,12836512.7518005,7,2001,"Bahia",73.017,24.91,0
7,"2001-08",25.582,26.81,683,12836512.7518005,"Bahia",683,12836512.7518005,8,2001,"Bahia",25.582,26.81,0
8,"2001-09",87.205,26.38,606,12836512.7518005,"Bahia",606,12836512.7518005,9,2001,"Bahia",87.205,26.38,0
9,"2001-10",102.901,26.94,571,12836512.7518005,"Bahia",571,12836512.7518005,10,2001,"Bahia",102.901,26.94,0
10,"2001-11",128.511,26.66,769,12836512.7518005,"Bahia",769,12836512.7518005,11,2001,"Bahia",128.511,26.66,0
11,"2001-12",185.591,26.09,948,12836512.7518005,"Bahia",948,12836512.7518005,12,2001,"Bahia",185.591,26.09,0
12,"2002-01",290.762,24.79,5319,12978594.8319702,"Bahia",5319,12978594.8319702,1,2002,"Bahia",290.762,24.79,0
13,"2002-02",256.731,24.85,18451,12978594.8319702,"Bahia",18451,12978594.8319702,2,2002,"Bahia",256.731,24.85,0
14,"2002-03",321.734,24.75,28071,12978594.8319702,"Bahia",28071,12978594.8319702,3,2002,"Bahia",321.734,24.75,0
15,"2002-04",307.492,24.67,15497,12978594.8319702,"Bahia",15497,12978594.8319702,4,2002,"Bahia",307.492,24.67,0
16,"2002-05",204.875,24.97,5244,12978594.8319702,"Bahia",5244,12978594.8319702,5,2002,"Bahia",204.875,24.97,0
17,"2002-06",122.555,24.88,1700,12978594.8319702,"Bahia",1700,12978594.8319702,6,2002,"Bahia",122.555,24.88,0
18,"2002-07",50.472,25.95,1033,12978594.8319702,"Bahia",1033,12978594.8319702,7,2002,"Bahia",50.472,25.95,0
19,"2002-08",29.176,27.11,929,12978594.8319702,"Bahia",929,12978594.8319702,8,2002,"Bahia",29.176,27.11,0
20,"2002-09",40.521,27.79,1018,12978594.8319702,"Bahia",1018,12978594.8319702,9,2002,"Bahia",40.521,27.79,0
21,"2002-10",72.713,27.24,871,12978594.8319702,"Bahia",871,12978594.8319702,10,2002,"Bahia",72.713,27.24,0
22,"2002-11",112.577,26.73,862,12978594.8319702,"Bahia",862,12978594.8319702,11,2002,"Bahia",112.577,26.73,0
23,"2002-12",204.564,25.69,1024,12978594.8319702,"Bahia",1024,12978594.8319702,12,2002,"Bahia",204.564,25.69,0
24,"2003-01",173.434,25.7,3341,13120457.5983276,"Bahia",3341,13120457.5983276,1,2003,"Bahia",173.434,25.7,0
25,"2003-02",328.492,24.5,6813,13120457.5983276,"Bahia",6813,13120457.5983276,2,2003,"Bahia",328.492,24.5,0
26,"2003-03",310.135,24.58,12555,13120457.5983276,"Bahia",12555,13120457.5983276,3,2003,"Bahia",310.135,24.58,0
27,"2003-04",313.227,24.66,10204,13120457.5983276,"Bahia",10204,13120457.5983276,4,2003,"Bahia",313.227,24.66,0
28,"2003-05",203.384,24.95,5631,13120457.5983276,"Bahia",5631,13120457.5983276,5,2003,"Bahia",203.384,24.95,0
29,"2003-06",107.765,24.94,1864,13120457.5983276,"Bahia",1864,13120457.5983276,6,2003,"Bahia",107.765,24.94,0
30,"2003-07",54.876,25.92,943,13120457.5983276,"Bahia",943,13120457.5983276,7,2003,"Bahia",54.876,25.92,0
31,"2003-08",82.637,26.42,531,13120457.5983276,"Bahia",531,13120457.5983276,8,2003,"Bahia",82.637,26.42,0
32,"2003-09",79.708,26.63,405,13120457.5983276,"Bahia",405,13120457.5983276,9,2003,"Bahia",79.708,26.63,0
33,"2003-10",137.48,26.5,420,13120457.5983276,"Bahia",420,13120457.5983276,10,2003,"Bahia",137.48,26.5,0
34,"2003-11",161.134,26.09,349,13120457.5983276,"Bahia",349,13120457.5983276,11,2003,"Bahia",161.134,26.09,0
35,"2003-12",155.163,26.08,439,13120457.5983276,"Bahia",439,13120457.5983276,12,2003,"Bahia",155.163,26.08,0
36,"2004-01",309.234,25.03,441,13262099.4129944,"Bahia",441,13262099.4129944,1,2004,"Bahia",309.234,25.03,0
37,"2004-02",424.76,24.14,768,13262099.4129944,"Bahia",768,13262099.4129944,2,2004,"Bahia",424.76,24.14,0
38,"2004-03",415.747,24.48,1258,13262099.4129944,"Bahia",1258,13262099.4129944,3,2004,"Bahia",415.747,24.48,0
39,"2004-04",297.342,24.93,729,13262099.4129944,"Bahia",729,13262099.4129944,4,2004,"Bahia",297.342,24.93,0
40,"2004-05",180.95,25.19,612,13262099.4129944,"Bahia",612,13262099.4129944,5,2004,"Bahia",180.95,25.19,0
41,"2004-06",83.484,25.03,376,13262099.4129944,"Bahia",376,13262099.4129944,6,2004,"Bahia",83.484,25.03,0
42,"2004-07",86.526,25.14,264,13262099.4129944,"Bahia",264,13262099.4129944,7,2004,"Bahia",86.526,25.14,0
43,"2004-08",55.418,26.36,151,13262099.4129944,"Bahia",151,13262099.4129944,8,2004,"Bahia",55.418,26.36,0
44,"2004-09",70.574,26.83,95,13262099.4129944,"Bahia",95,13262099.4129944,9,2004,"Bahia",70.574,26.83,0
45,"2004-10",130.732,26.81,68,13262099.4129944,"Bahia",68,13262099.4129944,10,2004,"Bahia",130.732,26.81,0
46,"2004-11",97.392,27,138,13262099.4129944,"Bahia",138,13262099.4129944,11,2004,"Bahia",97.392,27,0
47,"2004-12",177.79,26.36,297,13262099.4129944,"Bahia",297,13262099.4129944,12,2004,"Bahia",177.79,26.36,0
48,"2005-01",258.312,25.76,1006,13403517.7300415,"Bahia",1006,13403517.7300415,1,2005,"Bahia",258.312,25.76,0
49,"2005-02",353.431,25,1920,13403517.7300415,"Bahia",1920,13403517.7300415,2,2005,"Bahia",353.431,25,0
50,"2005-03",388.705,24.76,5026,13403517.7300415,"Bahia",5026,13403517.7300415,3,2005,"Bahia",388.705,24.76,0
51,"2005-04",282.688,25.02,4862,13403517.7300415,"Bahia",4862,13403517.7300415,4,2005,"Bahia",282.688,25.02,0
52,"2005-05",188.244,25,3116,13403517.7300415,"Bahia",3116,13403517.7300415,5,2005,"Bahia",188.244,25,0
53,"2005-06",62.362,25.86,1053,13403517.7300415,"Bahia",1053,13403517.7300415,6,2005,"Bahia",62.362,25.86,0
54,"2005-07",52.454,26.29,506,13403517.7300415,"Bahia",506,13403517.7300415,7,2005,"Bahia",52.454,26.29,0
55,"2005-08",34.212,27.5,358,13403517.7300415,"Bahia",358,13403517.7300415,8,2005,"Bahia",34.212,27.5,0
56,"2005-09",40.534,28.08,287,13403517.7300415,"Bahia",287,13403517.7300415,9,2005,"Bahia",40.534,28.08,0
57,"2005-10",73.399,27.59,274,13403517.7300415,"Bahia",274,13403517.7300415,10,2005,"Bahia",73.399,27.59,0
58,"2005-11",141.652,26.96,359,13403517.7300415,"Bahia",359,13403517.7300415,11,2005,"Bahia",141.652,26.96,0
59,"2005-12",349.067,24.7,428,13403517.7300415,"Bahia",428,13403517.7300415,12,2005,"Bahia",349.067,24.7,0
60,"2006-01",310.669,24.81,899,13550423.7467359,"Bahia",899,13550423.7467359,1,2006,"Bahia",310.669,24.81,0
61,"2006-02",300.818,24.67,1044,13550423.7467359,"Bahia",1044,13550423.7467359,2,2006,"Bahia",300.818,24.67,0
62,"2006-03",363.28,24.45,1540,13550423.7467359,"Bahia",1540,13550423.7467359,3,2006,"Bahia",363.28,24.45,0
63,"2006-04",367.864,24.18,1586,13550423.7467359,"Bahia",1586,13550423.7467359,4,2006,"Bahia",367.864,24.18,0
64,"2006-05",293.496,24.2,1205,13550423.7467359,"Bahia",1205,13550423.7467359,5,2006,"Bahia",293.496,24.2,0
65,"2006-06",85.291,25.15,447,13550423.7467359,"Bahia",447,13550423.7467359,6,2006,"Bahia",85.291,25.15,0
66,"2006-07",56.9,26.27,274,13550423.7467359,"Bahia",274,13550423.7467359,7,2006,"Bahia",56.9,26.27,0
67,"2006-08",31.077,27.27,189,13550423.7467359,"Bahia",189,13550423.7467359,8,2006,"Bahia",31.077,27.27,0
68,"2006-09",44.904,27.72,154,13550423.7467359,"Bahia",154,13550423.7467359,9,2006,"Bahia",44.904,27.72,0
69,"2006-10",87.413,27.59,255,13550423.7467359,"Bahia",255,13550423.7467359,10,2006,"Bahia",87.413,27.59,0
70,"2006-11",213.812,26.01,425,13550423.7467359,"Bahia",425,13550423.7467359,11,2006,"Bahia",213.812,26.01,0
71,"2006-12",170.253,25.9,431,13550423.7467359,"Bahia",431,13550423.7467359,12,2006,"Bahia",170.253,25.9,0
72,"2007-01",192.111,25.87,967,13691784.7814277,"Bahia",967,13691784.7814277,1,2007,"Bahia",192.111,25.87,0
73,"2007-02",295.329,24.84,1354,13691784.7814277,"Bahia",1354,13691784.7814277,2,2007,"Bahia",295.329,24.84,0
74,"2007-03",376.901,24.53,1981,13691784.7814277,"Bahia",1981,13691784.7814277,3,2007,"Bahia",376.901,24.53,0
75,"2007-04",318.76,24.68,1773,13691784.7814277,"Bahia",1773,13691784.7814277,4,2007,"Bahia",318.76,24.68,0
76,"2007-05",196.159,25.18,1372,13691784.7814277,"Bahia",1372,13691784.7814277,5,2007,"Bahia",196.159,25.18,0
77,"2007-06",65.687,25.43,655,13691784.7814277,"Bahia",655,13691784.7814277,6,2007,"Bahia",65.687,25.43,0
78,"2007-07",65.003,26.16,688,13691784.7814277,"Bahia",688,13691784.7814277,7,2007,"Bahia",65.003,26.16,0
79,"2007-08",38.514,27.04,463,13691784.7814277,"Bahia",463,13691784.7814277,8,2007,"Bahia",38.514,27.04,0
80,"2007-09",38.932,27.75,268,13691784.7814277,"Bahia",268,13691784.7814277,9,2007,"Bahia",38.932,27.75,0
81,"2007-10",120.386,26.77,399,13691784.7814277,"Bahia",399,13691784.7814277,10,2007,"Bahia",120.386,26.77,0
82,"2007-11",137.605,26.68,575,13691784.7814277,"Bahia",575,13691784.7814277,11,2007,"Bahia",137.605,26.68,0
83,"2007-12",257.673,25.12,579,13691784.7814277,"Bahia",579,13691784.7814277,12,2007,"Bahia",257.673,25.12,0
84,"2008-01",340.509,24.26,1420,13828609.0126627,"Bahia",1420,13828609.0126627,1,2008,"Bahia",340.509,24.26,0
85,"2008-02",294.687,24.35,3068,13828609.0126627,"Bahia",3068,13828609.0126627,2,2008,"Bahia",294.687,24.35,0
86,"2008-03",403.756,23.97,6944,13828609.0126627,"Bahia",6944,13828609.0126627,3,2008,"Bahia",403.756,23.97,0
87,"2008-04",307.728,24.25,12212,13828609.0126627,"Bahia",12212,13828609.0126627,4,2008,"Bahia",307.728,24.25,0
88,"2008-05",277.025,24.35,5911,13828609.0126627,"Bahia",5911,13828609.0126627,5,2008,"Bahia",277.025,24.35,0
89,"2008-06",109.84,25,2047,13828609.0126627,"Bahia",2047,13828609.0126627,6,2008,"Bahia",109.84,25,0
90,"2008-07",43.2,26.18,933,13828609.0126627,"Bahia",933,13828609.0126627,7,2008,"Bahia",43.2,26.18,0
91,"2008-08",37.732,27.36,540,13828609.0126627,"Bahia",540,13828609.0126627,8,2008,"Bahia",37.732,27.36,0
92,"2008-09",54.054,27.61,338,13828609.0126627,"Bahia",338,13828609.0126627,9,2008,"Bahia",54.054,27.61,0
93,"2008-10",108.998,27.15,829,13828609.0126627,"Bahia",829,13828609.0126627,10,2008,"Bahia",108.998,27.15,0
94,"2008-11",174.686,26.63,1244,13828609.0126627,"Bahia",1244,13828609.0126627,11,2008,"Bahia",174.686,26.63,0
95,"2008-12",292.291,25.25,1278,13828609.0126627,"Bahia",1278,13828609.0126627,12,2008,"Bahia",292.291,25.25,0
96,"2009-01",307.595,24.75,6879,13962336.6955066,"Bahia",6879,13962336.6955066,1,2009,"Bahia",307.595,24.75,0
97,"2009-02",371.216,24.33,15536,13962336.6955066,"Bahia",15536,13962336.6955066,2,2009,"Bahia",371.216,24.33,0
98,"2009-03",399.392,24.57,33275,13962336.6955066,"Bahia",33275,13962336.6955066,3,2009,"Bahia",399.392,24.57,0
99,"2009-04",354.063,24.51,20957,13962336.6955066,"Bahia",20957,13962336.6955066,4,2009,"Bahia",354.063,24.51,0
100,"2009-05",317.812,24.23,9664,13962336.6955066,"Bahia",9664,13962336.6955066,5,2009,"Bahia",317.812,24.23,0
101,"2009-06",163.916,24.66,3330,13962336.6955066,"Bahia",3330,13962336.6955066,6,2009,"Bahia",163.916,24.66,0
102,"2009-07",39.705,25.97,1616,13962336.6955066,"Bahia",1616,13962336.6955066,7,2009,"Bahia",39.705,25.97,0
103,"2009-08",26.414,27.55,960,13962336.6955066,"Bahia",960,13962336.6955066,8,2009,"Bahia",26.414,27.55,0
104,"2009-09",23.807,28.13,601,13962336.6955066,"Bahia",601,13962336.6955066,9,2009,"Bahia",23.807,28.13,0
105,"2009-10",91.221,27.85,502,13962336.6955066,"Bahia",502,13962336.6955066,10,2009,"Bahia",91.221,27.85,0
106,"2009-11",78.013,27.62,894,13962336.6955066,"Bahia",894,13962336.6955066,11,2009,"Bahia",78.013,27.62,0
107,"2009-12",247.473,25.91,1464,13962336.6955066,"Bahia",1464,13962336.6955066,12,2009,"Bahia",247.473,25.91,0
108,"2010-01",280.333,25.31,2909,14093903.9957521,"Bahia",2909,14093903.9957521,1,2010,"Bahia",280.333,25.31,0
109,"2010-02",233.726,25.95,3958,14093903.9957521,"Bahia",3958,14093903.9957521,2,2010,"Bahia",233.726,25.95,0
110,"2010-03",247.547,26.16,8190,14093903.9957521,"Bahia",8190,14093903.9957521,3,2010,"Bahia",247.547,26.16,0
111,"2010-04",375.284,25.44,8561,14093903.9957521,"Bahia",8561,14093903.9957521,4,2010,"Bahia",375.284,25.44,0
112,"2010-05",204.235,25.85,9664,14093903.9957521,"Bahia",9664,14093903.9957521,5,2010,"Bahia",204.235,25.85,0
113,"2010-06",80.481,25.71,5192,14093903.9957521,"Bahia",5192,14093903.9957521,6,2010,"Bahia",80.481,25.71,0
114,"2010-07",75.077,26.27,2924,14093903.9957521,"Bahia",2924,14093903.9957521,7,2010,"Bahia",75.077,26.27,0
115,"2010-08",34.995,27.32,1708,14093903.9957521,"Bahia",1708,14093903.9957521,8,2010,"Bahia",34.995,27.32,0
116,"2010-09",30.497,28.33,1087,14093903.9957521,"Bahia",1087,14093903.9957521,9,2010,"Bahia",30.497,28.33,0
117,"2010-10",102.185,27.8,956,14093903.9957521,"Bahia",956,14093903.9957521,10,2010,"Bahia",102.185,27.8,0
118,"2010-11",189.288,26.17,1648,14093903.9957521,"Bahia",1648,14093903.9957521,11,2010,"Bahia",189.288,26.17,0
119,"2010-12",247.058,25.37,2307,14093903.9957521,"Bahia",2307,14093903.9957521,12,2010,"Bahia",247.058,25.37,0
120,"2011-01",345.503,24.3,3218,14223598.9644122,"Bahia",3218,14223598.9644122,1,2011,"Bahia",345.503,24.3,0
121,"2011-02",353.036,24.26,4821,14223598.9644122,"Bahia",4821,14223598.9644122,2,2011,"Bahia",353.036,24.26,0
122,"2011-03",373.911,24.53,7429,14223598.9644122,"Bahia",7429,14223598.9644122,3,2011,"Bahia",373.911,24.53,0
123,"2011-04",375.968,24.21,8363,14223598.9644122,"Bahia",8363,14223598.9644122,4,2011,"Bahia",375.968,24.21,0
124,"2011-05",230.13,24.9,6672,14223598.9644122,"Bahia",6672,14223598.9644122,5,2011,"Bahia",230.13,24.9,0
125,"2011-06",75.561,25.68,3351,14223598.9644122,"Bahia",3351,14223598.9644122,6,2011,"Bahia",75.561,25.68,0
126,"2011-07",50.456,25.9,2062,14223598.9644122,"Bahia",2062,14223598.9644122,7,2011,"Bahia",50.456,25.9,0
127,"2011-08",34.931,27.36,1229,14223598.9644122,"Bahia",1229,14223598.9644122,8,2011,"Bahia",34.931,27.36,0
128,"2011-09",28.804,28.34,720,14223598.9644122,"Bahia",720,14223598.9644122,9,2011,"Bahia",28.804,28.34,0
129,"2011-10",190.618,26.6,614,14223598.9644122,"Bahia",614,14223598.9644122,10,2011,"Bahia",190.618,26.6,0
130,"2011-11",189.403,25.85,254,14223598.9644122,"Bahia",254,14223598.9644122,11,2011,"Bahia",189.403,25.85,0
131,"2011-12",153.993,26.41,338,14223598.9644122,"Bahia",338,14223598.9644122,12,2011,"Bahia",153.993,26.41,0
132,"2012-01",349.183,24.6,3526,14351205.5632272,"Bahia",3526,14351205.5632272,1,2012,"Bahia",349.183,24.6,0
133,"2012-02",322.864,24.3,5180,14351205.5632272,"Bahia",5180,14351205.5632272,2,2012,"Bahia",322.864,24.3,0
134,"2012-03",344.742,24.47,10020,14351205.5632272,"Bahia",10020,14351205.5632272,3,2012,"Bahia",344.742,24.47,0
135,"2012-04",231.451,25.03,10857,14351205.5632272,"Bahia",10857,14351205.5632272,4,2012,"Bahia",231.451,25.03,0
136,"2012-05",131.797,25.19,8484,14351205.5632272,"Bahia",8484,14351205.5632272,5,2012,"Bahia",131.797,25.19,0
137,"2012-06",85.249,25.1,3862,14351205.5632272,"Bahia",3862,14351205.5632272,6,2012,"Bahia",85.249,25.1,0
138,"2012-07",74.298,25.65,2524,14351205.5632272,"Bahia",2524,14351205.5632272,7,2012,"Bahia",74.298,25.65,0
139,"2012-08",34.711,27.01,1513,14351205.5632272,"Bahia",1513,14351205.5632272,8,2012,"Bahia",34.711,27.01,0
140,"2012-09",30.4,27.98,870,14351205.5632272,"Bahia",870,14351205.5632272,9,2012,"Bahia",30.4,27.98,0
141,"2012-10",75.268,27.7,750,14351205.5632272,"Bahia",750,14351205.5632272,10,2012,"Bahia",75.268,27.7,0
142,"2012-11",125.092,27.49,1154,14351205.5632272,"Bahia",1154,14351205.5632272,11,2012,"Bahia",125.092,27.49,0
143,"2012-12",210.903,25.7,1579,14351205.5632272,"Bahia",1579,14351205.5632272,12,2012,"Bahia",210.903,25.7,0
144,"2013-01",325.324,25.01,6119,14477155.8687166,"Bahia",6119,14477155.8687166,1,2013,"Bahia",325.324,25.01,0
145,"2013-02",311.16,24.79,12490,14477155.8687166,"Bahia",12490,14477155.8687166,2,2013,"Bahia",311.16,24.79,0
146,"2013-03",342.024,25.17,20009,14477155.8687166,"Bahia",20009,14477155.8687166,3,2013,"Bahia",342.024,25.17,0
147,"2013-04",283.3,25,16742,14477155.8687166,"Bahia",16742,14477155.8687166,4,2013,"Bahia",283.3,25,0
148,"2013-05",212.974,25.05,7250,14477155.8687166,"Bahia",7250,14477155.8687166,5,2013,"Bahia",212.974,25.05,0
149,"2013-06",82.601,25.53,2941,14477155.8687166,"Bahia",2941,14477155.8687166,6,2013,"Bahia",82.601,25.53,0
150,"2013-07",101.213,25.44,1570,14477155.8687166,"Bahia",1570,14477155.8687166,7,2013,"Bahia",101.213,25.44,0
151,"2013-08",63.091,26.75,958,14477155.8687166,"Bahia",958,14477155.8687166,8,2013,"Bahia",63.091,26.75,0
152,"2013-09",78.177,26.84,778,14477155.8687166,"Bahia",778,14477155.8687166,9,2013,"Bahia",78.177,26.84,0
153,"2013-10",111.225,27.04,630,14477155.8687166,"Bahia",630,14477155.8687166,10,2013,"Bahia",111.225,27.04,0
154,"2013-11",205.752,25.74,675,14477155.8687166,"Bahia",675,14477155.8687166,11,2013,"Bahia",205.752,25.74,0
155,"2013-12",193.282,25.96,621,14477155.8687166,"Bahia",621,14477155.8687166,12,2013,"Bahia",193.282,25.96,0
156,"2014-01",250.105,24.98,941,14601593.9063872,"Bahia",941,14601593.9063872,1,2014,"Bahia",250.105,24.98,0
157,"2014-02",340.775,24.42,1128,14601593.9063872,"Bahia",1128,14601593.9063872,2,2014,"Bahia",340.775,24.42,0
158,"2014-03",339.346,24.61,1613,14601593.9063872,"Bahia",1613,14601593.9063872,3,2014,"Bahia",339.346,24.61,0
159,"2014-04",295.909,24.81,3094,14601593.9063872,"Bahia",3094,14601593.9063872,4,2014,"Bahia",295.909,24.81,0
160,"2014-05",243.951,24.88,2754,14601593.9063872,"Bahia",2754,14601593.9063872,5,2014,"Bahia",243.951,24.88,0
161,"2014-06",97.945,25.54,1566,14601593.9063872,"Bahia",1566,14601593.9063872,6,2014,"Bahia",97.945,25.54,0
162,"2014-07",48.49,26.1,1010,14601593.9063872,"Bahia",1010,14601593.9063872,7,2014,"Bahia",48.49,26.1,0
163,"2014-08",29.681,27.16,715,14601593.9063872,"Bahia",715,14601593.9063872,8,2014,"Bahia",29.681,27.16,0
164,"2014-09",27.949,27.78,671,14601593.9063872,"Bahia",671,14601593.9063872,9,2014,"Bahia",27.949,27.78,0
165,"2014-10",101.008,27.3,659,14601593.9063872,"Bahia",659,14601593.9063872,10,2014,"Bahia",101.008,27.3,0
166,"2014-11",120.361,26.97,516,14601593.9063872,"Bahia",516,14601593.9063872,11,2014,"Bahia",120.361,26.97,0
167,"2014-12",160.475,26.43,516,14601593.9063872,"Bahia",516,14601593.9063872,12,2014,"Bahia",160.475,26.43,0
168,"2015-01",225.847,25.27,996,14724591.6889922,"Bahia",996,14724591.6889922,1,2015,"Bahia",225.847,25.27,0
169,"2015-02",260.531,24.91,2763,14724591.6889922,"Bahia",2763,14724591.6889922,2,2015,"Bahia",260.531,24.91,0
170,"2015-03",363.386,24.62,10427,14724591.6889922,"Bahia",10427,14724591.6889922,3,2015,"Bahia",363.386,24.62,0
171,"2015-04",259.809,24.9,11214,14724591.6889922,"Bahia",11214,14724591.6889922,4,2015,"Bahia",259.809,24.9,0
172,"2015-05",201.613,24.99,9143,14724591.6889922,"Bahia",9143,14724591.6889922,5,2015,"Bahia",201.613,24.99,0
173,"2015-06",80.263,25.58,5726,14724591.6889922,"Bahia",5726,14724591.6889922,6,2015,"Bahia",80.263,25.58,0
174,"2015-07",71.438,25.97,4973,14724591.6889922,"Bahia",4973,14724591.6889922,7,2015,"Bahia",71.438,25.97,0
175,"2015-08",17.058,27.68,3070,14724591.6889922,"Bahia",3070,14724591.6889922,8,2015,"Bahia",17.058,27.68,0
176,"2015-09",7.499,28.98,2406,14724591.6889922,"Bahia",2406,14724591.6889922,9,2015,"Bahia",7.499,28.98,0
177,"2015-10",40.756,29.11,1714,14724591.6889922,"Bahia",1714,14724591.6889922,10,2015,"Bahia",40.756,29.11,0
178,"2015-11",60.188,28.24,2783,14724591.6889922,"Bahia",2783,14724591.6889922,11,2015,"Bahia",60.188,28.24,0
179,"2015-12",91.296,27.67,4901,14724591.6889922,"Bahia",4901,14724591.6889922,12,2015,"Bahia",91.296,27.67,0
180,"2016-01",224.258,26.31,8131,14846365.2547913,"Bahia",8131,14846365.2547913,1,2016,"Bahia",224.258,26.31,0
181,"2016-02",193.698,26.04,22291,14846365.2547913,"Bahia",22291,14846365.2547913,2,2016,"Bahia",193.698,26.04,0
182,"2016-03",382.475,25.5,22865,14846365.2547913,"Bahia",22865,14846365.2547913,3,2016,"Bahia",382.475,25.5,0
183,"2016-04",264.878,25.77,10043,14846365.2547913,"Bahia",10043,14846365.2547913,4,2016,"Bahia",264.878,25.77,0
184,"2016-05",171.926,25.85,4197,14846365.2547913,"Bahia",4197,14846365.2547913,5,2016,"Bahia",171.926,25.85,0
185,"2016-06",81.025,25.5,1787,14846365.2547913,"Bahia",1787,14846365.2547913,6,2016,"Bahia",81.025,25.5,0
186,"2016-07",47.797,26.62,937,14846365.2547913,"Bahia",937,14846365.2547913,7,2016,"Bahia",47.797,26.62,0
187,"2016-08",37.299,27.83,754,14846365.2547913,"Bahia",754,14846365.2547913,8,2016,"Bahia",37.299,27.83,0
188,"2016-09",125.084,26.95,595,14846365.2547913,"Bahia",595,14846365.2547913,9,2016,"Bahia",125.084,26.95,0
189,"2016-10",116.055,27.15,757,14846365.2547913,"Bahia",757,14846365.2547913,10,2016,"Bahia",116.055,27.15,0
190,"2016-11",130.076,27.07,833,14846365.2547913,"Bahia",833,14846365.2547913,11,2016,"Bahia",130.076,27.07,0
191,"2016-12",279.455,25.8,1187,14846365.2547913,"Bahia",1187,14846365.2547913,12,2016,"Bahia",279.455,25.8,0
0,"2001-01",13.4,26.56,NA,7220404.046875,"Ceara",NA,7220404.046875,1,2001,"Ceara",13.4,26.56,0
1,"2001-02",21.842,27.24,NA,7220404.046875,"Ceara",NA,7220404.046875,2,2001,"Ceara",21.842,27.24,0
2,"2001-03",94.09,26.03,5063,7220404.046875,"Ceara",5063,7220404.046875,3,2001,"Ceara",94.09,26.03,0
3,"2001-04",72.096,25.36,4816,7220404.046875,"Ceara",4816,7220404.046875,4,2001,"Ceara",72.096,25.36,0
4,"2001-05",12.652,26.38,6451,7220404.046875,"Ceara",6451,7220404.046875,5,2001,"Ceara",12.652,26.38,0
5,"2001-06",39.214,24.24,4507,7220404.046875,"Ceara",4507,7220404.046875,6,2001,"Ceara",39.214,24.24,0
6,"2001-07",22.663,24.12,2424,7220404.046875,"Ceara",2424,7220404.046875,7,2001,"Ceara",22.663,24.12,0
7,"2001-08",13.661,23.92,1681,7220404.046875,"Ceara",1681,7220404.046875,8,2001,"Ceara",13.661,23.92,0
8,"2001-09",8.995,25.6,1265,7220404.046875,"Ceara",1265,7220404.046875,9,2001,"Ceara",8.995,25.6,0
9,"2001-10",17.003,26.37,1732,7220404.046875,"Ceara",1732,7220404.046875,10,2001,"Ceara",17.003,26.37,0
10,"2001-11",11.592,26.99,1318,7220404.046875,"Ceara",1318,7220404.046875,11,2001,"Ceara",11.592,26.99,0
11,"2001-12",35.434,26.97,777,7220404.046875,"Ceara",777,7220404.046875,12,2001,"Ceara",35.434,26.97,0
12,"2002-01",127.39,25.08,1750,7303432.03515625,"Ceara",1750,7303432.03515625,1,2002,"Ceara",127.39,25.08,0
13,"2002-02",63.558,25.85,3852,7303432.03515625,"Ceara",3852,7303432.03515625,2,2002,"Ceara",63.558,25.85,0
14,"2002-03",94.167,25.8,4159,7303432.03515625,"Ceara",4159,7303432.03515625,3,2002,"Ceara",94.167,25.8,0
15,"2002-04",49.456,25.91,2551,7303432.03515625,"Ceara",2551,7303432.03515625,4,2002,"Ceara",49.456,25.91,0
16,"2002-05",43.154,25.46,1703,7303432.03515625,"Ceara",1703,7303432.03515625,5,2002,"Ceara",43.154,25.46,0
17,"2002-06",87.517,23.73,1353,7303432.03515625,"Ceara",1353,7303432.03515625,6,2002,"Ceara",87.517,23.73,0
18,"2002-07",27.858,24.09,1221,7303432.03515625,"Ceara",1221,7303432.03515625,7,2002,"Ceara",27.858,24.09,0
19,"2002-08",18.243,24.08,1052,7303432.03515625,"Ceara",1052,7303432.03515625,8,2002,"Ceara",18.243,24.08,0
20,"2002-09",6.597,25.28,608,7303432.03515625,"Ceara",608,7303432.03515625,9,2002,"Ceara",6.597,25.28,0
21,"2002-10",12.533,26.13,751,7303432.03515625,"Ceara",751,7303432.03515625,10,2002,"Ceara",12.533,26.13,0
22,"2002-11",12.403,26.73,900,7303432.03515625,"Ceara",900,7303432.03515625,11,2002,"Ceara",12.403,26.73,0
23,"2002-12",26.174,27.18,706,7303432.03515625,"Ceara",706,7303432.03515625,12,2002,"Ceara",26.174,27.18,0
24,"2003-01",106.392,26.58,2292,7386447.50585937,"Ceara",2292,7386447.50585937,1,2003,"Ceara",106.392,26.58,0
25,"2003-02",68.428,26.01,4829,7386447.50585937,"Ceara",4829,7386447.50585937,2,2003,"Ceara",68.428,26.01,0
26,"2003-03",155.902,25.62,5671,7386447.50585937,"Ceara",5671,7386447.50585937,3,2003,"Ceara",155.902,25.62,0
27,"2003-04",48.808,25.88,6119,7386447.50585937,"Ceara",6119,7386447.50585937,4,2003,"Ceara",48.808,25.88,0
28,"2003-05",28.335,25.95,6667,7386447.50585937,"Ceara",6667,7386447.50585937,5,2003,"Ceara",28.335,25.95,0
29,"2003-06",55.968,24.23,4146,7386447.50585937,"Ceara",4146,7386447.50585937,6,2003,"Ceara",55.968,24.23,0
30,"2003-07",14.045,24.14,1678,7386447.50585937,"Ceara",1678,7386447.50585937,7,2003,"Ceara",14.045,24.14,0
31,"2003-08",11.242,24.87,758,7386447.50585937,"Ceara",758,7386447.50585937,8,2003,"Ceara",11.242,24.87,0
32,"2003-09",11.704,25.57,452,7386447.50585937,"Ceara",452,7386447.50585937,9,2003,"Ceara",11.704,25.57,0
33,"2003-10",8.951,26.59,471,7386447.50585937,"Ceara",471,7386447.50585937,10,2003,"Ceara",8.951,26.59,0
34,"2003-11",8.297,27.35,514,7386447.50585937,"Ceara",514,7386447.50585937,11,2003,"Ceara",8.297,27.35,0
35,"2003-12",19.327,27.4,370,7386447.50585937,"Ceara",370,7386447.50585937,12,2003,"Ceara",19.327,27.4,0
36,"2004-01",295.43,25.44,389,7469450.89453125,"Ceara",389,7469450.89453125,1,2004,"Ceara",295.43,25.44,0
37,"2004-02",141.147,24.84,672,7469450.89453125,"Ceara",672,7469450.89453125,2,2004,"Ceara",141.147,24.84,0
38,"2004-03",53.324,25.67,496,7469450.89453125,"Ceara",496,7469450.89453125,3,2004,"Ceara",53.324,25.67,0
39,"2004-04",63.088,26.13,270,7469450.89453125,"Ceara",270,7469450.89453125,4,2004,"Ceara",63.088,26.13,0
40,"2004-05",65.147,25.03,328,7469450.89453125,"Ceara",328,7469450.89453125,5,2004,"Ceara",65.147,25.03,0
41,"2004-06",89.671,23.52,462,7469450.89453125,"Ceara",462,7469450.89453125,6,2004,"Ceara",89.671,23.52,0
42,"2004-07",37.994,23.38,385,7469450.89453125,"Ceara",385,7469450.89453125,7,2004,"Ceara",37.994,23.38,0
43,"2004-08",16.722,24.32,396,7469450.89453125,"Ceara",396,7469450.89453125,8,2004,"Ceara",16.722,24.32,0
44,"2004-09",10.771,25.22,214,7469450.89453125,"Ceara",214,7469450.89453125,9,2004,"Ceara",10.771,25.22,0
45,"2004-10",7.806,26.37,177,7469450.89453125,"Ceara",177,7469450.89453125,10,2004,"Ceara",7.806,26.37,0
46,"2004-11",6.76,26.81,169,7469450.89453125,"Ceara",169,7469450.89453125,11,2004,"Ceara",6.76,26.81,0
47,"2004-12",13.017,27.25,104,7469450.89453125,"Ceara",104,7469450.89453125,12,2004,"Ceara",13.017,27.25,0
48,"2005-01",54.179,27.08,1207,7552442.78320313,"Ceara",1207,7552442.78320313,1,2005,"Ceara",54.179,27.08,0
49,"2005-02",49.782,26.99,1480,7552442.78320313,"Ceara",1480,7552442.78320313,2,2005,"Ceara",49.782,26.99,0
50,"2005-03",125.075,26.88,1237,7552442.78320313,"Ceara",1237,7552442.78320313,3,2005,"Ceara",125.075,26.88,0
51,"2005-04",23.927,26.43,1322,7552442.78320313,"Ceara",1322,7552442.78320313,4,2005,"Ceara",23.927,26.43,0
52,"2005-05",67.81,25.24,2585,7552442.78320313,"Ceara",2585,7552442.78320313,5,2005,"Ceara",67.81,25.24,0
53,"2005-06",55.896,24.13,3702,7552442.78320313,"Ceara",3702,7552442.78320313,6,2005,"Ceara",55.896,24.13,0
54,"2005-07",15.37,23.88,6083,7552442.78320313,"Ceara",6083,7552442.78320313,7,2005,"Ceara",15.37,23.88,0
55,"2005-08",20.01,23.91,4949,7552442.78320313,"Ceara",4949,7552442.78320313,8,2005,"Ceara",20.01,23.91,0
56,"2005-09",9.51,25.27,2365,7552442.78320313,"Ceara",2365,7552442.78320313,9,2005,"Ceara",9.51,25.27,0
57,"2005-10",6.827,26.29,979,7552442.78320313,"Ceara",979,7552442.78320313,10,2005,"Ceara",6.827,26.29,0
58,"2005-11",5.751,27.02,947,7552442.78320313,"Ceara",947,7552442.78320313,11,2005,"Ceara",5.751,27.02,0
59,"2005-12",36.803,26.59,660,7552442.78320313,"Ceara",660,7552442.78320313,12,2005,"Ceara",36.803,26.59,0
60,"2006-01",8.302,27.26,998,7635219.5070408,"Ceara",998,7635219.5070408,1,2006,"Ceara",8.302,27.26,0
61,"2006-02",71.71,26.64,1119,7635219.5070408,"Ceara",1119,7635219.5070408,2,2006,"Ceara",71.71,26.64,0
62,"2006-03",94.513,26.03,1800,7635219.5070408,"Ceara",1800,7635219.5070408,3,2006,"Ceara",94.513,26.03,0
63,"2006-04",151.218,25.31,2807,7635219.5070408,"Ceara",2807,7635219.5070408,4,2006,"Ceara",151.218,25.31,0
64,"2006-05",67.596,24.86,5767,7635219.5070408,"Ceara",5767,7635219.5070408,5,2006,"Ceara",67.596,24.86,0
65,"2006-06",40.702,24.04,5834,7635219.5070408,"Ceara",5834,7635219.5070408,6,2006,"Ceara",40.702,24.04,0
66,"2006-07",21.733,23.89,4443,7635219.5070408,"Ceara",4443,7635219.5070408,7,2006,"Ceara",21.733,23.89,0
67,"2006-08",16.411,24.28,2675,7635219.5070408,"Ceara",2675,7635219.5070408,8,2006,"Ceara",16.411,24.28,0
68,"2006-09",8.818,25.39,1093,7635219.5070408,"Ceara",1093,7635219.5070408,9,2006,"Ceara",8.818,25.39,0
69,"2006-10",7.729,26.56,773,7635219.5070408,"Ceara",773,7635219.5070408,10,2006,"Ceara",7.729,26.56,0
70,"2006-11",13.659,26.75,924,7635219.5070408,"Ceara",924,7635219.5070408,11,2006,"Ceara",13.659,26.75,0
71,"2006-12",21.647,27.16,504,7635219.5070408,"Ceara",504,7635219.5070408,12,2006,"Ceara",21.647,27.16,0
72,"2007-01",15.648,27.43,2168,7714871.81532185,"Ceara",2168,7714871.81532185,1,2007,"Ceara",15.648,27.43,0
73,"2007-02",155.446,26.08,2986,7714871.81532185,"Ceara",2986,7714871.81532185,2,2007,"Ceara",155.446,26.08,0
74,"2007-03",51.307,25.74,3689,7714871.81532185,"Ceara",3689,7714871.81532185,3,2007,"Ceara",51.307,25.74,0
75,"2007-04",75.107,26.13,5374,7714871.81532185,"Ceara",5374,7714871.81532185,4,2007,"Ceara",75.107,26.13,0
76,"2007-05",27.561,25.25,5853,7714871.81532185,"Ceara",5853,7714871.81532185,5,2007,"Ceara",27.561,25.25,0
77,"2007-06",38.431,24.14,5137,7714871.81532185,"Ceara",5137,7714871.81532185,6,2007,"Ceara",38.431,24.14,0
78,"2007-07",17.745,23.96,3397,7714871.81532185,"Ceara",3397,7714871.81532185,7,2007,"Ceara",17.745,23.96,0
79,"2007-08",17.98,23.66,2137,7714871.81532185,"Ceara",2137,7714871.81532185,8,2007,"Ceara",17.98,23.66,0
80,"2007-09",13.398,24.51,1282,7714871.81532185,"Ceara",1282,7714871.81532185,9,2007,"Ceara",13.398,24.51,0
81,"2007-10",7.382,25.94,1252,7714871.81532185,"Ceara",1252,7714871.81532185,10,2007,"Ceara",7.382,25.94,0
82,"2007-11",7.546,26.68,1071,7714871.81532185,"Ceara",1071,7714871.81532185,11,2007,"Ceara",7.546,26.68,0
83,"2007-12",15.123,26.69,1106,7714871.81532185,"Ceara",1106,7714871.81532185,12,2007,"Ceara",15.123,26.69,0
84,"2008-01",65.29,26.41,2486,7791967.78360204,"Ceara",2486,7791967.78360204,1,2008,"Ceara",65.29,26.41,0
85,"2008-02",56.989,26.52,4329,7791967.78360204,"Ceara",4329,7791967.78360204,2,2008,"Ceara",56.989,26.52,0
86,"2008-03",326.453,24.93,7619,7791967.78360204,"Ceara",7619,7791967.78360204,3,2008,"Ceara",326.453,24.93,0
87,"2008-04",155.715,24.39,18068,7791967.78360204,"Ceara",18068,7791967.78360204,4,2008,"Ceara",155.715,24.39,0
88,"2008-05",140.018,24.05,14270,7791967.78360204,"Ceara",14270,7791967.78360204,5,2008,"Ceara",140.018,24.05,0
89,"2008-06",29.688,23.47,5288,7791967.78360204,"Ceara",5288,7791967.78360204,6,2008,"Ceara",29.688,23.47,0
90,"2008-07",68.397,22.7,1184,7791967.78360204,"Ceara",1184,7791967.78360204,7,2008,"Ceara",68.397,22.7,0
91,"2008-08",33.88,23.5,556,7791967.78360204,"Ceara",556,7791967.78360204,8,2008,"Ceara",33.88,23.5,0
92,"2008-09",10.887,25.24,336,7791967.78360204,"Ceara",336,7791967.78360204,9,2008,"Ceara",10.887,25.24,0
93,"2008-10",11.36,26.06,347,7791967.78360204,"Ceara",347,7791967.78360204,10,2008,"Ceara",11.36,26.06,0
94,"2008-11",5.369,26.74,367,7791967.78360204,"Ceara",367,7791967.78360204,11,2008,"Ceara",5.369,26.74,0
95,"2008-12",11.497,27.08,509,7791967.78360204,"Ceara",509,7791967.78360204,12,2008,"Ceara",11.497,27.08,0
96,"2009-01",60.362,26.59,644,7867318.94838956,"Ceara",644,7867318.94838956,1,2009,"Ceara",60.362,26.59,0
97,"2009-02",114.532,25.47,1269,7867318.94838956,"Ceara",1269,7867318.94838956,2,2009,"Ceara",114.532,25.47,0
98,"2009-03",97.671,25.44,2512,7867318.94838956,"Ceara",2512,7867318.94838956,3,2009,"Ceara",97.671,25.44,0
99,"2009-04",194.519,24.72,946,7867318.94838956,"Ceara",946,7867318.94838956,4,2009,"Ceara",194.519,24.72,0
100,"2009-05",168.546,24.05,627,7867318.94838956,"Ceara",627,7867318.94838956,5,2009,"Ceara",168.546,24.05,0
101,"2009-06",51.63,23.74,370,7867318.94838956,"Ceara",370,7867318.94838956,6,2009,"Ceara",51.63,23.74,0
102,"2009-07",37.701,23.69,193,7867318.94838956,"Ceara",193,7867318.94838956,7,2009,"Ceara",37.701,23.69,0
103,"2009-08",26.086,24.08,139,7867318.94838956,"Ceara",139,7867318.94838956,8,2009,"Ceara",26.086,24.08,0
104,"2009-09",10.795,25.3,135,7867318.94838956,"Ceara",135,7867318.94838956,9,2009,"Ceara",10.795,25.3,0
105,"2009-10",5.115,26.32,213,7867318.94838956,"Ceara",213,7867318.94838956,10,2009,"Ceara",5.115,26.32,0
106,"2009-11",9.872,26.59,530,7867318.94838956,"Ceara",530,7867318.94838956,11,2009,"Ceara",9.872,26.59,0
107,"2009-12",30.407,26.76,633,7867318.94838956,"Ceara",633,7867318.94838956,12,2009,"Ceara",30.407,26.76,0
108,"2010-01",83.922,25.82,1831,7941452.80841477,"Ceara",1831,7941452.80841477,1,2010,"Ceara",83.922,25.82,0
109,"2010-02",28.473,27.28,2223,7941452.80841477,"Ceara",2223,7941452.80841477,2,2010,"Ceara",28.473,27.28,0
110,"2010-03",50.67,27.48,2395,7941452.80841477,"Ceara",2395,7941452.80841477,3,2010,"Ceara",50.67,27.48,0
111,"2010-04",84.454,26.32,1847,7941452.80841477,"Ceara",1847,7941452.80841477,4,2010,"Ceara",84.454,26.32,0
112,"2010-05",22.022,26.81,2472,7941452.80841477,"Ceara",2472,7941452.80841477,5,2010,"Ceara",22.022,26.81,0
113,"2010-06",49.511,24.61,2060,7941452.80841477,"Ceara",2060,7941452.80841477,6,2010,"Ceara",49.511,24.61,0
114,"2010-07",34.338,23.96,1791,7941452.80841477,"Ceara",1791,7941452.80841477,7,2010,"Ceara",34.338,23.96,0
115,"2010-08",12.227,23.8,1475,7941452.80841477,"Ceara",1475,7941452.80841477,8,2010,"Ceara",12.227,23.8,0
116,"2010-09",11.145,24.74,1399,7941452.80841477,"Ceara",1399,7941452.80841477,9,2010,"Ceara",11.145,24.74,0
117,"2010-10",47.706,26.29,1793,7941452.80841477,"Ceara",1793,7941452.80841477,10,2010,"Ceara",47.706,26.29,0
118,"2010-11",6.153,26.72,2259,7941452.80841477,"Ceara",2259,7941452.80841477,11,2010,"Ceara",6.153,26.72,0
119,"2010-12",52.226,26.08,2883,7941452.80841477,"Ceara",2883,7941452.80841477,12,2010,"Ceara",52.226,26.08,0
120,"2011-01",120.275,25.64,5566,8014531.67097931,"Ceara",5566,8014531.67097931,1,2011,"Ceara",120.275,25.64,0
121,"2011-02",102.763,25.67,8590,8014531.67097931,"Ceara",8590,8014531.67097931,2,2011,"Ceara",102.763,25.67,0
122,"2011-03",79.662,25.53,13823,8014531.67097931,"Ceara",13823,8014531.67097931,3,2011,"Ceara",79.662,25.53,0
123,"2011-04",128.1,25.13,16164,8014531.67097931,"Ceara",16164,8014531.67097931,4,2011,"Ceara",128.1,25.13,0
124,"2011-05",136.09,23.96,9008,8014531.67097931,"Ceara",9008,8014531.67097931,5,2011,"Ceara",136.09,23.96,0
125,"2011-06",54.626,23.94,3165,8014531.67097931,"Ceara",3165,8014531.67097931,6,2011,"Ceara",54.626,23.94,0
126,"2011-07",114.11,22.93,1308,8014531.67097931,"Ceara",1308,8014531.67097931,7,2011,"Ceara",114.11,22.93,0
127,"2011-08",22.264,23.79,816,8014531.67097931,"Ceara",816,8014531.67097931,8,2011,"Ceara",22.264,23.79,0
128,"2011-09",8.563,24.5,592,8014531.67097931,"Ceara",592,8014531.67097931,9,2011,"Ceara",8.563,24.5,0
129,"2011-10",19.938,25.7,534,8014531.67097931,"Ceara",534,8014531.67097931,10,2011,"Ceara",19.938,25.7,0
130,"2011-11",18.598,26.1,504,8014531.67097931,"Ceara",504,8014531.67097931,11,2011,"Ceara",18.598,26.1,0
131,"2011-12",12.45,26.54,809,8014531.67097931,"Ceara",809,8014531.67097931,12,2011,"Ceara",12.45,26.54,0
132,"2012-01",43.568,26.07,1999,8086433.80560693,"Ceara",1999,8086433.80560693,1,2012,"Ceara",43.568,26.07,0
133,"2012-02",58.323,25.94,2507,8086433.80560693,"Ceara",2507,8086433.80560693,2,2012,"Ceara",58.323,25.94,0
134,"2012-03",37.269,26.56,5045,8086433.80560693,"Ceara",5045,8086433.80560693,3,2012,"Ceara",37.269,26.56,0
135,"2012-04",15.495,26.84,10995,8086433.80560693,"Ceara",10995,8086433.80560693,4,2012,"Ceara",15.495,26.84,0
136,"2012-05",19.408,25.96,24489,8086433.80560693,"Ceara",24489,8086433.80560693,5,2012,"Ceara",19.408,25.96,0
137,"2012-06",28.833,24.84,6348,8086433.80560693,"Ceara",6348,8086433.80560693,6,2012,"Ceara",28.833,24.84,0
138,"2012-07",21.564,23.78,1929,8086433.80560693,"Ceara",1929,8086433.80560693,7,2012,"Ceara",21.564,23.78,0
139,"2012-08",8.314,23.79,771,8086433.80560693,"Ceara",771,8086433.80560693,8,2012,"Ceara",8.314,23.79,0
140,"2012-09",5.678,24.98,417,8086433.80560693,"Ceara",417,8086433.80560693,9,2012,"Ceara",5.678,24.98,0
141,"2012-10",8.887,25.73,338,8086433.80560693,"Ceara",338,8086433.80560693,10,2012,"Ceara",8.887,25.73,0
142,"2012-11",3.895,26.8,402,8086433.80560693,"Ceara",402,8086433.80560693,11,2012,"Ceara",3.895,26.8,0
143,"2012-12",7.982,27.07,475,8086433.80560693,"Ceara",475,8086433.80560693,12,2012,"Ceara",7.982,27.07,0
144,"2013-01",18.394,27.3,926,8157402.67325011,"Ceara",926,8157402.67325011,1,2013,"Ceara",18.394,27.3,0
145,"2013-02",22.125,27.46,1824,8157402.67325011,"Ceara",1824,8157402.67325011,2,2013,"Ceara",22.125,27.46,0
146,"2013-03",28.815,27.59,2778,8157402.67325011,"Ceara",2778,8157402.67325011,3,2013,"Ceara",28.815,27.59,0
147,"2013-04",57.637,26.7,5229,8157402.67325011,"Ceara",5229,8157402.67325011,4,2013,"Ceara",57.637,26.7,0
148,"2013-05",34.938,25.8,5062,8157402.67325011,"Ceara",5062,8157402.67325011,5,2013,"Ceara",34.938,25.8,0
149,"2013-06",28.839,24.94,4265,8157402.67325011,"Ceara",4265,8157402.67325011,6,2013,"Ceara",28.839,24.94,0
150,"2013-07",53.052,23.82,4370,8157402.67325011,"Ceara",4370,8157402.67325011,7,2013,"Ceara",53.052,23.82,0
151,"2013-08",23.594,24.44,3546,8157402.67325011,"Ceara",3546,8157402.67325011,8,2013,"Ceara",23.594,24.44,0
152,"2013-09",15.372,25.06,1402,8157402.67325011,"Ceara",1402,8157402.67325011,9,2013,"Ceara",15.372,25.06,0
153,"2013-10",12.455,26.03,738,8157402.67325011,"Ceara",738,8157402.67325011,10,2013,"Ceara",12.455,26.03,0
154,"2013-11",20.512,26,665,8157402.67325011,"Ceara",665,8157402.67325011,11,2013,"Ceara",20.512,26,0
155,"2013-12",41.69,26.28,574,8157402.67325011,"Ceara",574,8157402.67325011,12,2013,"Ceara",41.69,26.28,0
156,"2014-01",25.367,26.67,1278,8227519.42755967,"Ceara",1278,8227519.42755967,1,2014,"Ceara",25.367,26.67,0
157,"2014-02",54.738,26.08,1554,8227519.42755967,"Ceara",1554,8227519.42755967,2,2014,"Ceara",54.738,26.08,0
158,"2014-03",74.432,26.03,1642,8227519.42755967,"Ceara",1642,8227519.42755967,3,2014,"Ceara",74.432,26.03,0
159,"2014-04",61.07,26.08,2405,8227519.42755967,"Ceara",2405,8227519.42755967,4,2014,"Ceara",61.07,26.08,0
160,"2014-05",78.259,24.85,3701,8227519.42755967,"Ceara",3701,8227519.42755967,5,2014,"Ceara",78.259,24.85,0
161,"2014-06",32.682,24.29,3784,8227519.42755967,"Ceara",3784,8227519.42755967,6,2014,"Ceara",32.682,24.29,0
162,"2014-07",35.842,23.83,3483,8227519.42755967,"Ceara",3483,8227519.42755967,7,2014,"Ceara",35.842,23.83,0
163,"2014-08",13.847,24,2089,8227519.42755967,"Ceara",2089,8227519.42755967,8,2014,"Ceara",13.847,24,0
164,"2014-09",17.975,24.9,1390,8227519.42755967,"Ceara",1390,8227519.42755967,9,2014,"Ceara",17.975,24.9,0
165,"2014-10",17.419,25.63,928,8227519.42755967,"Ceara",928,8227519.42755967,10,2014,"Ceara",17.419,25.63,0
166,"2014-11",22.479,26.11,790,8227519.42755967,"Ceara",790,8227519.42755967,11,2014,"Ceara",22.479,26.11,0
167,"2014-12",18.74,26.49,1209,8227519.42755967,"Ceara",1209,8227519.42755967,12,2014,"Ceara",18.74,26.49,0
168,"2015-01",16.786,26.95,1701,8296824.64536101,"Ceara",1701,8296824.64536101,1,2015,"Ceara",16.786,26.95,0
169,"2015-02",39.173,26.84,2573,8296824.64536101,"Ceara",2573,8296824.64536101,2,2015,"Ceara",39.173,26.84,0
170,"2015-03",102.138,25.98,6165,8296824.64536101,"Ceara",6165,8296824.64536101,3,2015,"Ceara",102.138,25.98,0
171,"2015-04",39.429,26.26,10783,8296824.64536101,"Ceara",10783,8296824.64536101,4,2015,"Ceara",39.429,26.26,0
172,"2015-05",21.703,26.52,17255,8296824.64536101,"Ceara",17255,8296824.64536101,5,2015,"Ceara",21.703,26.52,0
173,"2015-06",33.074,24.66,13234,8296824.64536101,"Ceara",13234,8296824.64536101,6,2015,"Ceara",33.074,24.66,0
174,"2015-07",41.478,23.95,6352,8296824.64536101,"Ceara",6352,8296824.64536101,7,2015,"Ceara",41.478,23.95,0
175,"2015-08",11.993,24.3,3663,8296824.64536101,"Ceara",3663,8296824.64536101,8,2015,"Ceara",11.993,24.3,0
176,"2015-09",8.559,25.51,1629,8296824.64536101,"Ceara",1629,8296824.64536101,9,2015,"Ceara",8.559,25.51,0
177,"2015-10",6.553,26.38,754,8296824.64536101,"Ceara",754,8296824.64536101,10,2015,"Ceara",6.553,26.38,0
178,"2015-11",4.692,27.1,608,8296824.64536101,"Ceara",608,8296824.64536101,11,2015,"Ceara",4.692,27.1,0
179,"2015-12",37.945,26.9,850,8296824.64536101,"Ceara",850,8296824.64536101,12,2015,"Ceara",37.945,26.9,0
180,"2016-01",158.574,25.51,1654,8365440.05713038,"Ceara",1654,8365440.05713038,1,2016,"Ceara",158.574,25.51,0
181,"2016-02",52.982,26.11,3778,8365440.05713038,"Ceara",3778,8365440.05713038,2,2016,"Ceara",52.982,26.11,0
182,"2016-03",61.497,27.1,5717,8365440.05713038,"Ceara",5717,8365440.05713038,3,2016,"Ceara",61.497,27.1,0
183,"2016-04",44.207,26.28,9742,8365440.05713038,"Ceara",9742,8365440.05713038,4,2016,"Ceara",44.207,26.28,0
184,"2016-05",67.177,25.61,12049,8365440.05713038,"Ceara",12049,8365440.05713038,5,2016,"Ceara",67.177,25.61,0
185,"2016-06",17.691,25.03,7793,8365440.05713038,"Ceara",7793,8365440.05713038,6,2016,"Ceara",17.691,25.03,0
186,"2016-07",11.239,24.47,4827,8365440.05713038,"Ceara",4827,8365440.05713038,7,2016,"Ceara",11.239,24.47,0
187,"2016-08",8.259,24.83,2985,8365440.05713038,"Ceara",2985,8365440.05713038,8,2016,"Ceara",8.259,24.83,0
188,"2016-09",7.712,25.8,1425,8365440.05713038,"Ceara",1425,8365440.05713038,9,2016,"Ceara",7.712,25.8,0
189,"2016-10",7.168,26.7,1099,8365440.05713038,"Ceara",1099,8365440.05713038,10,2016,"Ceara",7.168,26.7,0
190,"2016-11",7.058,27.19,1751,8365440.05713038,"Ceara",1751,8365440.05713038,11,2016,"Ceara",7.058,27.19,0
191,"2016-12",17.378,27.29,1168,8365440.05713038,"Ceara",1168,8365440.05713038,12,2016,"Ceara",17.378,27.29,0
0,"2001-01",203.934,23.25,400,11186100.625,"DistritoFederal",400,11186100.625,1,2001,"DistritoFederal",203.934,23.25,0
1,"2001-02",241.954,23.13,220,11186100.625,"DistritoFederal",220,11186100.625,2,2001,"DistritoFederal",241.954,23.13,0
2,"2001-03",146.968,22.72,209,11186100.625,"DistritoFederal",209,11186100.625,3,2001,"DistritoFederal",146.968,22.72,0
3,"2001-04",98.278,21.47,190,11186100.625,"DistritoFederal",190,11186100.625,4,2001,"DistritoFederal",98.278,21.47,0
4,"2001-05",121.408,16.37,173,11186100.625,"DistritoFederal",173,11186100.625,5,2001,"DistritoFederal",121.408,16.37,0
5,"2001-06",117.1,15.03,92,11186100.625,"DistritoFederal",92,11186100.625,6,2001,"DistritoFederal",117.1,15.03,0
6,"2001-07",102.927,16,76,11186100.625,"DistritoFederal",76,11186100.625,7,2001,"DistritoFederal",102.927,16,0
7,"2001-08",61.699,18.21,32,11186100.625,"DistritoFederal",32,11186100.625,8,2001,"DistritoFederal",61.699,18.21,0
8,"2001-09",163.014,18.47,21,11186100.625,"DistritoFederal",21,11186100.625,9,2001,"DistritoFederal",163.014,18.47,0
9,"2001-10",111.419,20.22,32,11186100.625,"DistritoFederal",32,11186100.625,10,2001,"DistritoFederal",111.419,20.22,0
10,"2001-11",180.014,22.01,40,11186100.625,"DistritoFederal",40,11186100.625,11,2001,"DistritoFederal",180.014,22.01,0
11,"2001-12",159.984,21.56,56,11186100.625,"DistritoFederal",56,11186100.625,12,2001,"DistritoFederal",159.984,21.56,0
12,"2002-01",227.743,22.48,642,11336441.25,"DistritoFederal",642,11336441.25,1,2002,"DistritoFederal",227.743,22.48,0
13,"2002-02",139.871,21.84,1028,11336441.25,"DistritoFederal",1028,11336441.25,2,2002,"DistritoFederal",139.871,21.84,0
14,"2002-03",89.168,23.94,891,11336441.25,"DistritoFederal",891,11336441.25,3,2002,"DistritoFederal",89.168,23.94,0
15,"2002-04",53.282,22.88,313,11336441.25,"DistritoFederal",313,11336441.25,4,2002,"DistritoFederal",53.282,22.88,0
16,"2002-05",193.206,18.77,110,11336441.25,"DistritoFederal",110,11336441.25,5,2002,"DistritoFederal",193.206,18.77,0
17,"2002-06",33.379,17.73,27,11336441.25,"DistritoFederal",27,11336441.25,6,2002,"DistritoFederal",33.379,17.73,0
18,"2002-07",83.508,15.38,30,11336441.25,"DistritoFederal",30,11336441.25,7,2002,"DistritoFederal",83.508,15.38,0
19,"2002-08",99.342,18.64,29,11336441.25,"DistritoFederal",29,11336441.25,8,2002,"DistritoFederal",99.342,18.64,0
20,"2002-09",117.026,17.68,6,11336441.25,"DistritoFederal",6,11336441.25,9,2002,"DistritoFederal",117.026,17.68,0
21,"2002-10",130.116,22.85,19,11336441.25,"DistritoFederal",19,11336441.25,10,2002,"DistritoFederal",130.116,22.85,0
22,"2002-11",200.623,21.76,38,11336441.25,"DistritoFederal",38,11336441.25,11,2002,"DistritoFederal",200.623,21.76,0
23,"2002-12",180.68,23.23,82,11336441.25,"DistritoFederal",82,11336441.25,12,2002,"DistritoFederal",180.68,23.23,0
24,"2003-01",253.3,23.12,189,11486862.125,"DistritoFederal",189,11486862.125,1,2003,"DistritoFederal",253.3,23.12,0
25,"2003-02",192.034,23.46,189,11486862.125,"DistritoFederal",189,11486862.125,2,2003,"DistritoFederal",192.034,23.46,0
26,"2003-03",132.148,22.31,152,11486862.125,"DistritoFederal",152,11486862.125,3,2003,"DistritoFederal",132.148,22.31,0
27,"2003-04",94.555,20.16,119,11486862.125,"DistritoFederal",119,11486862.125,4,2003,"DistritoFederal",94.555,20.16,0
28,"2003-05",44.382,16.62,79,11486862.125,"DistritoFederal",79,11486862.125,5,2003,"DistritoFederal",44.382,16.62,0
29,"2003-06",87.322,17.57,36,11486862.125,"DistritoFederal",36,11486862.125,6,2003,"DistritoFederal",87.322,17.57,0
30,"2003-07",75.92,16.31,39,11486862.125,"DistritoFederal",39,11486862.125,7,2003,"DistritoFederal",75.92,16.31,0
31,"2003-08",35.438,14.85,20,11486862.125,"DistritoFederal",20,11486862.125,8,2003,"DistritoFederal",35.438,14.85,0
32,"2003-09",99.934,18.43,6,11486862.125,"DistritoFederal",6,11486862.125,9,2003,"DistritoFederal",99.934,18.43,0
33,"2003-10",132.019,20.42,13,11486862.125,"DistritoFederal",13,11486862.125,10,2003,"DistritoFederal",132.019,20.42,0
34,"2003-11",142.799,21.26,9,11486862.125,"DistritoFederal",9,11486862.125,11,2003,"DistritoFederal",142.799,21.26,0
35,"2003-12",224.741,22.43,44,11486862.125,"DistritoFederal",44,11486862.125,12,2003,"DistritoFederal",224.741,22.43,0
36,"2004-01",132.979,22.63,63,11637364.5,"DistritoFederal",63,11637364.5,1,2004,"DistritoFederal",132.979,22.63,0
37,"2004-02",116.759,22.43,73,11637364.5,"DistritoFederal",73,11637364.5,2,2004,"DistritoFederal",116.759,22.43,0
38,"2004-03",115.817,21.75,50,11637364.5,"DistritoFederal",50,11637364.5,3,2004,"DistritoFederal",115.817,21.75,0
39,"2004-04",118.568,21.02,22,11637364.5,"DistritoFederal",22,11637364.5,4,2004,"DistritoFederal",118.568,21.02,0
40,"2004-05",273.228,15.34,14,11637364.5,"DistritoFederal",14,11637364.5,5,2004,"DistritoFederal",273.228,15.34,0
41,"2004-06",86.304,15.27,7,11637364.5,"DistritoFederal",7,11637364.5,6,2004,"DistritoFederal",86.304,15.27,0
42,"2004-07",118.703,15.09,11,11637364.5,"DistritoFederal",11,11637364.5,7,2004,"DistritoFederal",118.703,15.09,0
43,"2004-08",24.53,16.73,4,11637364.5,"DistritoFederal",4,11637364.5,8,2004,"DistritoFederal",24.53,16.73,0
44,"2004-09",81.142,21.1,3,11637364.5,"DistritoFederal",3,11637364.5,9,2004,"DistritoFederal",81.142,21.1,0
45,"2004-10",242.069,19.67,6,11637364.5,"DistritoFederal",6,11637364.5,10,2004,"DistritoFederal",242.069,19.67,0
46,"2004-11",173.833,20.71,3,11637364.5,"DistritoFederal",3,11637364.5,11,2004,"DistritoFederal",173.833,20.71,0
47,"2004-12",147.034,21.54,5,11637364.5,"DistritoFederal",5,11637364.5,12,2004,"DistritoFederal",147.034,21.54,0
48,"2005-01",246.119,22.58,35,11787947.375,"DistritoFederal",35,11787947.375,1,2005,"DistritoFederal",246.119,22.58,0
49,"2005-02",52.601,23.11,44,11787947.375,"DistritoFederal",44,11787947.375,2,2005,"DistritoFederal",52.601,23.11,0
50,"2005-03",75.648,22.85,64,11787947.375,"DistritoFederal",64,11787947.375,3,2005,"DistritoFederal",75.648,22.85,0
51,"2005-04",133.296,21.47,63,11787947.375,"DistritoFederal",63,11787947.375,4,2005,"DistritoFederal",133.296,21.47,0
52,"2005-05",102.184,18.44,44,11787947.375,"DistritoFederal",44,11787947.375,5,2005,"DistritoFederal",102.184,18.44,0
53,"2005-06",66.195,17.76,23,11787947.375,"DistritoFederal",23,11787947.375,6,2005,"DistritoFederal",66.195,17.76,0
54,"2005-07",62.226,14.69,41,11787947.375,"DistritoFederal",41,11787947.375,7,2005,"DistritoFederal",62.226,14.69,0
55,"2005-08",66.247,18.03,19,11787947.375,"DistritoFederal",19,11787947.375,8,2005,"DistritoFederal",66.247,18.03,0
56,"2005-09",230.21,16.48,8,11787947.375,"DistritoFederal",8,11787947.375,9,2005,"DistritoFederal",230.21,16.48,0
57,"2005-10",287.109,20.8,9,11787947.375,"DistritoFederal",9,11787947.375,10,2005,"DistritoFederal",287.109,20.8,0
58,"2005-11",107.788,21.07,10,11787947.375,"DistritoFederal",10,11787947.375,11,2005,"DistritoFederal",107.788,21.07,0
59,"2005-12",100.855,22.19,14,11787947.375,"DistritoFederal",14,11787947.375,12,2005,"DistritoFederal",100.855,22.19,0
60,"2006-01",152.377,23.96,77,11917146.3232719,"DistritoFederal",77,11917146.3232719,1,2006,"DistritoFederal",152.377,23.96,0
61,"2006-02",161.19,22.98,50,11917146.3232719,"DistritoFederal",50,11917146.3232719,2,2006,"DistritoFederal",161.19,22.98,0
62,"2006-03",138.475,22.67,80,11917146.3232719,"DistritoFederal",80,11917146.3232719,3,2006,"DistritoFederal",138.475,22.67,0
63,"2006-04",47.345,19.86,91,11917146.3232719,"DistritoFederal",91,11917146.3232719,4,2006,"DistritoFederal",47.345,19.86,0
64,"2006-05",18.744,15.8,81,11917146.3232719,"DistritoFederal",81,11917146.3232719,5,2006,"DistritoFederal",18.744,15.8,0
65,"2006-06",43.13,16.94,33,11917146.3232719,"DistritoFederal",33,11917146.3232719,6,2006,"DistritoFederal",43.13,16.94,0
66,"2006-07",54.263,17.26,12,11917146.3232719,"DistritoFederal",12,11917146.3232719,7,2006,"DistritoFederal",54.263,17.26,0
67,"2006-08",54.143,17.91,8,11917146.3232719,"DistritoFederal",8,11917146.3232719,8,2006,"DistritoFederal",54.143,17.91,0
68,"2006-09",145.57,17.59,14,11917146.3232719,"DistritoFederal",14,11917146.3232719,9,2006,"DistritoFederal",145.57,17.59,0
69,"2006-10",81.488,21.32,9,11917146.3232719,"DistritoFederal",9,11917146.3232719,10,2006,"DistritoFederal",81.488,21.32,0
70,"2006-11",175.734,21.73,24,11917146.3232719,"DistritoFederal",24,11917146.3232719,11,2006,"DistritoFederal",175.734,21.73,0
71,"2006-12",192.43,23.22,40,11917146.3232719,"DistritoFederal",40,11917146.3232719,12,2006,"DistritoFederal",192.43,23.22,0
72,"2007-01",245.994,22.8,103,12041468.6445747,"DistritoFederal",103,12041468.6445747,1,2007,"DistritoFederal",245.994,22.8,0
73,"2007-02",175.817,22.75,139,12041468.6445747,"DistritoFederal",139,12041468.6445747,2,2007,"DistritoFederal",175.817,22.75,0
74,"2007-03",121.645,23.11,213,12041468.6445747,"DistritoFederal",213,12041468.6445747,3,2007,"DistritoFederal",121.645,23.11,0
75,"2007-04",87.049,21.37,166,12041468.6445747,"DistritoFederal",166,12041468.6445747,4,2007,"DistritoFederal",87.049,21.37,0
76,"2007-05",119.284,16.45,141,12041468.6445747,"DistritoFederal",141,12041468.6445747,5,2007,"DistritoFederal",119.284,16.45,0
77,"2007-06",15.388,16.54,59,12041468.6445747,"DistritoFederal",59,12041468.6445747,6,2007,"DistritoFederal",15.388,16.54,0
78,"2007-07",130.962,14.5,76,12041468.6445747,"DistritoFederal",76,12041468.6445747,7,2007,"DistritoFederal",130.962,14.5,0
79,"2007-08",34.508,17.15,36,12041468.6445747,"DistritoFederal",36,12041468.6445747,8,2007,"DistritoFederal",34.508,17.15,0
80,"2007-09",46.886,21.22,21,12041468.6445747,"DistritoFederal",21,12041468.6445747,9,2007,"DistritoFederal",46.886,21.22,0
81,"2007-10",100.444,21.85,61,12041468.6445747,"DistritoFederal",61,12041468.6445747,10,2007,"DistritoFederal",100.444,21.85,0
82,"2007-11",188.002,20.98,64,12041468.6445747,"DistritoFederal",64,12041468.6445747,11,2007,"DistritoFederal",188.002,20.98,0
83,"2007-12",189.816,22.68,41,12041468.6445747,"DistritoFederal",41,12041468.6445747,12,2007,"DistritoFederal",189.816,22.68,0
84,"2008-01",206.588,21.9,153,12161800.9983573,"DistritoFederal",153,12161800.9983573,1,2008,"DistritoFederal",206.588,21.9,0
85,"2008-02",201.023,22.14,149,12161800.9983573,"DistritoFederal",149,12161800.9983573,2,2008,"DistritoFederal",201.023,22.14,0
86,"2008-03",101.548,21.35,282,12161800.9983573,"DistritoFederal",282,12161800.9983573,3,2008,"DistritoFederal",101.548,21.35,0
87,"2008-04",151.129,19.44,420,12161800.9983573,"DistritoFederal",420,12161800.9983573,4,2008,"DistritoFederal",151.129,19.44,0
88,"2008-05",78.942,16.18,178,12161800.9983573,"DistritoFederal",178,12161800.9983573,5,2008,"DistritoFederal",78.942,16.18,0
89,"2008-06",108.136,14.68,56,12161800.9983573,"DistritoFederal",56,12161800.9983573,6,2008,"DistritoFederal",108.136,14.68,0
90,"2008-07",40.338,16.72,20,12161800.9983573,"DistritoFederal",20,12161800.9983573,7,2008,"DistritoFederal",40.338,16.72,0
91,"2008-08",164.916,17.77,35,12161800.9983573,"DistritoFederal",35,12161800.9983573,8,2008,"DistritoFederal",164.916,17.77,0
92,"2008-09",82.724,17.12,21,12161800.9983573,"DistritoFederal",21,12161800.9983573,9,2008,"DistritoFederal",82.724,17.12,0
93,"2008-10",216.294,20.66,24,12161800.9983573,"DistritoFederal",24,12161800.9983573,10,2008,"DistritoFederal",216.294,20.66,0
94,"2008-11",181.918,20.82,15,12161800.9983573,"DistritoFederal",15,12161800.9983573,11,2008,"DistritoFederal",181.918,20.82,0
95,"2008-12",92.89,22.67,45,12161800.9983573,"DistritoFederal",45,12161800.9983573,12,2008,"DistritoFederal",92.89,22.67,0
96,"2009-01",249.242,21.85,75,12279410.0409754,"DistritoFederal",75,12279410.0409754,1,2009,"DistritoFederal",249.242,21.85,0
97,"2009-02",174.941,23,81,12279410.0409754,"DistritoFederal",81,12279410.0409754,2,2009,"DistritoFederal",174.941,23,0
98,"2009-03",79.099,22.93,106,12279410.0409754,"DistritoFederal",106,12279410.0409754,3,2009,"DistritoFederal",79.099,22.93,0
99,"2009-04",40.114,20.94,111,12279410.0409754,"DistritoFederal",111,12279410.0409754,4,2009,"DistritoFederal",40.114,20.94,0
100,"2009-05",117.246,17.89,129,12279410.0409754,"DistritoFederal",129,12279410.0409754,5,2009,"DistritoFederal",117.246,17.89,0
101,"2009-06",94.515,13.69,60,12279410.0409754,"DistritoFederal",60,12279410.0409754,6,2009,"DistritoFederal",94.515,13.69,0
102,"2009-07",213.312,14.84,49,12279410.0409754,"DistritoFederal",49,12279410.0409754,7,2009,"DistritoFederal",213.312,14.84,0
103,"2009-08",98.663,16.78,17,12279410.0409754,"DistritoFederal",17,12279410.0409754,8,2009,"DistritoFederal",98.663,16.78,0
104,"2009-09",221.042,18.74,11,12279410.0409754,"DistritoFederal",11,12279410.0409754,9,2009,"DistritoFederal",221.042,18.74,0
105,"2009-10",253.102,19.99,13,12279410.0409754,"DistritoFederal",13,12279410.0409754,10,2009,"DistritoFederal",253.102,19.99,0
106,"2009-11",211.019,23.58,42,12279410.0409754,"DistritoFederal",42,12279410.0409754,11,2009,"DistritoFederal",211.019,23.58,0
107,"2009-12",198.757,22.81,88,12279410.0409754,"DistritoFederal",88,12279410.0409754,12,2009,"DistritoFederal",198.757,22.81,0
108,"2010-01",279.389,23.02,987,12395119.09906,"DistritoFederal",987,12395119.09906,1,2010,"DistritoFederal",279.389,23.02,0
109,"2010-02",183.098,23.74,2515,12395119.09906,"DistritoFederal",2515,12395119.09906,2,2010,"DistritoFederal",183.098,23.74,0
110,"2010-03",155.784,22.34,3665,12395119.09906,"DistritoFederal",3665,12395119.09906,3,2010,"DistritoFederal",155.784,22.34,0
111,"2010-04",155.722,19.59,3445,12395119.09906,"DistritoFederal",3445,12395119.09906,4,2010,"DistritoFederal",155.722,19.59,0
112,"2010-05",109.585,16.23,3005,12395119.09906,"DistritoFederal",3005,12395119.09906,5,2010,"DistritoFederal",109.585,16.23,0
113,"2010-06",48.293,15.65,726,12395119.09906,"DistritoFederal",726,12395119.09906,6,2010,"DistritoFederal",48.293,15.65,0
114,"2010-07",94.036,16.02,218,12395119.09906,"DistritoFederal",218,12395119.09906,7,2010,"DistritoFederal",94.036,16.02,0
115,"2010-08",38.169,16.26,114,12395119.09906,"DistritoFederal",114,12395119.09906,8,2010,"DistritoFederal",38.169,16.26,0
116,"2010-09",137.43,19.62,82,12395119.09906,"DistritoFederal",82,12395119.09906,9,2010,"DistritoFederal",137.43,19.62,0
117,"2010-10",189.931,18.67,77,12395119.09906,"DistritoFederal",77,12395119.09906,10,2010,"DistritoFederal",189.931,18.67,0
118,"2010-11",127.617,20.39,65,12395119.09906,"DistritoFederal",65,12395119.09906,11,2010,"DistritoFederal",127.617,20.39,0
119,"2010-12",239.878,22.03,152,12395119.09906,"DistritoFederal",152,12395119.09906,12,2010,"DistritoFederal",239.878,22.03,0
120,"2011-01",232.731,23.26,216,12509181.5038824,"DistritoFederal",216,12509181.5038824,1,2011,"DistritoFederal",232.731,23.26,0
121,"2011-02",285.854,22.7,179,12509181.5038824,"DistritoFederal",179,12509181.5038824,2,2011,"DistritoFederal",285.854,22.7,0
122,"2011-03",127.896,21.44,242,12509181.5038824,"DistritoFederal",242,12509181.5038824,3,2011,"DistritoFederal",127.896,21.44,0
123,"2011-04",102.222,20.15,280,12509181.5038824,"DistritoFederal",280,12509181.5038824,4,2011,"DistritoFederal",102.222,20.15,0
124,"2011-05",23.079,16.64,269,12509181.5038824,"DistritoFederal",269,12509181.5038824,5,2011,"DistritoFederal",23.079,16.64,0
125,"2011-06",100.85,14.4,73,12509181.5038824,"DistritoFederal",73,12509181.5038824,6,2011,"DistritoFederal",100.85,14.4,0
126,"2011-07",133.46,16.01,50,12509181.5038824,"DistritoFederal",50,12509181.5038824,7,2011,"DistritoFederal",133.46,16.01,0
127,"2011-08",141.689,16.57,29,12509181.5038824,"DistritoFederal",29,12509181.5038824,8,2011,"DistritoFederal",141.689,16.57,0
128,"2011-09",79.336,18.17,22,12509181.5038824,"DistritoFederal",22,12509181.5038824,9,2011,"DistritoFederal",79.336,18.17,0
129,"2011-10",214.191,20.29,20,12509181.5038824,"DistritoFederal",20,12509181.5038824,10,2011,"DistritoFederal",214.191,20.29,0
130,"2011-11",145.559,20.25,13,12509181.5038824,"DistritoFederal",13,12509181.5038824,11,2011,"DistritoFederal",145.559,20.25,0
131,"2011-12",113.525,22.36,27,12509181.5038824,"DistritoFederal",27,12509181.5038824,12,2011,"DistritoFederal",113.525,22.36,0
132,"2012-01",199.594,22.07,156,12621407.2569892,"DistritoFederal",156,12621407.2569892,1,2012,"DistritoFederal",199.594,22.07,0
133,"2012-02",143.253,23.83,151,12621407.2569892,"DistritoFederal",151,12621407.2569892,2,2012,"DistritoFederal",143.253,23.83,0
134,"2012-03",68.552,22.12,221,12621407.2569892,"DistritoFederal",221,12621407.2569892,3,2012,"DistritoFederal",68.552,22.12,0
135,"2012-04",168.637,20.31,215,12621407.2569892,"DistritoFederal",215,12621407.2569892,4,2012,"DistritoFederal",168.637,20.31,0
136,"2012-05",87.197,16.85,204,12621407.2569892,"DistritoFederal",204,12621407.2569892,5,2012,"DistritoFederal",87.197,16.85,0
137,"2012-06",224.989,15.83,106,12621407.2569892,"DistritoFederal",106,12621407.2569892,6,2012,"DistritoFederal",224.989,15.83,0
138,"2012-07",97.049,15.34,91,12621407.2569892,"DistritoFederal",91,12621407.2569892,7,2012,"DistritoFederal",97.049,15.34,0
139,"2012-08",12.445,18.73,77,12621407.2569892,"DistritoFederal",77,12621407.2569892,8,2012,"DistritoFederal",12.445,18.73,0
140,"2012-09",60.407,20.1,51,12621407.2569892,"DistritoFederal",51,12621407.2569892,9,2012,"DistritoFederal",60.407,20.1,0
141,"2012-10",125.401,21.98,52,12621407.2569892,"DistritoFederal",52,12621407.2569892,10,2012,"DistritoFederal",125.401,21.98,0
142,"2012-11",99.901,21.98,53,12621407.2569892,"DistritoFederal",53,12621407.2569892,11,2012,"DistritoFederal",99.901,21.98,0
143,"2012-12",218.033,24.31,101,12621407.2569892,"DistritoFederal",101,12621407.2569892,12,2012,"DistritoFederal",218.033,24.31,0
144,"2013-01",137.744,22.43,590,12732176.355287,"DistritoFederal",590,12732176.355287,1,2013,"DistritoFederal",137.744,22.43,0
145,"2013-02",242.749,22.45,976,12732176.355287,"DistritoFederal",976,12732176.355287,2,2013,"DistritoFederal",242.749,22.45,0
146,"2013-03",219.487,21.18,2981,12732176.355287,"DistritoFederal",2981,12732176.355287,3,2013,"DistritoFederal",219.487,21.18,0
147,"2013-04",116.277,19.19,4573,12732176.355287,"DistritoFederal",4573,12732176.355287,4,2013,"DistritoFederal",116.277,19.19,0
148,"2013-05",150.807,17.62,4695,12732176.355287,"DistritoFederal",4695,12732176.355287,5,2013,"DistritoFederal",150.807,17.62,0
149,"2013-06",307.706,16.14,2557,12732176.355287,"DistritoFederal",2557,12732176.355287,6,2013,"DistritoFederal",307.706,16.14,0
150,"2013-07",101.233,14.59,1477,12732176.355287,"DistritoFederal",1477,12732176.355287,7,2013,"DistritoFederal",101.233,14.59,0
151,"2013-08",40.092,15.82,825,12732176.355287,"DistritoFederal",825,12732176.355287,8,2013,"DistritoFederal",40.092,15.82,0
152,"2013-09",160.841,18.59,381,12732176.355287,"DistritoFederal",381,12732176.355287,9,2013,"DistritoFederal",160.841,18.59,0
153,"2013-10",130.225,19.78,205,12732176.355287,"DistritoFederal",205,12732176.355287,10,2013,"DistritoFederal",130.225,19.78,0
154,"2013-11",117.768,21.48,186,12732176.355287,"DistritoFederal",186,12732176.355287,11,2013,"DistritoFederal",117.768,21.48,0
155,"2013-12",132.741,23.31,294,12732176.355287,"DistritoFederal",294,12732176.355287,12,2013,"DistritoFederal",132.741,23.31,0
156,"2014-01",185.922,23.73,720,12841615.4644114,"DistritoFederal",720,12841615.4644114,1,2014,"DistritoFederal",185.922,23.73,0
157,"2014-02",129.976,24.13,1530,12841615.4644114,"DistritoFederal",1530,12841615.4644114,2,2014,"DistritoFederal",129.976,24.13,0
158,"2014-03",177.135,21.67,1315,12841615.4644114,"DistritoFederal",1315,12841615.4644114,3,2014,"DistritoFederal",177.135,21.67,0
159,"2014-04",102.708,20.28,2469,12841615.4644114,"DistritoFederal",2469,12841615.4644114,4,2014,"DistritoFederal",102.708,20.28,0
160,"2014-05",125.394,17.35,3311,12841615.4644114,"DistritoFederal",3311,12841615.4644114,5,2014,"DistritoFederal",125.394,17.35,0
161,"2014-06",186.667,16.65,2093,12841615.4644114,"DistritoFederal",2093,12841615.4644114,6,2014,"DistritoFederal",186.667,16.65,0
162,"2014-07",81.451,15.5,1449,12841615.4644114,"DistritoFederal",1449,12841615.4644114,7,2014,"DistritoFederal",81.451,15.5,0
163,"2014-08",51.649,17.59,378,12841615.4644114,"DistritoFederal",378,12841615.4644114,8,2014,"DistritoFederal",51.649,17.59,0
164,"2014-09",219.943,19.88,149,12841615.4644114,"DistritoFederal",149,12841615.4644114,9,2014,"DistritoFederal",219.943,19.88,0
165,"2014-10",45.205,22.26,37,12841615.4644114,"DistritoFederal",37,12841615.4644114,10,2014,"DistritoFederal",45.205,22.26,0
166,"2014-11",163.249,21.74,67,12841615.4644114,"DistritoFederal",67,12841615.4644114,11,2014,"DistritoFederal",163.249,21.74,0
167,"2014-12",194.859,22.66,105,12841615.4644114,"DistritoFederal",105,12841615.4644114,12,2014,"DistritoFederal",194.859,22.66,0
168,"2015-01",181.28,24.11,302,12949787.9171802,"DistritoFederal",302,12949787.9171802,1,2015,"DistritoFederal",181.28,24.11,0
169,"2015-02",201.945,22.66,612,12949787.9171802,"DistritoFederal",612,12949787.9171802,2,2015,"DistritoFederal",201.945,22.66,0
170,"2015-03",174.273,21.74,1039,12949787.9171802,"DistritoFederal",1039,12949787.9171802,3,2015,"DistritoFederal",174.273,21.74,0
171,"2015-04",85.956,20.12,2329,12949787.9171802,"DistritoFederal",2329,12949787.9171802,4,2015,"DistritoFederal",85.956,20.12,0
172,"2015-05",125.208,17.54,2522,12949787.9171802,"DistritoFederal",2522,12949787.9171802,5,2015,"DistritoFederal",125.208,17.54,0
173,"2015-06",78.417,16.64,1674,12949787.9171802,"DistritoFederal",1674,12949787.9171802,6,2015,"DistritoFederal",78.417,16.64,0
174,"2015-07",261.377,16.29,570,12949787.9171802,"DistritoFederal",570,12949787.9171802,7,2015,"DistritoFederal",261.377,16.29,0
175,"2015-08",43.427,19.24,239,12949787.9171802,"DistritoFederal",239,12949787.9171802,8,2015,"DistritoFederal",43.427,19.24,0
176,"2015-09",209.364,20.3,107,12949787.9171802,"DistritoFederal",107,12949787.9171802,9,2015,"DistritoFederal",209.364,20.3,0
177,"2015-10",198.964,21.81,141,12949787.9171802,"DistritoFederal",141,12949787.9171802,10,2015,"DistritoFederal",198.964,21.81,0
178,"2015-11",307.504,21.63,254,12949787.9171802,"DistritoFederal",254,12949787.9171802,11,2015,"DistritoFederal",307.504,21.63,0
179,"2015-12",305.78,22.79,463,12949787.9171802,"DistritoFederal",463,12949787.9171802,12,2015,"DistritoFederal",305.78,22.79,0
180,"2016-01",203.241,23.35,1791,13056883.7120467,"DistritoFederal",1791,13056883.7120467,1,2016,"DistritoFederal",203.241,23.35,0
181,"2016-02",283.262,23.49,4742,13056883.7120467,"DistritoFederal",4742,13056883.7120467,2,2016,"DistritoFederal",283.262,23.49,0
182,"2016-03",133.993,21.56,5670,13056883.7120467,"DistritoFederal",5670,13056883.7120467,3,2016,"DistritoFederal",133.993,21.56,0
183,"2016-04",68.45,22.51,3427,13056883.7120467,"DistritoFederal",3427,13056883.7120467,4,2016,"DistritoFederal",68.45,22.51,0
184,"2016-05",205.114,16.13,2027,13056883.7120467,"DistritoFederal",2027,13056883.7120467,5,2016,"DistritoFederal",205.114,16.13,0
185,"2016-06",98.695,13.27,951,13056883.7120467,"DistritoFederal",951,13056883.7120467,6,2016,"DistritoFederal",98.695,13.27,0
186,"2016-07",54.037,15.51,378,13056883.7120467,"DistritoFederal",378,13056883.7120467,7,2016,"DistritoFederal",54.037,15.51,0
187,"2016-08",165.792,16.84,169,13056883.7120467,"DistritoFederal",169,13056883.7120467,8,2016,"DistritoFederal",165.792,16.84,0
188,"2016-09",60.984,17.3,105,13056883.7120467,"DistritoFederal",105,13056883.7120467,9,2016,"DistritoFederal",60.984,17.3,0
189,"2016-10",159.003,20.08,90,13056883.7120467,"DistritoFederal",90,13056883.7120467,10,2016,"DistritoFederal",159.003,20.08,0
190,"2016-11",94.06,21.52,97,13056883.7120467,"DistritoFederal",97,13056883.7120467,11,2016,"DistritoFederal",94.06,21.52,0
191,"2016-12",204.545,22.55,144,13056883.7120467,"DistritoFederal",144,13056883.7120467,12,2016,"DistritoFederal",204.545,22.55,0
0,"2001-01",26.109,25.62,NA,3138074.31640625,"EspiritoSanto",NA,3138074.31640625,1,2001,"EspiritoSanto",26.109,25.62,0
1,"2001-02",39.016,26.2,NA,3138074.31640625,"EspiritoSanto",NA,3138074.31640625,2,2001,"EspiritoSanto",39.016,26.2,0
2,"2001-03",109.024,25.18,1360,3138074.31640625,"EspiritoSanto",1360,3138074.31640625,3,2001,"EspiritoSanto",109.024,25.18,0
3,"2001-04",33.49,25.06,1409,3138074.31640625,"EspiritoSanto",1409,3138074.31640625,4,2001,"EspiritoSanto",33.49,25.06,0
4,"2001-05",17.454,25.6,1095,3138074.31640625,"EspiritoSanto",1095,3138074.31640625,5,2001,"EspiritoSanto",17.454,25.6,0
5,"2001-06",47.97,22.88,644,3138074.31640625,"EspiritoSanto",644,3138074.31640625,6,2001,"EspiritoSanto",47.97,22.88,0
6,"2001-07",34.401,22.52,441,3138074.31640625,"EspiritoSanto",441,3138074.31640625,7,2001,"EspiritoSanto",34.401,22.52,0
7,"2001-08",25.994,22.13,176,3138074.31640625,"EspiritoSanto",176,3138074.31640625,8,2001,"EspiritoSanto",25.994,22.13,0
8,"2001-09",14.556,24.44,105,3138074.31640625,"EspiritoSanto",105,3138074.31640625,9,2001,"EspiritoSanto",14.556,24.44,0
9,"2001-10",22.789,25.8,101,3138074.31640625,"EspiritoSanto",101,3138074.31640625,10,2001,"EspiritoSanto",22.789,25.8,0
10,"2001-11",14.611,26.97,145,3138074.31640625,"EspiritoSanto",145,3138074.31640625,11,2001,"EspiritoSanto",14.611,26.97,0
11,"2001-12",59.59,26.72,138,3138074.31640625,"EspiritoSanto",138,3138074.31640625,12,2001,"EspiritoSanto",59.59,26.72,0
12,"2002-01",164.081,24.15,1786,3174517.24804688,"EspiritoSanto",1786,3174517.24804688,1,2002,"EspiritoSanto",164.081,24.15,0
13,"2002-02",66.726,25.02,6530,3174517.24804688,"EspiritoSanto",6530,3174517.24804688,2,2002,"EspiritoSanto",66.726,25.02,0
14,"2002-03",72.536,25.4,8814,3174517.24804688,"EspiritoSanto",8814,3174517.24804688,3,2002,"EspiritoSanto",72.536,25.4,0
15,"2002-04",33.929,25.25,3602,3174517.24804688,"EspiritoSanto",3602,3174517.24804688,4,2002,"EspiritoSanto",33.929,25.25,0
16,"2002-05",43.722,24.42,1673,3174517.24804688,"EspiritoSanto",1673,3174517.24804688,5,2002,"EspiritoSanto",43.722,24.42,0
17,"2002-06",58.466,22.83,840,3174517.24804688,"EspiritoSanto",840,3174517.24804688,6,2002,"EspiritoSanto",58.466,22.83,0
18,"2002-07",28.995,22.99,425,3174517.24804688,"EspiritoSanto",425,3174517.24804688,7,2002,"EspiritoSanto",28.995,22.99,0
19,"2002-08",24.765,22.73,296,3174517.24804688,"EspiritoSanto",296,3174517.24804688,8,2002,"EspiritoSanto",24.765,22.73,0
20,"2002-09",9.858,24.82,224,3174517.24804688,"EspiritoSanto",224,3174517.24804688,9,2002,"EspiritoSanto",9.858,24.82,0
21,"2002-10",13.421,25.77,241,3174517.24804688,"EspiritoSanto",241,3174517.24804688,10,2002,"EspiritoSanto",13.421,25.77,0
22,"2002-11",14.465,26.74,422,3174517.24804688,"EspiritoSanto",422,3174517.24804688,11,2002,"EspiritoSanto",14.465,26.74,0
23,"2002-12",41.515,27.01,604,3174517.24804688,"EspiritoSanto",604,3174517.24804688,12,2002,"EspiritoSanto",41.515,27.01,0
24,"2003-01",88.643,26.87,2865,3210958.46679687,"EspiritoSanto",2865,3210958.46679687,1,2003,"EspiritoSanto",88.643,26.87,0
25,"2003-02",69.017,25.54,10193,3210958.46679687,"EspiritoSanto",10193,3210958.46679687,2,2003,"EspiritoSanto",69.017,25.54,0
26,"2003-03",117.226,25.6,10003,3210958.46679687,"EspiritoSanto",10003,3210958.46679687,3,2003,"EspiritoSanto",117.226,25.6,0
27,"2003-04",28.487,25.95,3221,3210958.46679687,"EspiritoSanto",3221,3210958.46679687,4,2003,"EspiritoSanto",28.487,25.95,0
28,"2003-05",47.56,24.91,1519,3210958.46679687,"EspiritoSanto",1519,3210958.46679687,5,2003,"EspiritoSanto",47.56,24.91,0
29,"2003-06",49.474,23.42,745,3210958.46679687,"EspiritoSanto",745,3210958.46679687,6,2003,"EspiritoSanto",49.474,23.42,0
30,"2003-07",23.82,22.63,234,3210958.46679687,"EspiritoSanto",234,3210958.46679687,7,2003,"EspiritoSanto",23.82,22.63,0
31,"2003-08",15.429,23.75,76,3210958.46679687,"EspiritoSanto",76,3210958.46679687,8,2003,"EspiritoSanto",15.429,23.75,0
32,"2003-09",18.049,24.57,74,3210958.46679687,"EspiritoSanto",74,3210958.46679687,9,2003,"EspiritoSanto",18.049,24.57,0
33,"2003-10",14.031,25.72,91,3210958.46679687,"EspiritoSanto",91,3210958.46679687,10,2003,"EspiritoSanto",14.031,25.72,0
34,"2003-11",22.748,26.62,120,3210958.46679687,"EspiritoSanto",120,3210958.46679687,11,2003,"EspiritoSanto",22.748,26.62,0
35,"2003-12",18.031,27.52,249,3210958.46679687,"EspiritoSanto",249,3210958.46679687,12,2003,"EspiritoSanto",18.031,27.52,0
36,"2004-01",320.866,25.03,317,3247397.66650391,"EspiritoSanto",317,3247397.66650391,1,2004,"EspiritoSanto",320.866,25.03,0
37,"2004-02",132.353,24.42,506,3247397.66650391,"EspiritoSanto",506,3247397.66650391,2,2004,"EspiritoSanto",132.353,24.42,0
38,"2004-03",48.12,25.29,951,3247397.66650391,"EspiritoSanto",951,3247397.66650391,3,2004,"EspiritoSanto",48.12,25.29,0
39,"2004-04",31.682,25.77,634,3247397.66650391,"EspiritoSanto",634,3247397.66650391,4,2004,"EspiritoSanto",31.682,25.77,0
40,"2004-05",48.41,24.59,554,3247397.66650391,"EspiritoSanto",554,3247397.66650391,5,2004,"EspiritoSanto",48.41,24.59,0
41,"2004-06",91.578,22.65,208,3247397.66650391,"EspiritoSanto",208,3247397.66650391,6,2004,"EspiritoSanto",91.578,22.65,0
42,"2004-07",39.16,22.18,122,3247397.66650391,"EspiritoSanto",122,3247397.66650391,7,2004,"EspiritoSanto",39.16,22.18,0
43,"2004-08",24.954,22.94,63,3247397.66650391,"EspiritoSanto",63,3247397.66650391,8,2004,"EspiritoSanto",24.954,22.94,0
44,"2004-09",18.762,23.8,27,3247397.66650391,"EspiritoSanto",27,3247397.66650391,9,2004,"EspiritoSanto",18.762,23.8,0
45,"2004-10",9.427,26.05,24,3247397.66650391,"EspiritoSanto",24,3247397.66650391,10,2004,"EspiritoSanto",9.427,26.05,0
46,"2004-11",14.952,26.57,35,3247397.66650391,"EspiritoSanto",35,3247397.66650391,11,2004,"EspiritoSanto",14.952,26.57,0
47,"2004-12",18.436,27.28,77,3247397.66650391,"EspiritoSanto",77,3247397.66650391,12,2004,"EspiritoSanto",18.436,27.28,0
48,"2005-01",64.631,26.65,154,3283835.18310547,"EspiritoSanto",154,3283835.18310547,1,2005,"EspiritoSanto",64.631,26.65,0
49,"2005-02",81.765,26.28,350,3283835.18310547,"EspiritoSanto",350,3283835.18310547,2,2005,"EspiritoSanto",81.765,26.28,0
50,"2005-03",101.521,26.35,489,3283835.18310547,"EspiritoSanto",489,3283835.18310547,3,2005,"EspiritoSanto",101.521,26.35,0
51,"2005-04",32.933,25.39,471,3283835.18310547,"EspiritoSanto",471,3283835.18310547,4,2005,"EspiritoSanto",32.933,25.39,0
52,"2005-05",79.921,24.01,517,3283835.18310547,"EspiritoSanto",517,3283835.18310547,5,2005,"EspiritoSanto",79.921,24.01,0
53,"2005-06",51.142,23.19,314,3283835.18310547,"EspiritoSanto",314,3283835.18310547,6,2005,"EspiritoSanto",51.142,23.19,0
54,"2005-07",24.877,22.25,135,3283835.18310547,"EspiritoSanto",135,3283835.18310547,7,2005,"EspiritoSanto",24.877,22.25,0
55,"2005-08",29.433,22.54,86,3283835.18310547,"EspiritoSanto",86,3283835.18310547,8,2005,"EspiritoSanto",29.433,22.54,0
56,"2005-09",14.117,24.55,47,3283835.18310547,"EspiritoSanto",47,3283835.18310547,9,2005,"EspiritoSanto",14.117,24.55,0
57,"2005-10",9.35,25.95,78,3283835.18310547,"EspiritoSanto",78,3283835.18310547,10,2005,"EspiritoSanto",9.35,25.95,0
58,"2005-11",12.458,27.14,44,3283835.18310547,"EspiritoSanto",44,3283835.18310547,11,2005,"EspiritoSanto",12.458,27.14,0
59,"2005-12",85.184,25.7,31,3283835.18310547,"EspiritoSanto",31,3283835.18310547,12,2005,"EspiritoSanto",85.184,25.7,0
60,"2006-01",11.396,26.57,440,3319826.86498685,"EspiritoSanto",440,3319826.86498685,1,2006,"EspiritoSanto",11.396,26.57,0
61,"2006-02",96.289,25.91,1080,3319826.86498685,"EspiritoSanto",1080,3319826.86498685,2,2006,"EspiritoSanto",96.289,25.91,0
62,"2006-03",119.197,25.39,1760,3319826.86498685,"EspiritoSanto",1760,3319826.86498685,3,2006,"EspiritoSanto",119.197,25.39,0
63,"2006-04",109.246,24.64,2396,3319826.86498685,"EspiritoSanto",2396,3319826.86498685,4,2006,"EspiritoSanto",109.246,24.64,0
64,"2006-05",63.542,23.84,2560,3319826.86498685,"EspiritoSanto",2560,3319826.86498685,5,2006,"EspiritoSanto",63.542,23.84,0
65,"2006-06",53.349,22.41,845,3319826.86498685,"EspiritoSanto",845,3319826.86498685,6,2006,"EspiritoSanto",53.349,22.41,0
66,"2006-07",37.722,21.99,366,3319826.86498685,"EspiritoSanto",366,3319826.86498685,7,2006,"EspiritoSanto",37.722,21.99,0
67,"2006-08",19.046,22.88,199,3319826.86498685,"EspiritoSanto",199,3319826.86498685,8,2006,"EspiritoSanto",19.046,22.88,0
68,"2006-09",13.167,24.36,92,3319826.86498685,"EspiritoSanto",92,3319826.86498685,9,2006,"EspiritoSanto",13.167,24.36,0
69,"2006-10",15.322,26.02,104,3319826.86498685,"EspiritoSanto",104,3319826.86498685,10,2006,"EspiritoSanto",15.322,26.02,0
70,"2006-11",19.147,26.53,136,3319826.86498685,"EspiritoSanto",136,3319826.86498685,11,2006,"EspiritoSanto",19.147,26.53,0
71,"2006-12",16.164,27.37,116,3319826.86498685,"EspiritoSanto",116,3319826.86498685,12,2006,"EspiritoSanto",16.164,27.37,0
72,"2007-01",19.411,27.54,556,3354460.03730701,"EspiritoSanto",556,3354460.03730701,1,2007,"EspiritoSanto",19.411,27.54,0
73,"2007-02",204.152,25.34,835,3354460.03730701,"EspiritoSanto",835,3354460.03730701,2,2007,"EspiritoSanto",204.152,25.34,0
74,"2007-03",60.033,24.52,1062,3354460.03730701,"EspiritoSanto",1062,3354460.03730701,3,2007,"EspiritoSanto",60.033,24.52,0
75,"2007-04",49.98,25.33,1550,3354460.03730701,"EspiritoSanto",1550,3354460.03730701,4,2007,"EspiritoSanto",49.98,25.33,0
76,"2007-05",35.039,23.96,1118,3354460.03730701,"EspiritoSanto",1118,3354460.03730701,5,2007,"EspiritoSanto",35.039,23.96,0
77,"2007-06",40.061,22.86,546,3354460.03730701,"EspiritoSanto",546,3354460.03730701,6,2007,"EspiritoSanto",40.061,22.86,0
78,"2007-07",23.926,22.65,425,3354460.03730701,"EspiritoSanto",425,3354460.03730701,7,2007,"EspiritoSanto",23.926,22.65,0
79,"2007-08",31.641,22.11,142,3354460.03730701,"EspiritoSanto",142,3354460.03730701,8,2007,"EspiritoSanto",31.641,22.11,0
80,"2007-09",22.343,23.13,104,3354460.03730701,"EspiritoSanto",104,3354460.03730701,9,2007,"EspiritoSanto",22.343,23.13,0
81,"2007-10",10.47,25.19,96,3354460.03730701,"EspiritoSanto",96,3354460.03730701,10,2007,"EspiritoSanto",10.47,25.19,0
82,"2007-11",12.519,26.58,135,3354460.03730701,"EspiritoSanto",135,3354460.03730701,11,2007,"EspiritoSanto",12.519,26.58,0
83,"2007-12",17.107,26.54,164,3354460.03730701,"EspiritoSanto",164,3354460.03730701,12,2007,"EspiritoSanto",17.107,26.54,0
84,"2008-01",69.618,26.26,471,3387981.70180438,"EspiritoSanto",471,3387981.70180438,1,2008,"EspiritoSanto",69.618,26.26,0
85,"2008-02",116.793,25.62,1030,3387981.70180438,"EspiritoSanto",1030,3387981.70180438,2,2008,"EspiritoSanto",116.793,25.62,0
86,"2008-03",253.363,24.23,4778,3387981.70180438,"EspiritoSanto",4778,3387981.70180438,3,2008,"EspiritoSanto",253.363,24.23,0
87,"2008-04",133.559,23.97,8441,3387981.70180438,"EspiritoSanto",8441,3387981.70180438,4,2008,"EspiritoSanto",133.559,23.97,0
88,"2008-05",68.373,23.44,4930,3387981.70180438,"EspiritoSanto",4930,3387981.70180438,5,2008,"EspiritoSanto",68.373,23.44,0
89,"2008-06",30.403,22.33,1594,3387981.70180438,"EspiritoSanto",1594,3387981.70180438,6,2008,"EspiritoSanto",30.403,22.33,0
90,"2008-07",49.787,21.54,369,3387981.70180438,"EspiritoSanto",369,3387981.70180438,7,2008,"EspiritoSanto",49.787,21.54,0
91,"2008-08",34.097,22.38,230,3387981.70180438,"EspiritoSanto",230,3387981.70180438,8,2008,"EspiritoSanto",34.097,22.38,0
92,"2008-09",12.601,24.42,128,3387981.70180438,"EspiritoSanto",128,3387981.70180438,9,2008,"EspiritoSanto",12.601,24.42,0
93,"2008-10",13.879,25.47,213,3387981.70180438,"EspiritoSanto",213,3387981.70180438,10,2008,"EspiritoSanto",13.879,25.47,0
94,"2008-11",5.195,27.17,444,3387981.70180438,"EspiritoSanto",444,3387981.70180438,11,2008,"EspiritoSanto",5.195,27.17,0
95,"2008-12",26.292,26.82,707,3387981.70180438,"EspiritoSanto",707,3387981.70180438,12,2008,"EspiritoSanto",26.292,26.82,0
96,"2009-01",54.524,26.53,2775,3420744.71810522,"EspiritoSanto",2775,3420744.71810522,1,2009,"EspiritoSanto",54.524,26.53,0
97,"2009-02",115.576,25.01,5192,3420744.71810522,"EspiritoSanto",5192,3420744.71810522,2,2009,"EspiritoSanto",115.576,25.01,0
98,"2009-03",95.727,25.39,6983,3420744.71810522,"EspiritoSanto",6983,3420744.71810522,3,2009,"EspiritoSanto",95.727,25.39,0
99,"2009-04",183.678,24.37,6527,3420744.71810522,"EspiritoSanto",6527,3420744.71810522,4,2009,"EspiritoSanto",183.678,24.37,0
100,"2009-05",175.35,23.08,7504,3420744.71810522,"EspiritoSanto",7504,3420744.71810522,5,2009,"EspiritoSanto",175.35,23.08,0
101,"2009-06",43.377,22.76,2624,3420744.71810522,"EspiritoSanto",2624,3420744.71810522,6,2009,"EspiritoSanto",43.377,22.76,0
102,"2009-07",40.914,22.57,775,3420744.71810522,"EspiritoSanto",775,3420744.71810522,7,2009,"EspiritoSanto",40.914,22.57,0
103,"2009-08",36.984,22.78,448,3420744.71810522,"EspiritoSanto",448,3420744.71810522,8,2009,"EspiritoSanto",36.984,22.78,0
104,"2009-09",11.329,24.76,150,3420744.71810522,"EspiritoSanto",150,3420744.71810522,9,2009,"EspiritoSanto",11.329,24.76,0
105,"2009-10",22.214,26.32,86,3420744.71810522,"EspiritoSanto",86,3420744.71810522,10,2009,"EspiritoSanto",22.214,26.32,0
106,"2009-11",9.976,26.63,237,3420744.71810522,"EspiritoSanto",237,3420744.71810522,11,2009,"EspiritoSanto",9.976,26.63,0
107,"2009-12",38.013,26.74,617,3420744.71810522,"EspiritoSanto",617,3420744.71810522,12,2009,"EspiritoSanto",38.013,26.74,0
108,"2010-01",102.006,25.18,691,3452978.44496663,"EspiritoSanto",691,3452978.44496663,1,2010,"EspiritoSanto",102.006,25.18,0
109,"2010-02",46.122,26.62,1082,3452978.44496663,"EspiritoSanto",1082,3452978.44496663,2,2010,"EspiritoSanto",46.122,26.62,0
110,"2010-03",61.687,27.07,2933,3452978.44496663,"EspiritoSanto",2933,3452978.44496663,3,2010,"EspiritoSanto",61.687,27.07,0
111,"2010-04",118.713,25.13,4105,3452978.44496663,"EspiritoSanto",4105,3452978.44496663,4,2010,"EspiritoSanto",118.713,25.13,0
112,"2010-05",24.856,25.32,4898,3452978.44496663,"EspiritoSanto",4898,3452978.44496663,5,2010,"EspiritoSanto",24.856,25.32,0
113,"2010-06",68.711,22.9,2733,3452978.44496663,"EspiritoSanto",2733,3452978.44496663,6,2010,"EspiritoSanto",68.711,22.9,0
114,"2010-07",34.755,22.42,1623,3452978.44496663,"EspiritoSanto",1623,3452978.44496663,7,2010,"EspiritoSanto",34.755,22.42,0
115,"2010-08",20.513,22.22,1240,3452978.44496663,"EspiritoSanto",1240,3452978.44496663,8,2010,"EspiritoSanto",20.513,22.22,0
116,"2010-09",20.339,23.47,675,3452978.44496663,"EspiritoSanto",675,3452978.44496663,9,2010,"EspiritoSanto",20.339,23.47,0
117,"2010-10",58.923,25.79,619,3452978.44496663,"EspiritoSanto",619,3452978.44496663,10,2010,"EspiritoSanto",58.923,25.79,0
118,"2010-11",7.532,26.65,1154,3452978.44496663,"EspiritoSanto",1154,3452978.44496663,11,2010,"EspiritoSanto",7.532,26.65,0
119,"2010-12",68.794,25.74,1586,3452978.44496663,"EspiritoSanto",1586,3452978.44496663,12,2010,"EspiritoSanto",68.794,25.74,0
120,"2011-01",84.42,25.49,2651,3484753.45431386,"EspiritoSanto",2651,3484753.45431386,1,2011,"EspiritoSanto",84.42,25.49,0
121,"2011-02",107.081,25.43,4213,3484753.45431386,"EspiritoSanto",4213,3484753.45431386,2,2011,"EspiritoSanto",107.081,25.43,0
122,"2011-03",92.212,25.32,5765,3484753.45431386,"EspiritoSanto",5765,3484753.45431386,3,2011,"EspiritoSanto",92.212,25.32,0
123,"2011-04",98.367,24.78,7024,3484753.45431386,"EspiritoSanto",7024,3484753.45431386,4,2011,"EspiritoSanto",98.367,24.78,0
124,"2011-05",99.486,23.21,7588,3484753.45431386,"EspiritoSanto",7588,3484753.45431386,5,2011,"EspiritoSanto",99.486,23.21,0
125,"2011-06",36.919,22.96,2991,3484753.45431386,"EspiritoSanto",2991,3484753.45431386,6,2011,"EspiritoSanto",36.919,22.96,0
126,"2011-07",70.426,21.98,1167,3484753.45431386,"EspiritoSanto",1167,3484753.45431386,7,2011,"EspiritoSanto",70.426,21.98,0
127,"2011-08",21.4,22.77,552,3484753.45431386,"EspiritoSanto",552,3484753.45431386,8,2011,"EspiritoSanto",21.4,22.77,0
128,"2011-09",18.663,23.13,240,3484753.45431386,"EspiritoSanto",240,3484753.45431386,9,2011,"EspiritoSanto",18.663,23.13,0
129,"2011-10",37.204,25.03,270,3484753.45431386,"EspiritoSanto",270,3484753.45431386,10,2011,"EspiritoSanto",37.204,25.03,0
130,"2011-11",25.243,25.62,229,3484753.45431386,"EspiritoSanto",229,3484753.45431386,11,2011,"EspiritoSanto",25.243,25.62,0
131,"2011-12",13.317,26.62,260,3484753.45431386,"EspiritoSanto",260,3484753.45431386,12,2011,"EspiritoSanto",13.317,26.62,0
132,"2012-01",40.113,26,912,3516016.81720298,"EspiritoSanto",912,3516016.81720298,1,2012,"EspiritoSanto",40.113,26,0
133,"2012-02",47.291,25.67,783,3516016.81720298,"EspiritoSanto",783,3516016.81720298,2,2012,"EspiritoSanto",47.291,25.67,0
134,"2012-03",21.539,26.47,945,3516016.81720298,"EspiritoSanto",945,3516016.81720298,3,2012,"EspiritoSanto",21.539,26.47,0
135,"2012-04",12.16,26.24,1104,3516016.81720298,"EspiritoSanto",1104,3516016.81720298,4,2012,"EspiritoSanto",12.16,26.24,0
136,"2012-05",20.022,25.03,987,3516016.81720298,"EspiritoSanto",987,3516016.81720298,5,2012,"EspiritoSanto",20.022,25.03,0
137,"2012-06",23.828,23.91,951,3516016.81720298,"EspiritoSanto",951,3516016.81720298,6,2012,"EspiritoSanto",23.828,23.91,0
138,"2012-07",23.61,22.39,833,3516016.81720298,"EspiritoSanto",833,3516016.81720298,7,2012,"EspiritoSanto",23.61,22.39,0
139,"2012-08",18.83,22.17,564,3516016.81720298,"EspiritoSanto",564,3516016.81720298,8,2012,"EspiritoSanto",18.83,22.17,0
140,"2012-09",8.697,23.97,581,3516016.81720298,"EspiritoSanto",581,3516016.81720298,9,2012,"EspiritoSanto",8.697,23.97,0
141,"2012-10",9.763,25,722,3516016.81720298,"EspiritoSanto",722,3516016.81720298,10,2012,"EspiritoSanto",9.763,25,0
142,"2012-11",8.461,27.21,905,3516016.81720298,"EspiritoSanto",905,3516016.81720298,11,2012,"EspiritoSanto",8.461,27.21,0
143,"2012-12",9.981,27.16,2149,3516016.81720298,"EspiritoSanto",2149,3516016.81720298,12,2012,"EspiritoSanto",9.981,27.16,0
144,"2013-01",41.396,26.81,6206,3546874.39152187,"EspiritoSanto",6206,3546874.39152187,1,2013,"EspiritoSanto",41.396,26.81,0
145,"2013-02",15.377,27.19,9358,3546874.39152187,"EspiritoSanto",9358,3546874.39152187,2,2013,"EspiritoSanto",15.377,27.19,0
146,"2013-03",46.554,27.07,15787,3546874.39152187,"EspiritoSanto",15787,3546874.39152187,3,2013,"EspiritoSanto",46.554,27.07,0
147,"2013-04",58.795,25.89,14389,3546874.39152187,"EspiritoSanto",14389,3546874.39152187,4,2013,"EspiritoSanto",58.795,25.89,0
148,"2013-05",38.119,24.61,9942,3546874.39152187,"EspiritoSanto",9942,3546874.39152187,5,2013,"EspiritoSanto",38.119,24.61,0
149,"2013-06",27.337,23.99,4052,3546874.39152187,"EspiritoSanto",4052,3546874.39152187,6,2013,"EspiritoSanto",27.337,23.99,0
150,"2013-07",77.728,22.58,2295,3546874.39152187,"EspiritoSanto",2295,3546874.39152187,7,2013,"EspiritoSanto",77.728,22.58,0
151,"2013-08",27.192,23.03,1278,3546874.39152187,"EspiritoSanto",1278,3546874.39152187,8,2013,"EspiritoSanto",27.192,23.03,0
152,"2013-09",16.53,24.33,960,3546874.39152187,"EspiritoSanto",960,3546874.39152187,9,2013,"EspiritoSanto",16.53,24.33,0
153,"2013-10",18.512,25.44,714,3546874.39152187,"EspiritoSanto",714,3546874.39152187,10,2013,"EspiritoSanto",18.512,25.44,0
154,"2013-11",28.45,25.65,636,3546874.39152187,"EspiritoSanto",636,3546874.39152187,11,2013,"EspiritoSanto",28.45,25.65,0
155,"2013-12",64.711,25.98,719,3546874.39152187,"EspiritoSanto",719,3546874.39152187,12,2013,"EspiritoSanto",64.711,25.98,0
156,"2014-01",20.579,26.21,2758,3577361.46323315,"EspiritoSanto",2758,3577361.46323315,1,2014,"EspiritoSanto",20.579,26.21,0
157,"2014-02",48.982,25.61,2158,3577361.46323315,"EspiritoSanto",2158,3577361.46323315,2,2014,"EspiritoSanto",48.982,25.61,0
158,"2014-03",58.913,25.74,2243,3577361.46323315,"EspiritoSanto",2243,3577361.46323315,3,2014,"EspiritoSanto",58.913,25.74,0
159,"2014-04",78.338,25.28,2515,3577361.46323315,"EspiritoSanto",2515,3577361.46323315,4,2014,"EspiritoSanto",78.338,25.28,0
160,"2014-05",64.761,23.88,2525,3577361.46323315,"EspiritoSanto",2525,3577361.46323315,5,2014,"EspiritoSanto",64.761,23.88,0
161,"2014-06",34.271,23.24,2034,3577361.46323315,"EspiritoSanto",2034,3577361.46323315,6,2014,"EspiritoSanto",34.271,23.24,0
162,"2014-07",31.724,22.58,1407,3577361.46323315,"EspiritoSanto",1407,3577361.46323315,7,2014,"EspiritoSanto",31.724,22.58,0
163,"2014-08",21.249,22.55,945,3577361.46323315,"EspiritoSanto",945,3577361.46323315,8,2014,"EspiritoSanto",21.249,22.55,0
164,"2014-09",20.626,24.17,844,3577361.46323315,"EspiritoSanto",844,3577361.46323315,9,2014,"EspiritoSanto",20.626,24.17,0
165,"2014-10",23.469,24.85,577,3577361.46323315,"EspiritoSanto",577,3577361.46323315,10,2014,"EspiritoSanto",23.469,24.85,0
166,"2014-11",50.899,25.69,625,3577361.46323315,"EspiritoSanto",625,3577361.46323315,11,2014,"EspiritoSanto",50.899,25.69,0
167,"2014-12",28.731,25.9,658,3577361.46323315,"EspiritoSanto",658,3577361.46323315,12,2014,"EspiritoSanto",28.731,25.9,0
168,"2015-01",19.732,26.65,1097,3607495.67531815,"EspiritoSanto",1097,3607495.67531815,1,2015,"EspiritoSanto",19.732,26.65,0
169,"2015-02",60.739,26.11,646,3607495.67531815,"EspiritoSanto",646,3607495.67531815,2,2015,"EspiritoSanto",60.739,26.11,0
170,"2015-03",77.656,25.97,1269,3607495.67531815,"EspiritoSanto",1269,3607495.67531815,3,2015,"EspiritoSanto",77.656,25.97,0
171,"2015-04",32.006,26.32,2334,3607495.67531815,"EspiritoSanto",2334,3607495.67531815,4,2015,"EspiritoSanto",32.006,26.32,0
172,"2015-05",32.991,25.35,4146,3607495.67531815,"EspiritoSanto",4146,3607495.67531815,5,2015,"EspiritoSanto",32.991,25.35,0
173,"2015-06",37.317,23.55,3690,3607495.67531815,"EspiritoSanto",3690,3607495.67531815,6,2015,"EspiritoSanto",37.317,23.55,0
174,"2015-07",49.156,22.79,2992,3607495.67531815,"EspiritoSanto",2992,3607495.67531815,7,2015,"EspiritoSanto",49.156,22.79,0
175,"2015-08",17.133,23.11,2614,3607495.67531815,"EspiritoSanto",2614,3607495.67531815,8,2015,"EspiritoSanto",17.133,23.11,0
176,"2015-09",9.463,25.04,2603,3607495.67531815,"EspiritoSanto",2603,3607495.67531815,9,2015,"EspiritoSanto",9.463,25.04,0
177,"2015-10",8.263,26.13,3598,3607495.67531815,"EspiritoSanto",3598,3607495.67531815,10,2015,"EspiritoSanto",8.263,26.13,0
178,"2015-11",4.937,27.63,3994,3607495.67531815,"EspiritoSanto",3994,3607495.67531815,11,2015,"EspiritoSanto",4.937,27.63,0
179,"2015-12",24.471,27.21,6679,3607495.67531815,"EspiritoSanto",6679,3607495.67531815,12,2015,"EspiritoSanto",24.471,27.21,0
180,"2016-01",178.818,25.17,9814,3637329.9567208,"EspiritoSanto",9814,3637329.9567208,1,2016,"EspiritoSanto",178.818,25.17,0
181,"2016-02",39.78,25.83,10671,3637329.9567208,"EspiritoSanto",10671,3637329.9567208,2,2016,"EspiritoSanto",39.78,25.83,0
182,"2016-03",61.251,26.74,9875,3637329.9567208,"EspiritoSanto",9875,3637329.9567208,3,2016,"EspiritoSanto",61.251,26.74,0
183,"2016-04",32.546,25.98,6448,3637329.9567208,"EspiritoSanto",6448,3637329.9567208,4,2016,"EspiritoSanto",32.546,25.98,0
184,"2016-05",58.091,24.83,2222,3637329.9567208,"EspiritoSanto",2222,3637329.9567208,5,2016,"EspiritoSanto",58.091,24.83,0
185,"2016-06",20.256,23.88,625,3637329.9567208,"EspiritoSanto",625,3637329.9567208,6,2016,"EspiritoSanto",20.256,23.88,0
186,"2016-07",17.433,22.97,401,3637329.9567208,"EspiritoSanto",401,3637329.9567208,7,2016,"EspiritoSanto",17.433,22.97,0
187,"2016-08",10.64,23.6,354,3637329.9567208,"EspiritoSanto",354,3637329.9567208,8,2016,"EspiritoSanto",10.64,23.6,0
188,"2016-09",10.055,24.99,337,3637329.9567208,"EspiritoSanto",337,3637329.9567208,9,2016,"EspiritoSanto",10.055,24.99,0
189,"2016-10",9.404,26.46,324,3637329.9567208,"EspiritoSanto",324,3637329.9567208,10,2016,"EspiritoSanto",9.404,26.46,0
190,"2016-11",9.112,27.16,508,3637329.9567208,"EspiritoSanto",508,3637329.9567208,11,2016,"EspiritoSanto",9.112,27.16,0
191,"2016-12",24.23,27.11,972,3637329.9567208,"EspiritoSanto",972,3637329.9567208,12,2016,"EspiritoSanto",24.23,27.11,0
0,"2001-01",118.715,25.49,NA,6018512.72558594,"Goias",NA,6018512.72558594,1,2001,"Goias",118.715,25.49,0
1,"2001-02",192.884,24.58,NA,6018512.72558594,"Goias",NA,6018512.72558594,2,2001,"Goias",192.884,24.58,0
2,"2001-03",212.497,24.77,2384,6018512.72558594,"Goias",2384,6018512.72558594,3,2001,"Goias",212.497,24.77,0
3,"2001-04",144.152,25.33,1734,6018512.72558594,"Goias",1734,6018512.72558594,4,2001,"Goias",144.152,25.33,0
4,"2001-05",37.314,26.51,1037,6018512.72558594,"Goias",1037,6018512.72558594,5,2001,"Goias",37.314,26.51,0
5,"2001-06",21.869,26.16,501,6018512.72558594,"Goias",501,6018512.72558594,6,2001,"Goias",21.869,26.16,0
6,"2001-07",3.061,26.7,280,6018512.72558594,"Goias",280,6018512.72558594,7,2001,"Goias",3.061,26.7,0
7,"2001-08",0.253,26.81,147,6018512.72558594,"Goias",147,6018512.72558594,8,2001,"Goias",0.253,26.81,0
8,"2001-09",11.182,28.6,220,6018512.72558594,"Goias",220,6018512.72558594,9,2001,"Goias",11.182,28.6,0
9,"2001-10",28.521,29.06,355,6018512.72558594,"Goias",355,6018512.72558594,10,2001,"Goias",28.521,29.06,0
10,"2001-11",66.785,28.65,855,6018512.72558594,"Goias",855,6018512.72558594,11,2001,"Goias",66.785,28.65,0
11,"2001-12",99.962,27.8,867,6018512.72558594,"Goias",867,6018512.72558594,12,2001,"Goias",99.962,27.8,0
12,"2002-01",323.968,24.47,4024,6088074.95300293,"Goias",4024,6088074.95300293,1,2002,"Goias",323.968,24.47,0
13,"2002-02",96.452,25.79,8501,6088074.95300293,"Goias",8501,6088074.95300293,2,2002,"Goias",96.452,25.79,0
14,"2002-03",180.047,25.54,5892,6088074.95300293,"Goias",5892,6088074.95300293,3,2002,"Goias",180.047,25.54,0
15,"2002-04",129.115,25.53,1895,6088074.95300293,"Goias",1895,6088074.95300293,4,2002,"Goias",129.115,25.53,0
16,"2002-05",62.275,26.44,713,6088074.95300293,"Goias",713,6088074.95300293,5,2002,"Goias",62.275,26.44,0
17,"2002-06",8.179,26.53,206,6088074.95300293,"Goias",206,6088074.95300293,6,2002,"Goias",8.179,26.53,0
18,"2002-07",4.412,27.14,168,6088074.95300293,"Goias",168,6088074.95300293,7,2002,"Goias",4.412,27.14,0
19,"2002-08",0.4,27.53,284,6088074.95300293,"Goias",284,6088074.95300293,8,2002,"Goias",0.4,27.53,0
20,"2002-09",6.609,28.77,282,6088074.95300293,"Goias",282,6088074.95300293,9,2002,"Goias",6.609,28.77,0
21,"2002-10",4.94,29.96,177,6088074.95300293,"Goias",177,6088074.95300293,10,2002,"Goias",4.94,29.96,0
22,"2002-11",47.295,28.92,392,6088074.95300293,"Goias",392,6088074.95300293,11,2002,"Goias",47.295,28.92,0
23,"2002-12",133.761,27.56,485,6088074.95300293,"Goias",485,6088074.95300293,12,2002,"Goias",133.761,27.56,0
24,"2003-01",185.327,26.34,1194,6157622.51580811,"Goias",1194,6157622.51580811,1,2003,"Goias",185.327,26.34,0
25,"2003-02",184.478,25.52,1924,6157622.51580811,"Goias",1924,6157622.51580811,2,2003,"Goias",184.478,25.52,0
26,"2003-03",229.74,25.12,1739,6157622.51580811,"Goias",1739,6157622.51580811,3,2003,"Goias",229.74,25.12,0
27,"2003-04",82.708,25.98,1409,6157622.51580811,"Goias",1409,6157622.51580811,4,2003,"Goias",82.708,25.98,0
28,"2003-05",43.436,26.39,874,6157622.51580811,"Goias",874,6157622.51580811,5,2003,"Goias",43.436,26.39,0
29,"2003-06",11.654,26.48,383,6157622.51580811,"Goias",383,6157622.51580811,6,2003,"Goias",11.654,26.48,0
30,"2003-07",2.061,26.23,220,6157622.51580811,"Goias",220,6157622.51580811,7,2003,"Goias",2.061,26.23,0
31,"2003-08",3.096,27.97,164,6157622.51580811,"Goias",164,6157622.51580811,8,2003,"Goias",3.096,27.97,0
32,"2003-09",1.364,29.15,135,6157622.51580811,"Goias",135,6157622.51580811,9,2003,"Goias",1.364,29.15,0
33,"2003-10",2.715,30.2,209,6157622.51580811,"Goias",209,6157622.51580811,10,2003,"Goias",2.715,30.2,0
34,"2003-11",64.511,28.57,258,6157622.51580811,"Goias",258,6157622.51580811,11,2003,"Goias",64.511,28.57,0
35,"2003-12",98.934,27.64,337,6157622.51580811,"Goias",337,6157622.51580811,12,2003,"Goias",98.934,27.64,0
36,"2004-01",491.628,25.11,887,6227155.00573731,"Goias",887,6227155.00573731,1,2004,"Goias",491.628,25.11,0
37,"2004-02",262.831,24.71,1200,6227155.00573731,"Goias",1200,6227155.00573731,2,2004,"Goias",262.831,24.71,0
38,"2004-03",149.17,25.29,1245,6227155.00573731,"Goias",1245,6227155.00573731,3,2004,"Goias",149.17,25.29,0
39,"2004-04",60.126,26.03,914,6227155.00573731,"Goias",914,6227155.00573731,4,2004,"Goias",60.126,26.03,0
40,"2004-05",23.363,26.44,637,6227155.00573731,"Goias",637,6227155.00573731,5,2004,"Goias",23.363,26.44,0
41,"2004-06",8.699,26.01,237,6227155.00573731,"Goias",237,6227155.00573731,6,2004,"Goias",8.699,26.01,0
42,"2004-07",4.713,26.15,106,6227155.00573731,"Goias",106,6227155.00573731,7,2004,"Goias",4.713,26.15,0
43,"2004-08",0.966,27.47,70,6227155.00573731,"Goias",70,6227155.00573731,8,2004,"Goias",0.966,27.47,0
44,"2004-09",0.406,28.75,64,6227155.00573731,"Goias",64,6227155.00573731,9,2004,"Goias",0.406,28.75,0
45,"2004-10",21.798,29.56,94,6227155.00573731,"Goias",94,6227155.00573731,10,2004,"Goias",21.798,29.56,0
46,"2004-11",51.485,29.14,182,6227155.00573731,"Goias",182,6227155.00573731,11,2004,"Goias",51.485,29.14,0
47,"2004-12",74.67,28.28,284,6227155.00573731,"Goias",284,6227155.00573731,12,2004,"Goias",74.67,28.28,0
48,"2005-01",203.398,26.32,724,6296672.54968262,"Goias",724,6296672.54968262,1,2005,"Goias",203.398,26.32,0
49,"2005-02",186.874,26.03,1711,6296672.54968262,"Goias",1711,6296672.54968262,2,2005,"Goias",186.874,26.03,0
50,"2005-03",229.148,25.6,3316,6296672.54968262,"Goias",3316,6296672.54968262,3,2005,"Goias",229.148,25.6,0
51,"2005-04",75.896,26.19,4458,6296672.54968262,"Goias",4458,6296672.54968262,4,2005,"Goias",75.896,26.19,0
52,"2005-05",58.654,25.62,3375,6296672.54968262,"Goias",3375,6296672.54968262,5,2005,"Goias",58.654,25.62,0
53,"2005-06",7.797,26.39,1492,6296672.54968262,"Goias",1492,6296672.54968262,6,2005,"Goias",7.797,26.39,0
54,"2005-07",1.184,26.17,493,6296672.54968262,"Goias",493,6296672.54968262,7,2005,"Goias",1.184,26.17,0
55,"2005-08",0.318,27.36,371,6296672.54968262,"Goias",371,6296672.54968262,8,2005,"Goias",0.318,27.36,0
56,"2005-09",2.413,29.15,297,6296672.54968262,"Goias",297,6296672.54968262,9,2005,"Goias",2.413,29.15,0
57,"2005-10",1.785,30.17,589,6296672.54968262,"Goias",589,6296672.54968262,10,2005,"Goias",1.785,30.17,0
58,"2005-11",62.654,29.31,1158,6296672.54968262,"Goias",1158,6296672.54968262,11,2005,"Goias",62.654,29.31,0
59,"2005-12",147.171,26.71,1537,6296672.54968262,"Goias",1537,6296672.54968262,12,2005,"Goias",147.171,26.71,0
60,"2006-01",63.506,27.7,4528,6365685.70737254,"Goias",4528,6365685.70737254,1,2006,"Goias",63.506,27.7,0
61,"2006-02",233.522,25.36,4617,6365685.70737254,"Goias",4617,6365685.70737254,2,2006,"Goias",233.522,25.36,0
62,"2006-03",303.804,24.79,5000,6365685.70737254,"Goias",5000,6365685.70737254,3,2006,"Goias",303.804,24.79,0
63,"2006-04",217.665,24.54,4734,6365685.70737254,"Goias",4734,6365685.70737254,4,2006,"Goias",217.665,24.54,0
64,"2006-05",54.015,25.4,2654,6365685.70737254,"Goias",2654,6365685.70737254,5,2006,"Goias",54.015,25.4,0
65,"2006-06",7.84,25.54,687,6365685.70737254,"Goias",687,6365685.70737254,6,2006,"Goias",7.84,25.54,0
66,"2006-07",1.347,25.95,272,6365685.70737254,"Goias",272,6365685.70737254,7,2006,"Goias",1.347,25.95,0
67,"2006-08",0.528,27.08,165,6365685.70737254,"Goias",165,6365685.70737254,8,2006,"Goias",0.528,27.08,0
68,"2006-09",4.286,28.56,175,6365685.70737254,"Goias",175,6365685.70737254,9,2006,"Goias",4.286,28.56,0
69,"2006-10",56.08,29.08,344,6365685.70737254,"Goias",344,6365685.70737254,10,2006,"Goias",56.08,29.08,0
70,"2006-11",52.276,27.98,656,6365685.70737254,"Goias",656,6365685.70737254,11,2006,"Goias",52.276,27.98,0
71,"2006-12",77.396,27.81,796,6365685.70737254,"Goias",796,6365685.70737254,12,2006,"Goias",77.396,27.81,0
72,"2007-01",72.215,27.98,1795,6432093.95665946,"Goias",1795,6432093.95665946,1,2007,"Goias",72.215,27.98,0
73,"2007-02",304.31,24.89,2513,6432093.95665946,"Goias",2513,6432093.95665946,2,2007,"Goias",304.31,24.89,0
74,"2007-03",87.118,25.7,3016,6432093.95665946,"Goias",3016,6432093.95665946,3,2007,"Goias",87.118,25.7,0
75,"2007-04",109.088,26.25,2013,6432093.95665946,"Goias",2013,6432093.95665946,4,2007,"Goias",109.088,26.25,0
76,"2007-05",21.439,26.92,1273,6432093.95665946,"Goias",1273,6432093.95665946,5,2007,"Goias",21.439,26.92,0
77,"2007-06",4.887,26.43,763,6432093.95665946,"Goias",763,6432093.95665946,6,2007,"Goias",4.887,26.43,0
78,"2007-07",1.064,26.95,440,6432093.95665946,"Goias",440,6432093.95665946,7,2007,"Goias",1.064,26.95,0
79,"2007-08",0.417,26.82,298,6432093.95665946,"Goias",298,6432093.95665946,8,2007,"Goias",0.417,26.82,0
80,"2007-09",0.171,28.36,205,6432093.95665946,"Goias",205,6432093.95665946,9,2007,"Goias",0.171,28.36,0
81,"2007-10",3.021,30.05,438,6432093.95665946,"Goias",438,6432093.95665946,10,2007,"Goias",3.021,30.05,0
82,"2007-11",64.294,29.46,716,6432093.95665946,"Goias",716,6432093.95665946,11,2007,"Goias",64.294,29.46,0
83,"2007-12",75.544,27.49,1048,6432093.95665946,"Goias",1048,6432093.95665946,12,2007,"Goias",75.544,27.49,0
84,"2008-01",203.513,25.87,2639,6496370.91725302,"Goias",2639,6496370.91725302,1,2008,"Goias",203.513,25.87,0
85,"2008-02",163.344,25.55,4069,6496370.91725302,"Goias",4069,6496370.91725302,2,2008,"Goias",163.344,25.55,0
86,"2008-03",357.081,24.1,8801,6496370.91725302,"Goias",8801,6496370.91725302,3,2008,"Goias",357.081,24.1,0
87,"2008-04",204.116,24.58,12689,6496370.91725302,"Goias",12689,6496370.91725302,4,2008,"Goias",204.116,24.58,0
88,"2008-05",65.697,25.24,4843,6496370.91725302,"Goias",4843,6496370.91725302,5,2008,"Goias",65.697,25.24,0
89,"2008-06",3.676,25.49,1420,6496370.91725302,"Goias",1420,6496370.91725302,6,2008,"Goias",3.676,25.49,0
90,"2008-07",1.576,25.52,474,6496370.91725302,"Goias",474,6496370.91725302,7,2008,"Goias",1.576,25.52,0
91,"2008-08",1.538,27.04,322,6496370.91725302,"Goias",322,6496370.91725302,8,2008,"Goias",1.538,27.04,0
92,"2008-09",0.725,29.2,264,6496370.91725302,"Goias",264,6496370.91725302,9,2008,"Goias",0.725,29.2,0
93,"2008-10",2.26,30.09,557,6496370.91725302,"Goias",557,6496370.91725302,10,2008,"Goias",2.26,30.09,0
94,"2008-11",30.667,29.65,952,6496370.91725302,"Goias",952,6496370.91725302,11,2008,"Goias",30.667,29.65,0
95,"2008-12",124.865,26.97,1290,6496370.91725302,"Goias",1290,6496370.91725302,12,2008,"Goias",124.865,26.97,0
96,"2009-01",175.751,26.34,2324,6559193.18873841,"Goias",2324,6559193.18873841,1,2009,"Goias",175.751,26.34,0
97,"2009-02",219.016,25.06,3688,6559193.18873841,"Goias",3688,6559193.18873841,2,2009,"Goias",219.016,25.06,0
98,"2009-03",226.358,25.09,6192,6559193.18873841,"Goias",6192,6559193.18873841,3,2009,"Goias",226.358,25.09,0
99,"2009-04",328.029,24.32,5638,6559193.18873841,"Goias",5638,6559193.18873841,4,2009,"Goias",328.029,24.32,0
100,"2009-05",236.712,24.13,3924,6559193.18873841,"Goias",3924,6559193.18873841,5,2009,"Goias",236.712,24.13,0
101,"2009-06",23.093,24.93,1955,6559193.18873841,"Goias",1955,6559193.18873841,6,2009,"Goias",23.093,24.93,0
102,"2009-07",7.805,25.72,1303,6559193.18873841,"Goias",1303,6559193.18873841,7,2009,"Goias",7.805,25.72,0
103,"2009-08",4.296,26.89,1684,6559193.18873841,"Goias",1684,6559193.18873841,8,2009,"Goias",4.296,26.89,0
104,"2009-09",0.434,29.18,1235,6559193.18873841,"Goias",1235,6559193.18873841,9,2009,"Goias",0.434,29.18,0
105,"2009-10",70.203,28.26,2102,6559193.18873841,"Goias",2102,6559193.18873841,10,2009,"Goias",70.203,28.26,0
106,"2009-11",10.315,28.95,5139,6559193.18873841,"Goias",5139,6559193.18873841,11,2009,"Goias",10.315,28.95,0
107,"2009-12",108.086,27.39,8341,6559193.18873841,"Goias",8341,6559193.18873841,12,2009,"Goias",108.086,27.39,0
108,"2010-01",149.326,26.02,26073,6621000.560846,"Goias",26073,6621000.560846,1,2010,"Goias",149.326,26.02,0
109,"2010-02",87.945,27.62,21997,6621000.560846,"Goias",21997,6621000.560846,2,2010,"Goias",87.945,27.62,0
110,"2010-03",148.538,26.94,17489,6621000.560846,"Goias",17489,6621000.560846,3,2010,"Goias",148.538,26.94,0
111,"2010-04",116.088,26.32,12252,6621000.560846,"Goias",12252,6621000.560846,4,2010,"Goias",116.088,26.32,0
112,"2010-05",29.124,27.99,7719,6621000.560846,"Goias",7719,6621000.560846,5,2010,"Goias",29.124,27.99,0
113,"2010-06",19.472,26.49,2507,6621000.560846,"Goias",2507,6621000.560846,6,2010,"Goias",19.472,26.49,0
114,"2010-07",2.312,26.7,1217,6621000.560846,"Goias",1217,6621000.560846,7,2010,"Goias",2.312,26.7,0
115,"2010-08",0.239,26.98,1241,6621000.560846,"Goias",1241,6621000.560846,8,2010,"Goias",0.239,26.98,0
116,"2010-09",0.186,28.62,1618,6621000.560846,"Goias",1618,6621000.560846,9,2010,"Goias",0.186,28.62,0
117,"2010-10",83.501,29.11,2112,6621000.560846,"Goias",2112,6621000.560846,10,2010,"Goias",83.501,29.11,0
118,"2010-11",37.892,28.68,2627,6621000.560846,"Goias",2627,6621000.560846,11,2010,"Goias",37.892,28.68,0
119,"2010-12",159.575,26.38,5195,6621000.560846,"Goias",5195,6621000.560846,12,2010,"Goias",159.575,26.38,0
120,"2011-01",175.15,25.37,3982,6681928.35349284,"Goias",3982,6681928.35349284,1,2011,"Goias",175.15,25.37,0
121,"2011-02",268.03,24.77,4362,6681928.35349284,"Goias",4362,6681928.35349284,2,2011,"Goias",268.03,24.77,0
122,"2011-03",206.882,24.79,4795,6681928.35349284,"Goias",4795,6681928.35349284,3,2011,"Goias",206.882,24.79,0
123,"2011-04",133.01,25.13,4318,6681928.35349284,"Goias",4318,6681928.35349284,4,2011,"Goias",133.01,25.13,0
124,"2011-05",74.526,25.51,3229,6681928.35349284,"Goias",3229,6681928.35349284,5,2011,"Goias",74.526,25.51,0
125,"2011-06",5.327,26.16,1143,6681928.35349284,"Goias",1143,6681928.35349284,6,2011,"Goias",5.327,26.16,0
126,"2011-07",11.881,25.75,536,6681928.35349284,"Goias",536,6681928.35349284,7,2011,"Goias",11.881,25.75,0
127,"2011-08",3.077,27.25,373,6681928.35349284,"Goias",373,6681928.35349284,8,2011,"Goias",3.077,27.25,0
128,"2011-09",0.118,28.27,429,6681928.35349284,"Goias",429,6681928.35349284,9,2011,"Goias",0.118,28.27,0
129,"2011-10",80.07,28.13,574,6681928.35349284,"Goias",574,6681928.35349284,10,2011,"Goias",80.07,28.13,0
130,"2011-11",65.06,27.37,254,6681928.35349284,"Goias",254,6681928.35349284,11,2011,"Goias",65.06,27.37,0
131,"2011-12",39.6,28.2,427,6681928.35349284,"Goias",427,6681928.35349284,12,2011,"Goias",39.6,28.2,0
132,"2012-01",132.101,26.57,2413,6741875.07674115,"Goias",2413,6741875.07674115,1,2012,"Goias",132.101,26.57,0
133,"2012-02",147.743,25.67,2593,6741875.07674115,"Goias",2593,6741875.07674115,2,2012,"Goias",147.743,25.67,0
134,"2012-03",106.566,26.3,2746,6741875.07674115,"Goias",2746,6741875.07674115,3,2012,"Goias",106.566,26.3,0
135,"2012-04",38.009,27.49,2673,6741875.07674115,"Goias",2673,6741875.07674115,4,2012,"Goias",38.009,27.49,0
136,"2012-05",6.806,28.16,2982,6741875.07674115,"Goias",2982,6741875.07674115,5,2012,"Goias",6.806,28.16,0
137,"2012-06",6.633,27.76,2161,6741875.07674115,"Goias",2161,6741875.07674115,6,2012,"Goias",6.633,27.76,0
138,"2012-07",0.624,27.21,1306,6741875.07674115,"Goias",1306,6741875.07674115,7,2012,"Goias",0.624,27.21,0
139,"2012-08",0.184,27.16,973,6741875.07674115,"Goias",973,6741875.07674115,8,2012,"Goias",0.184,27.16,0
140,"2012-09",0.141,29.26,1012,6741875.07674115,"Goias",1012,6741875.07674115,9,2012,"Goias",0.141,29.26,0
141,"2012-10",0.919,30.41,1320,6741875.07674115,"Goias",1320,6741875.07674115,10,2012,"Goias",0.919,30.41,0
142,"2012-11",88.975,28.72,1841,6741875.07674115,"Goias",1841,6741875.07674115,11,2012,"Goias",88.975,28.72,0
143,"2012-12",44.777,28.35,2707,6741875.07674115,"Goias",2707,6741875.07674115,12,2012,"Goias",44.777,28.35,0
144,"2013-01",171.431,26.52,18261,6801043.71046648,"Goias",18261,6801043.71046648,1,2013,"Goias",171.431,26.52,0
145,"2013-02",51.925,27.99,26674,6801043.71046648,"Goias",26674,6801043.71046648,2,2013,"Goias",51.925,27.99,0
146,"2013-03",199.112,27.28,31815,6801043.71046648,"Goias",31815,6801043.71046648,3,2013,"Goias",199.112,27.28,0
147,"2013-04",134.209,25.63,25401,6801043.71046648,"Goias",25401,6801043.71046648,4,2013,"Goias",134.209,25.63,0
148,"2013-05",40.293,26.73,13280,6801043.71046648,"Goias",13280,6801043.71046648,5,2013,"Goias",40.293,26.73,0
149,"2013-06",16.176,27.23,5375,6801043.71046648,"Goias",5375,6801043.71046648,6,2013,"Goias",16.176,27.23,0
150,"2013-07",6.838,27.16,2162,6801043.71046648,"Goias",2162,6801043.71046648,7,2013,"Goias",6.838,27.16,0
151,"2013-08",0.633,28.05,1464,6801043.71046648,"Goias",1464,6801043.71046648,8,2013,"Goias",0.633,28.05,0
152,"2013-09",0.831,29.38,1117,6801043.71046648,"Goias",1117,6801043.71046648,9,2013,"Goias",0.831,29.38,0
153,"2013-10",19.672,29.44,1576,6801043.71046648,"Goias",1576,6801043.71046648,10,2013,"Goias",19.672,29.44,0
154,"2013-11",90.261,28.18,2099,6801043.71046648,"Goias",2099,6801043.71046648,11,2013,"Goias",90.261,28.18,0
155,"2013-12",148.29,26.71,2783,6801043.71046648,"Goias",2783,6801043.71046648,12,2013,"Goias",148.29,26.71,0
156,"2014-01",69.753,26.67,8619,6859501.91462736,"Goias",8619,6859501.91462736,1,2014,"Goias",69.753,26.67,0
157,"2014-02",140.032,26.08,12103,6859501.91462736,"Goias",12103,6859501.91462736,2,2014,"Goias",140.032,26.08,0
158,"2014-03",160.174,25.48,12545,6859501.91462736,"Goias",12545,6859501.91462736,3,2014,"Goias",160.174,25.48,0
159,"2014-04",138.97,25.48,16212,6859501.91462736,"Goias",16212,6859501.91462736,4,2014,"Goias",138.97,25.48,0
160,"2014-05",32.034,26.27,16586,6859501.91462736,"Goias",16586,6859501.91462736,5,2014,"Goias",32.034,26.27,0
161,"2014-06",2.422,27.05,9133,6859501.91462736,"Goias",9133,6859501.91462736,6,2014,"Goias",2.422,27.05,0
162,"2014-07",5.055,26.95,4165,6859501.91462736,"Goias",4165,6859501.91462736,7,2014,"Goias",5.055,26.95,0
163,"2014-08",0.338,27.49,2756,6859501.91462736,"Goias",2756,6859501.91462736,8,2014,"Goias",0.338,27.49,0
164,"2014-09",1.616,29.1,2234,6859501.91462736,"Goias",2234,6859501.91462736,9,2014,"Goias",1.616,29.1,0
165,"2014-10",10.79,29.48,2801,6859501.91462736,"Goias",2801,6859501.91462736,10,2014,"Goias",10.79,29.48,0
166,"2014-11",83.17,28.15,3304,6859501.91462736,"Goias",3304,6859501.91462736,11,2014,"Goias",83.17,28.15,0
167,"2014-12",73.957,27.62,4778,6859501.91462736,"Goias",4778,6859501.91462736,12,2014,"Goias",73.957,27.62,0
168,"2015-01",63.018,27.56,11807,6917283.51920304,"Goias",11807,6917283.51920304,1,2015,"Goias",63.018,27.56,0
169,"2015-02",177.385,26.22,19384,6917283.51920304,"Goias",19384,6917283.51920304,2,2015,"Goias",177.385,26.22,0
170,"2015-03",176.951,25.51,32274,6917283.51920304,"Goias",32274,6917283.51920304,3,2015,"Goias",176.951,25.51,0
171,"2015-04",93.843,25.82,29817,6917283.51920304,"Goias",29817,6917283.51920304,4,2015,"Goias",93.843,25.82,0
172,"2015-05",26.293,26.94,34411,6917283.51920304,"Goias",34411,6917283.51920304,5,2015,"Goias",26.293,26.94,0
173,"2015-06",7.675,26.98,18369,6917283.51920304,"Goias",18369,6917283.51920304,6,2015,"Goias",7.675,26.98,0
174,"2015-07",11.387,26.95,6156,6917283.51920304,"Goias",6156,6917283.51920304,7,2015,"Goias",11.387,26.95,0
175,"2015-08",0.148,27.83,3116,6917283.51920304,"Goias",3116,6917283.51920304,8,2015,"Goias",0.148,27.83,0
176,"2015-09",0.393,29.89,1842,6917283.51920304,"Goias",1842,6917283.51920304,9,2015,"Goias",0.393,29.89,0
177,"2015-10",11.107,30.6,2272,6917283.51920304,"Goias",2272,6917283.51920304,10,2015,"Goias",11.107,30.6,0
178,"2015-11",22.419,30.24,3715,6917283.51920304,"Goias",3715,6917283.51920304,11,2015,"Goias",22.419,30.24,0
179,"2015-12",25.851,30.12,7364,6917283.51920304,"Goias",7364,6917283.51920304,12,2015,"Goias",25.851,30.12,0
180,"2016-01",359.367,25.61,16346,6974490.0141313,"Goias",16346,6974490.0141313,1,2016,"Goias",359.367,25.61,0
181,"2016-02",69.799,26.8,30447,6974490.0141313,"Goias",30447,6974490.0141313,2,2016,"Goias",69.799,26.8,0
182,"2016-03",138.795,27.28,32763,6974490.0141313,"Goias",32763,6974490.0141313,3,2016,"Goias",138.795,27.28,0
183,"2016-04",48.621,27.99,22711,6974490.0141313,"Goias",22711,6974490.0141313,4,2016,"Goias",48.621,27.99,0
184,"2016-05",21.027,28.36,11271,6974490.0141313,"Goias",11271,6974490.0141313,5,2016,"Goias",21.027,28.36,0
185,"2016-06",3.818,27.56,4564,6974490.0141313,"Goias",4564,6974490.0141313,6,2016,"Goias",3.818,27.56,0
186,"2016-07",1.126,27.23,2060,6974490.0141313,"Goias",2060,6974490.0141313,7,2016,"Goias",1.126,27.23,0
187,"2016-08",0.37,28.41,1712,6974490.0141313,"Goias",1712,6974490.0141313,8,2016,"Goias",0.37,28.41,0
188,"2016-09",9.016,29.63,1675,6974490.0141313,"Goias",1675,6974490.0141313,9,2016,"Goias",9.016,29.63,0
189,"2016-10",25.499,29.91,2058,6974490.0141313,"Goias",2058,6974490.0141313,10,2016,"Goias",25.499,29.91,0
190,"2016-11",54.057,29.74,2656,6974490.0141313,"Goias",2656,6974490.0141313,11,2016,"Goias",54.057,29.74,0
191,"2016-12",92.061,28.09,3391,6974490.0141313,"Goias",3391,6974490.0141313,12,2016,"Goias",92.061,28.09,0
0,"2001-01",261.812,24.6,NA,4669779.49349976,"Maranhao",NA,4669779.49349976,1,2001,"Maranhao",261.812,24.6,0
1,"2001-02",268.014,24.78,NA,4669779.49349976,"Maranhao",NA,4669779.49349976,2,2001,"Maranhao",268.014,24.78,0
2,"2001-03",250.64,24.84,1527,4669779.49349976,"Maranhao",1527,4669779.49349976,3,2001,"Maranhao",250.64,24.84,0
3,"2001-04",143.514,25.02,1119,4669779.49349976,"Maranhao",1119,4669779.49349976,4,2001,"Maranhao",143.514,25.02,0
4,"2001-05",96.436,24.63,1099,4669779.49349976,"Maranhao",1099,4669779.49349976,5,2001,"Maranhao",96.436,24.63,0
5,"2001-06",39.348,22.98,564,4669779.49349976,"Maranhao",564,4669779.49349976,6,2001,"Maranhao",39.348,22.98,0
6,"2001-07",45.902,24.73,367,4669779.49349976,"Maranhao",367,4669779.49349976,7,2001,"Maranhao",45.902,24.73,0
7,"2001-08",16.303,27.11,231,4669779.49349976,"Maranhao",231,4669779.49349976,8,2001,"Maranhao",16.303,27.11,0
8,"2001-09",120.683,25.83,164,4669779.49349976,"Maranhao",164,4669779.49349976,9,2001,"Maranhao",120.683,25.83,0
9,"2001-10",161.393,26.4,142,4669779.49349976,"Maranhao",142,4669779.49349976,10,2001,"Maranhao",161.393,26.4,0
10,"2001-11",223.676,25.74,166,4669779.49349976,"Maranhao",166,4669779.49349976,11,2001,"Maranhao",223.676,25.74,0
11,"2001-12",308.984,25,259,4669779.49349976,"Maranhao",259,4669779.49349976,12,2001,"Maranhao",308.984,25,0
12,"2002-01",267.546,25.31,945,4711554.26858521,"Maranhao",945,4711554.26858521,1,2002,"Maranhao",267.546,25.31,0
13,"2002-02",299.222,25.15,2270,4711554.26858521,"Maranhao",2270,4711554.26858521,2,2002,"Maranhao",299.222,25.15,0
14,"2002-03",217.671,25.38,2414,4711554.26858521,"Maranhao",2414,4711554.26858521,3,2002,"Maranhao",217.671,25.38,0
15,"2002-04",151.128,25.22,1351,4711554.26858521,"Maranhao",1351,4711554.26858521,4,2002,"Maranhao",151.128,25.22,0
16,"2002-05",85.164,25.09,797,4711554.26858521,"Maranhao",797,4711554.26858521,5,2002,"Maranhao",85.164,25.09,0
17,"2002-06",16.634,24.84,406,4711554.26858521,"Maranhao",406,4711554.26858521,6,2002,"Maranhao",16.634,24.84,0
18,"2002-07",45.332,25.65,326,4711554.26858521,"Maranhao",326,4711554.26858521,7,2002,"Maranhao",45.332,25.65,0
19,"2002-08",78.032,26.24,362,4711554.26858521,"Maranhao",362,4711554.26858521,8,2002,"Maranhao",78.032,26.24,0
20,"2002-09",112.503,26.09,254,4711554.26858521,"Maranhao",254,4711554.26858521,9,2002,"Maranhao",112.503,26.09,0
21,"2002-10",136.495,26.9,455,4711554.26858521,"Maranhao",455,4711554.26858521,10,2002,"Maranhao",136.495,26.9,0
22,"2002-11",173.792,25.98,610,4711554.26858521,"Maranhao",610,4711554.26858521,11,2002,"Maranhao",173.792,25.98,0
23,"2002-12",252.48,25.54,555,4711554.26858521,"Maranhao",555,4711554.26858521,12,2002,"Maranhao",252.48,25.54,0
24,"2003-01",268.33,25.61,1852,4752957.84936523,"Maranhao",1852,4752957.84936523,1,2003,"Maranhao",268.33,25.61,0
25,"2003-02",257.575,25.24,1963,4752957.84936523,"Maranhao",1963,4752957.84936523,2,2003,"Maranhao",257.575,25.24,0
26,"2003-03",320.456,24.67,1673,4752957.84936523,"Maranhao",1673,4752957.84936523,3,2003,"Maranhao",320.456,24.67,0
27,"2003-04",195.3,24.74,1210,4752957.84936523,"Maranhao",1210,4752957.84936523,4,2003,"Maranhao",195.3,24.74,0
28,"2003-05",122.604,24.7,782,4752957.84936523,"Maranhao",782,4752957.84936523,5,2003,"Maranhao",122.604,24.7,0
29,"2003-06",46.918,24.69,398,4752957.84936523,"Maranhao",398,4752957.84936523,6,2003,"Maranhao",46.918,24.69,0
30,"2003-07",4.415,25.59,253,4752957.84936523,"Maranhao",253,4752957.84936523,7,2003,"Maranhao",4.415,25.59,0
31,"2003-08",51.211,25.55,169,4752957.84936523,"Maranhao",169,4752957.84936523,8,2003,"Maranhao",51.211,25.55,0
32,"2003-09",129.4,25.68,102,4752957.84936523,"Maranhao",102,4752957.84936523,9,2003,"Maranhao",129.4,25.68,0
33,"2003-10",162.203,25.86,61,4752957.84936523,"Maranhao",61,4752957.84936523,10,2003,"Maranhao",162.203,25.86,0
34,"2003-11",172.095,25.63,84,4752957.84936523,"Maranhao",84,4752957.84936523,11,2003,"Maranhao",172.095,25.63,0
35,"2003-12",222.068,25.8,173,4752957.84936523,"Maranhao",173,4752957.84936523,12,2003,"Maranhao",222.068,25.8,0
36,"2004-01",380,25.02,188,4793987.69891357,"Maranhao",188,4793987.69891357,1,2004,"Maranhao",380,25.02,0
37,"2004-02",294.835,24.76,280,4793987.69891357,"Maranhao",280,4793987.69891357,2,2004,"Maranhao",294.835,24.76,0
38,"2004-03",278.974,25.22,306,4793987.69891357,"Maranhao",306,4793987.69891357,3,2004,"Maranhao",278.974,25.22,0
39,"2004-04",205.971,25.08,180,4793987.69891357,"Maranhao",180,4793987.69891357,4,2004,"Maranhao",205.971,25.08,0
40,"2004-05",90.085,23.46,181,4793987.69891357,"Maranhao",181,4793987.69891357,5,2004,"Maranhao",90.085,23.46,0
41,"2004-06",40.231,24.15,135,4793987.69891357,"Maranhao",135,4793987.69891357,6,2004,"Maranhao",40.231,24.15,0
42,"2004-07",30.859,25.22,86,4793987.69891357,"Maranhao",86,4793987.69891357,7,2004,"Maranhao",30.859,25.22,0
43,"2004-08",46.956,26.67,85,4793987.69891357,"Maranhao",85,4793987.69891357,8,2004,"Maranhao",46.956,26.67,0
44,"2004-09",76.581,26.64,41,4793987.69891357,"Maranhao",41,4793987.69891357,9,2004,"Maranhao",76.581,26.64,0
45,"2004-10",181.533,26.24,81,4793987.69891357,"Maranhao",81,4793987.69891357,10,2004,"Maranhao",181.533,26.24,0
46,"2004-11",202.284,25.73,93,4793987.69891357,"Maranhao",93,4793987.69891357,11,2004,"Maranhao",202.284,25.73,0
47,"2004-12",291.367,25.35,165,4793987.69891357,"Maranhao",165,4793987.69891357,12,2004,"Maranhao",291.367,25.35,0
48,"2005-01",240.668,25.7,365,4834641.29315186,"Maranhao",365,4834641.29315186,1,2005,"Maranhao",240.668,25.7,0
49,"2005-02",255.231,24.89,715,4834641.29315186,"Maranhao",715,4834641.29315186,2,2005,"Maranhao",255.231,24.89,0
50,"2005-03",258.948,25.04,1294,4834641.29315186,"Maranhao",1294,4834641.29315186,3,2005,"Maranhao",258.948,25.04,0
51,"2005-04",100.804,25.24,865,4834641.29315186,"Maranhao",865,4834641.29315186,4,2005,"Maranhao",100.804,25.24,0
52,"2005-05",81.179,25.29,1371,4834641.29315186,"Maranhao",1371,4834641.29315186,5,2005,"Maranhao",81.179,25.29,0
53,"2005-06",24.086,25.57,1055,4834641.29315186,"Maranhao",1055,4834641.29315186,6,2005,"Maranhao",24.086,25.57,0
54,"2005-07",3.171,25.34,867,4834641.29315186,"Maranhao",867,4834641.29315186,7,2005,"Maranhao",3.171,25.34,0
55,"2005-08",17.922,26.85,403,4834641.29315186,"Maranhao",403,4834641.29315186,8,2005,"Maranhao",17.922,26.85,0
56,"2005-09",69.818,26.36,230,4834641.29315186,"Maranhao",230,4834641.29315186,9,2005,"Maranhao",69.818,26.36,0
57,"2005-10",183.101,26.4,100,4834641.29315186,"Maranhao",100,4834641.29315186,10,2005,"Maranhao",183.101,26.4,0
58,"2005-11",221.978,25.76,106,4834641.29315186,"Maranhao",106,4834641.29315186,11,2005,"Maranhao",221.978,25.76,0
59,"2005-12",328.675,24.79,95,4834641.29315186,"Maranhao",95,4834641.29315186,12,2005,"Maranhao",328.675,24.79,0
60,"2006-01",295.781,25.07,927,4887630.21060085,"Maranhao",927,4887630.21060085,1,2006,"Maranhao",295.781,25.07,0
61,"2006-02",387.002,24.61,1067,4887630.21060085,"Maranhao",1067,4887630.21060085,2,2006,"Maranhao",387.002,24.61,0
62,"2006-03",217.644,25.08,687,4887630.21060085,"Maranhao",687,4887630.21060085,3,2006,"Maranhao",217.644,25.08,0
63,"2006-04",196.269,24.43,667,4887630.21060085,"Maranhao",667,4887630.21060085,4,2006,"Maranhao",196.269,24.43,0
64,"2006-05",55.242,23.84,745,4887630.21060085,"Maranhao",745,4887630.21060085,5,2006,"Maranhao",55.242,23.84,0
65,"2006-06",7.787,25.95,328,4887630.21060085,"Maranhao",328,4887630.21060085,6,2006,"Maranhao",7.787,25.95,0
66,"2006-07",7.804,26.51,315,4887630.21060085,"Maranhao",315,4887630.21060085,7,2006,"Maranhao",7.804,26.51,0
67,"2006-08",19.642,27.67,434,4887630.21060085,"Maranhao",434,4887630.21060085,8,2006,"Maranhao",19.642,27.67,0
68,"2006-09",116.415,26.64,273,4887630.21060085,"Maranhao",273,4887630.21060085,9,2006,"Maranhao",116.415,26.64,0
69,"2006-10",172.934,25.96,367,4887630.21060085,"Maranhao",367,4887630.21060085,10,2006,"Maranhao",172.934,25.96,0
70,"2006-11",196.773,25.71,314,4887630.21060085,"Maranhao",314,4887630.21060085,11,2006,"Maranhao",196.773,25.71,0
71,"2006-12",252.685,25.35,489,4887630.21060085,"Maranhao",489,4887630.21060085,12,2006,"Maranhao",252.685,25.35,0
72,"2007-01",260.803,25.7,1536,4938619.05616575,"Maranhao",1536,4938619.05616575,1,2007,"Maranhao",260.803,25.7,0
73,"2007-02",257.797,25.3,2446,4938619.05616575,"Maranhao",2446,4938619.05616575,2,2007,"Maranhao",257.797,25.3,0
74,"2007-03",283.059,25.17,2892,4938619.05616575,"Maranhao",2892,4938619.05616575,3,2007,"Maranhao",283.059,25.17,0
75,"2007-04",160.629,25.13,2327,4938619.05616575,"Maranhao",2327,4938619.05616575,4,2007,"Maranhao",160.629,25.13,0
76,"2007-05",66.386,24.13,1998,4938619.05616575,"Maranhao",1998,4938619.05616575,5,2007,"Maranhao",66.386,24.13,0
77,"2007-06",8.779,25.58,969,4938619.05616575,"Maranhao",969,4938619.05616575,6,2007,"Maranhao",8.779,25.58,0
78,"2007-07",41.403,25.31,625,4938619.05616575,"Maranhao",625,4938619.05616575,7,2007,"Maranhao",41.403,25.31,0
79,"2007-08",13.049,26.79,344,4938619.05616575,"Maranhao",344,4938619.05616575,8,2007,"Maranhao",13.049,26.79,0
80,"2007-09",46.636,27.78,210,4938619.05616575,"Maranhao",210,4938619.05616575,9,2007,"Maranhao",46.636,27.78,0
81,"2007-10",179.957,26.28,233,4938619.05616575,"Maranhao",233,4938619.05616575,10,2007,"Maranhao",179.957,26.28,0
82,"2007-11",278.003,25.25,253,4938619.05616575,"Maranhao",253,4938619.05616575,11,2007,"Maranhao",278.003,25.25,0
83,"2007-12",257.566,25.02,409,4938619.05616575,"Maranhao",409,4938619.05616575,12,2007,"Maranhao",257.566,25.02,0
84,"2008-01",321.222,24.62,717,4987971.47928001,"Maranhao",717,4987971.47928001,1,2008,"Maranhao",321.222,24.62,0
85,"2008-02",302.982,24.35,1207,4987971.47928001,"Maranhao",1207,4987971.47928001,2,2008,"Maranhao",302.982,24.35,0
86,"2008-03",264.556,24.34,1843,4987971.47928001,"Maranhao",1843,4987971.47928001,3,2008,"Maranhao",264.556,24.34,0
87,"2008-04",184.856,24.54,1764,4987971.47928001,"Maranhao",1764,4987971.47928001,4,2008,"Maranhao",184.856,24.54,0
88,"2008-05",83.812,23.84,667,4987971.47928001,"Maranhao",667,4987971.47928001,5,2008,"Maranhao",83.812,23.84,0
89,"2008-06",12.164,24.18,255,4987971.47928001,"Maranhao",255,4987971.47928001,6,2008,"Maranhao",12.164,24.18,0
90,"2008-07",2.81,26.47,81,4987971.47928001,"Maranhao",81,4987971.47928001,7,2008,"Maranhao",2.81,26.47,0
91,"2008-08",15.895,27.89,54,4987971.47928001,"Maranhao",54,4987971.47928001,8,2008,"Maranhao",15.895,27.89,0
92,"2008-09",79.844,26.91,41,4987971.47928001,"Maranhao",41,4987971.47928001,9,2008,"Maranhao",79.844,26.91,0
93,"2008-10",134.733,26.85,48,4987971.47928001,"Maranhao",48,4987971.47928001,10,2008,"Maranhao",134.733,26.85,0
94,"2008-11",268.109,25.65,79,4987971.47928001,"Maranhao",79,4987971.47928001,11,2008,"Maranhao",268.109,25.65,0
95,"2008-12",345.474,24.82,195,4987971.47928001,"Maranhao",195,4987971.47928001,12,2008,"Maranhao",345.474,24.82,0
96,"2009-01",282.391,25.1,441,5036206.97913432,"Maranhao",441,5036206.97913432,1,2009,"Maranhao",282.391,25.1,0
97,"2009-02",281.968,24.89,677,5036206.97913432,"Maranhao",677,5036206.97913432,2,2009,"Maranhao",281.968,24.89,0
98,"2009-03",285.128,24.94,941,5036206.97913432,"Maranhao",941,5036206.97913432,3,2009,"Maranhao",285.128,24.94,0
99,"2009-04",267.838,24.53,673,5036206.97913432,"Maranhao",673,5036206.97913432,4,2009,"Maranhao",267.838,24.53,0
100,"2009-05",125.114,24.6,680,5036206.97913432,"Maranhao",680,5036206.97913432,5,2009,"Maranhao",125.114,24.6,0
101,"2009-06",44.281,23.96,288,5036206.97913432,"Maranhao",288,5036206.97913432,6,2009,"Maranhao",44.281,23.96,0
102,"2009-07",37.689,25.05,84,5036206.97913432,"Maranhao",84,5036206.97913432,7,2009,"Maranhao",37.689,25.05,0
103,"2009-08",41.533,26.94,70,5036206.97913432,"Maranhao",70,5036206.97913432,8,2009,"Maranhao",41.533,26.94,0
104,"2009-09",68.219,27.4,52,5036206.97913432,"Maranhao",52,5036206.97913432,9,2009,"Maranhao",68.219,27.4,0
105,"2009-10",138.424,27.06,25,5036206.97913432,"Maranhao",25,5036206.97913432,10,2009,"Maranhao",138.424,27.06,0
106,"2009-11",240.013,26.15,24,5036206.97913432,"Maranhao",24,5036206.97913432,11,2009,"Maranhao",240.013,26.15,0
107,"2009-12",288.052,25.27,94,5036206.97913432,"Maranhao",94,5036206.97913432,12,2009,"Maranhao",288.052,25.27,0
108,"2010-01",333.736,25.24,408,5083663.23020262,"Maranhao",408,5083663.23020262,1,2010,"Maranhao",333.736,25.24,0
109,"2010-02",276.514,25.63,450,5083663.23020262,"Maranhao",450,5083663.23020262,2,2010,"Maranhao",276.514,25.63,0
110,"2010-03",296.496,25.94,829,5083663.23020262,"Maranhao",829,5083663.23020262,3,2010,"Maranhao",296.496,25.94,0
111,"2010-04",65.941,26.23,1027,5083663.23020262,"Maranhao",1027,5083663.23020262,4,2010,"Maranhao",65.941,26.23,0
112,"2010-05",75.988,25.23,1027,5083663.23020262,"Maranhao",1027,5083663.23020262,5,2010,"Maranhao",75.988,25.23,0
113,"2010-06",10.093,26.26,652,5083663.23020262,"Maranhao",652,5083663.23020262,6,2010,"Maranhao",10.093,26.26,0
114,"2010-07",12.628,25.35,714,5083663.23020262,"Maranhao",714,5083663.23020262,7,2010,"Maranhao",12.628,25.35,0
115,"2010-08",17.337,27.02,1402,5083663.23020262,"Maranhao",1402,5083663.23020262,8,2010,"Maranhao",17.337,27.02,0
116,"2010-09",49.848,27.93,839,5083663.23020262,"Maranhao",839,5083663.23020262,9,2010,"Maranhao",49.848,27.93,0
117,"2010-10",154.887,26.62,472,5083663.23020262,"Maranhao",472,5083663.23020262,10,2010,"Maranhao",154.887,26.62,0
118,"2010-11",225.214,25.43,410,5083663.23020262,"Maranhao",410,5083663.23020262,11,2010,"Maranhao",225.214,25.43,0
119,"2010-12",207.389,25.43,426,5083663.23020262,"Maranhao",426,5083663.23020262,12,2010,"Maranhao",207.389,25.43,0
120,"2011-01",301.986,24.62,1172,5130444.13232303,"Maranhao",1172,5130444.13232303,1,2011,"Maranhao",301.986,24.62,0
121,"2011-02",298.715,24.55,1677,5130444.13232303,"Maranhao",1677,5130444.13232303,2,2011,"Maranhao",298.715,24.55,0
122,"2011-03",339.707,24.65,1721,5130444.13232303,"Maranhao",1721,5130444.13232303,3,2011,"Maranhao",339.707,24.65,0
123,"2011-04",213.069,24.82,1281,5130444.13232303,"Maranhao",1281,5130444.13232303,4,2011,"Maranhao",213.069,24.82,0
124,"2011-05",53.454,24.91,1337,5130444.13232303,"Maranhao",1337,5130444.13232303,5,2011,"Maranhao",53.454,24.91,0
125,"2011-06",12.039,26.02,1204,5130444.13232303,"Maranhao",1204,5130444.13232303,6,2011,"Maranhao",12.039,26.02,0
126,"2011-07",9.068,26.91,979,5130444.13232303,"Maranhao",979,5130444.13232303,7,2011,"Maranhao",9.068,26.91,0
127,"2011-08",25.08,27.36,1021,5130444.13232303,"Maranhao",1021,5130444.13232303,8,2011,"Maranhao",25.08,27.36,0
128,"2011-09",101.819,27.46,394,5130444.13232303,"Maranhao",394,5130444.13232303,9,2011,"Maranhao",101.819,27.46,0
129,"2011-10",204.673,26.03,205,5130444.13232303,"Maranhao",205,5130444.13232303,10,2011,"Maranhao",204.673,26.03,0
130,"2011-11",208.178,25.6,135,5130444.13232303,"Maranhao",135,5130444.13232303,11,2011,"Maranhao",208.178,25.6,0
131,"2011-12",343.589,24.94,220,5130444.13232303,"Maranhao",220,5130444.13232303,12,2011,"Maranhao",343.589,24.94,0
132,"2012-01",355.857,24.55,606,5176471.76061696,"Maranhao",606,5176471.76061696,1,2012,"Maranhao",355.857,24.55,0
133,"2012-02",353.312,24.26,825,5176471.76061696,"Maranhao",825,5176471.76061696,2,2012,"Maranhao",353.312,24.26,0
134,"2012-03",275.722,24.76,1142,5176471.76061696,"Maranhao",1142,5176471.76061696,3,2012,"Maranhao",275.722,24.76,0
135,"2012-04",192.383,25.11,863,5176471.76061696,"Maranhao",863,5176471.76061696,4,2012,"Maranhao",192.383,25.11,0
136,"2012-05",99.532,24.63,735,5176471.76061696,"Maranhao",735,5176471.76061696,5,2012,"Maranhao",99.532,24.63,0
137,"2012-06",55.056,24.44,502,5176471.76061696,"Maranhao",502,5176471.76061696,6,2012,"Maranhao",55.056,24.44,0
138,"2012-07",3.733,25.61,432,5176471.76061696,"Maranhao",432,5176471.76061696,7,2012,"Maranhao",3.733,25.61,0
139,"2012-08",4.265,27.66,357,5176471.76061696,"Maranhao",357,5176471.76061696,8,2012,"Maranhao",4.265,27.66,0
140,"2012-09",83.446,27.99,236,5176471.76061696,"Maranhao",236,5176471.76061696,9,2012,"Maranhao",83.446,27.99,0
141,"2012-10",146.04,26.46,151,5176471.76061696,"Maranhao",151,5176471.76061696,10,2012,"Maranhao",146.04,26.46,0
142,"2012-11",241.935,25.65,141,5176471.76061696,"Maranhao",141,5176471.76061696,11,2012,"Maranhao",241.935,25.65,0
143,"2012-12",270.766,25.3,328,5176471.76061696,"Maranhao",328,5176471.76061696,12,2012,"Maranhao",270.766,25.3,0
144,"2013-01",378.302,25.05,1072,5221901.96484162,"Maranhao",1072,5221901.96484162,1,2013,"Maranhao",378.302,25.05,0
145,"2013-02",311.056,24.67,2098,5221901.96484162,"Maranhao",2098,5221901.96484162,2,2013,"Maranhao",311.056,24.67,0
146,"2013-03",321.989,25.17,3037,5221901.96484162,"Maranhao",3037,5221901.96484162,3,2013,"Maranhao",321.989,25.17,0
147,"2013-04",162.098,24.91,2688,5221901.96484162,"Maranhao",2688,5221901.96484162,4,2013,"Maranhao",162.098,24.91,0
148,"2013-05",100.781,24.82,1415,5221901.96484162,"Maranhao",1415,5221901.96484162,5,2013,"Maranhao",100.781,24.82,0
149,"2013-06",68.593,24.99,678,5221901.96484162,"Maranhao",678,5221901.96484162,6,2013,"Maranhao",68.593,24.99,0
150,"2013-07",25.423,24.88,386,5221901.96484162,"Maranhao",386,5221901.96484162,7,2013,"Maranhao",25.423,24.88,0
151,"2013-08",18.077,25.99,353,5221901.96484162,"Maranhao",353,5221901.96484162,8,2013,"Maranhao",18.077,25.99,0
152,"2013-09",95.067,26.42,256,5221901.96484162,"Maranhao",256,5221901.96484162,9,2013,"Maranhao",95.067,26.42,0
153,"2013-10",247.324,25.43,157,5221901.96484162,"Maranhao",157,5221901.96484162,10,2013,"Maranhao",247.324,25.43,0
154,"2013-11",320.79,24.61,117,5221901.96484162,"Maranhao",117,5221901.96484162,11,2013,"Maranhao",320.79,24.61,0
155,"2013-12",276.882,25.31,116,5221901.96484162,"Maranhao",116,5221901.96484162,12,2013,"Maranhao",276.882,25.31,0
156,"2014-01",307.736,24.69,265,5266786.69491607,"Maranhao",265,5266786.69491607,1,2014,"Maranhao",307.736,24.69,0
157,"2014-02",350.637,24.37,338,5266786.69491607,"Maranhao",338,5266786.69491607,2,2014,"Maranhao",350.637,24.37,0
158,"2014-03",334.127,24.74,455,5266786.69491607,"Maranhao",455,5266786.69491607,3,2014,"Maranhao",334.127,24.74,0
159,"2014-04",197.61,24.89,612,5266786.69491607,"Maranhao",612,5266786.69491607,4,2014,"Maranhao",197.61,24.89,0
160,"2014-05",160.158,24.28,545,5266786.69491607,"Maranhao",545,5266786.69491607,5,2014,"Maranhao",160.158,24.28,0
161,"2014-06",23.297,24.8,365,5266786.69491607,"Maranhao",365,5266786.69491607,6,2014,"Maranhao",23.297,24.8,0
162,"2014-07",26.013,25.29,355,5266786.69491607,"Maranhao",355,5266786.69491607,7,2014,"Maranhao",26.013,25.29,0
163,"2014-08",16.695,27.12,258,5266786.69491607,"Maranhao",258,5266786.69491607,8,2014,"Maranhao",16.695,27.12,0
164,"2014-09",110.779,27.16,210,5266786.69491607,"Maranhao",210,5266786.69491607,9,2014,"Maranhao",110.779,27.16,0
165,"2014-10",202.457,26.27,115,5266786.69491607,"Maranhao",115,5266786.69491607,10,2014,"Maranhao",202.457,26.27,0
166,"2014-11",300.984,25.14,167,5266786.69491607,"Maranhao",167,5266786.69491607,11,2014,"Maranhao",300.984,25.14,0
167,"2014-12",294.512,25.16,272,5266786.69491607,"Maranhao",272,5266786.69491607,12,2014,"Maranhao",294.512,25.16,0
168,"2015-01",305.698,24.95,457,5311151.92579984,"Maranhao",457,5311151.92579984,1,2015,"Maranhao",305.698,24.95,0
169,"2015-02",292.988,24.97,652,5311151.92579984,"Maranhao",652,5311151.92579984,2,2015,"Maranhao",292.988,24.97,0
170,"2015-03",291.681,24.87,2364,5311151.92579984,"Maranhao",2364,5311151.92579984,3,2015,"Maranhao",291.681,24.87,0
171,"2015-04",233.424,24.95,2188,5311151.92579984,"Maranhao",2188,5311151.92579984,4,2015,"Maranhao",233.424,24.95,0
172,"2015-05",205.305,24.39,1684,5311151.92579984,"Maranhao",1684,5311151.92579984,5,2015,"Maranhao",205.305,24.39,0
173,"2015-06",23.29,25.07,1252,5311151.92579984,"Maranhao",1252,5311151.92579984,6,2015,"Maranhao",23.29,25.07,0
174,"2015-07",17.755,26.03,781,5311151.92579984,"Maranhao",781,5311151.92579984,7,2015,"Maranhao",17.755,26.03,0
175,"2015-08",32.393,28.4,427,5311151.92579984,"Maranhao",427,5311151.92579984,8,2015,"Maranhao",32.393,28.4,0
176,"2015-09",62.11,28.26,578,5311151.92579984,"Maranhao",578,5311151.92579984,9,2015,"Maranhao",62.11,28.26,0
177,"2015-10",137.86,27.67,523,5311151.92579984,"Maranhao",523,5311151.92579984,10,2015,"Maranhao",137.86,27.67,0
178,"2015-11",168.559,27.02,449,5311151.92579984,"Maranhao",449,5311151.92579984,11,2015,"Maranhao",168.559,27.02,0
179,"2015-12",237.299,26.49,879,5311151.92579984,"Maranhao",879,5311151.92579984,12,2015,"Maranhao",237.299,26.49,0
180,"2016-01",301.264,26.19,2754,5355075.58237153,"Maranhao",2754,5355075.58237153,1,2016,"Maranhao",301.264,26.19,0
181,"2016-02",318.448,25.89,6091,5355075.58237153,"Maranhao",6091,5355075.58237153,2,2016,"Maranhao",318.448,25.89,0
182,"2016-03",348.08,25.41,7894,5355075.58237153,"Maranhao",7894,5355075.58237153,3,2016,"Maranhao",348.08,25.41,0
183,"2016-04",149.354,25.55,6788,5355075.58237153,"Maranhao",6788,5355075.58237153,4,2016,"Maranhao",149.354,25.55,0
184,"2016-05",92.37,25,2743,5355075.58237153,"Maranhao",2743,5355075.58237153,5,2016,"Maranhao",92.37,25,0
185,"2016-06",24.206,24.73,1201,5355075.58237153,"Maranhao",1201,5355075.58237153,6,2016,"Maranhao",24.206,24.73,0
186,"2016-07",1.18,26.87,594,5355075.58237153,"Maranhao",594,5355075.58237153,7,2016,"Maranhao",1.18,26.87,0
187,"2016-08",56.396,27.04,522,5355075.58237153,"Maranhao",522,5355075.58237153,8,2016,"Maranhao",56.396,27.04,0
188,"2016-09",143.586,25.96,192,5355075.58237153,"Maranhao",192,5355075.58237153,9,2016,"Maranhao",143.586,25.96,0
189,"2016-10",199.293,26.24,183,5355075.58237153,"Maranhao",183,5355075.58237153,10,2016,"Maranhao",199.293,26.24,0
190,"2016-11",234.687,25.74,259,5355075.58237153,"Maranhao",259,5355075.58237153,11,2016,"Maranhao",234.687,25.74,0
191,"2016-12",329.836,25.21,320,5355075.58237153,"Maranhao",320,5355075.58237153,12,2016,"Maranhao",329.836,25.21,0
0,"2001-01",62.273,25.06,NA,2603817.92992425,"MatoGrosso",NA,2603817.92992425,1,2001,"MatoGrosso",62.273,25.06,0
1,"2001-02",42.29,26.02,NA,2603817.92992425,"MatoGrosso",NA,2603817.92992425,2,2001,"MatoGrosso",42.29,26.02,0
2,"2001-03",113.75,26.35,247,2603817.92992425,"MatoGrosso",247,2603817.92992425,3,2001,"MatoGrosso",113.75,26.35,0
3,"2001-04",197.642,25.71,267,2603817.92992425,"MatoGrosso",267,2603817.92992425,4,2001,"MatoGrosso",197.642,25.71,0
4,"2001-05",377.109,24.13,265,2603817.92992425,"MatoGrosso",265,2603817.92992425,5,2001,"MatoGrosso",377.109,24.13,0
5,"2001-06",374.12,22.93,140,2603817.92992425,"MatoGrosso",140,2603817.92992425,6,2001,"MatoGrosso",374.12,22.93,0
6,"2001-07",245.362,23.63,72,2603817.92992425,"MatoGrosso",72,2603817.92992425,7,2001,"MatoGrosso",245.362,23.63,0
7,"2001-08",211.825,24.22,68,2603817.92992425,"MatoGrosso",68,2603817.92992425,8,2001,"MatoGrosso",211.825,24.22,0
8,"2001-09",187.057,24.73,67,2603817.92992425,"MatoGrosso",67,2603817.92992425,9,2001,"MatoGrosso",187.057,24.73,0
9,"2001-10",90.572,26.34,283,2603817.92992425,"MatoGrosso",283,2603817.92992425,10,2001,"MatoGrosso",90.572,26.34,0
10,"2001-11",69.055,26.51,724,2603817.92992425,"MatoGrosso",724,2603817.92992425,11,2001,"MatoGrosso",69.055,26.51,0
11,"2001-12",167.235,25.49,547,2603817.92992425,"MatoGrosso",547,2603817.92992425,12,2001,"MatoGrosso",167.235,25.49,0
12,"2002-01",77.274,26.07,2412,2634026.19919491,"MatoGrosso",2412,2634026.19919491,1,2002,"MatoGrosso",77.274,26.07,0
13,"2002-02",41.74,26.45,2380,2634026.19919491,"MatoGrosso",2380,2634026.19919491,2,2002,"MatoGrosso",41.74,26.45,0
14,"2002-03",239.939,25.64,1738,2634026.19919491,"MatoGrosso",1738,2634026.19919491,3,2002,"MatoGrosso",239.939,25.64,0
15,"2002-04",305.565,24.54,692,2634026.19919491,"MatoGrosso",692,2634026.19919491,4,2002,"MatoGrosso",305.565,24.54,0
16,"2002-05",429.613,24.21,341,2634026.19919491,"MatoGrosso",341,2634026.19919491,5,2002,"MatoGrosso",429.613,24.21,0
17,"2002-06",383.926,23.44,201,2634026.19919491,"MatoGrosso",201,2634026.19919491,6,2002,"MatoGrosso",383.926,23.44,0
18,"2002-07",201.26,24.09,135,2634026.19919491,"MatoGrosso",135,2634026.19919491,7,2002,"MatoGrosso",201.26,24.09,0
19,"2002-08",211.117,24.31,108,2634026.19919491,"MatoGrosso",108,2634026.19919491,8,2002,"MatoGrosso",211.117,24.31,0
20,"2002-09",94.774,25.6,86,2634026.19919491,"MatoGrosso",86,2634026.19919491,9,2002,"MatoGrosso",94.774,25.6,0
21,"2002-10",118.396,26.59,235,2634026.19919491,"MatoGrosso",235,2634026.19919491,10,2002,"MatoGrosso",118.396,26.59,0
22,"2002-11",184.214,25.24,557,2634026.19919491,"MatoGrosso",557,2634026.19919491,11,2002,"MatoGrosso",184.214,25.24,0
23,"2002-12",109.596,25.67,1032,2634026.19919491,"MatoGrosso",1032,2634026.19919491,12,2002,"MatoGrosso",109.596,25.67,0
24,"2003-01",17.951,27.12,2637,2664231.73534787,"MatoGrosso",2637,2664231.73534787,1,2003,"MatoGrosso",17.951,27.12,0
25,"2003-02",43.188,27.53,3511,2664231.73534787,"MatoGrosso",3511,2664231.73534787,2,2003,"MatoGrosso",43.188,27.53,0
26,"2003-03",142.072,26.78,1472,2664231.73534787,"MatoGrosso",1472,2664231.73534787,3,2003,"MatoGrosso",142.072,26.78,0
27,"2003-04",311.996,25.26,527,2664231.73534787,"MatoGrosso",527,2664231.73534787,4,2003,"MatoGrosso",311.996,25.26,0
28,"2003-05",439.211,23.96,298,2664231.73534787,"MatoGrosso",298,2664231.73534787,5,2003,"MatoGrosso",439.211,23.96,0
29,"2003-06",336.657,23.66,140,2664231.73534787,"MatoGrosso",140,2664231.73534787,6,2003,"MatoGrosso",336.657,23.66,0
30,"2003-07",309.287,23.51,96,2664231.73534787,"MatoGrosso",96,2664231.73534787,7,2003,"MatoGrosso",309.287,23.51,0
31,"2003-08",187.685,24.42,50,2664231.73534787,"MatoGrosso",50,2664231.73534787,8,2003,"MatoGrosso",187.685,24.42,0
32,"2003-09",158.435,24.73,70,2664231.73534787,"MatoGrosso",70,2664231.73534787,9,2003,"MatoGrosso",158.435,24.73,0
33,"2003-10",120.717,25.71,171,2664231.73534787,"MatoGrosso",171,2664231.73534787,10,2003,"MatoGrosso",120.717,25.71,0
34,"2003-11",155.702,25.27,694,2664231.73534787,"MatoGrosso",694,2664231.73534787,11,2003,"MatoGrosso",155.702,25.27,0
35,"2003-12",90.621,25.99,808,2664231.73534787,"MatoGrosso",808,2664231.73534787,12,2003,"MatoGrosso",90.621,25.99,0
36,"2004-01",80.785,26.09,517,2694434.44489324,"MatoGrosso",517,2694434.44489324,1,2004,"MatoGrosso",80.785,26.09,0
37,"2004-02",113.982,26.33,446,2694434.44489324,"MatoGrosso",446,2694434.44489324,2,2004,"MatoGrosso",113.982,26.33,0
38,"2004-03",147.483,26.15,408,2694434.44489324,"MatoGrosso",408,2694434.44489324,3,2004,"MatoGrosso",147.483,26.15,0
39,"2004-04",331.801,25.19,237,2694434.44489324,"MatoGrosso",237,2694434.44489324,4,2004,"MatoGrosso",331.801,25.19,0
40,"2004-05",472.48,23.98,143,2694434.44489324,"MatoGrosso",143,2694434.44489324,5,2004,"MatoGrosso",472.48,23.98,0
41,"2004-06",269.241,23.68,92,2694434.44489324,"MatoGrosso",92,2694434.44489324,6,2004,"MatoGrosso",269.241,23.68,0
42,"2004-07",244.894,23.48,64,2694434.44489324,"MatoGrosso",64,2694434.44489324,7,2004,"MatoGrosso",244.894,23.48,0
43,"2004-08",181.692,24.21,27,2694434.44489324,"MatoGrosso",27,2694434.44489324,8,2004,"MatoGrosso",181.692,24.21,0
44,"2004-09",166.372,24.63,49,2694434.44489324,"MatoGrosso",49,2694434.44489324,9,2004,"MatoGrosso",166.372,24.63,0
45,"2004-10",143.559,25.57,450,2694434.44489324,"MatoGrosso",450,2694434.44489324,10,2004,"MatoGrosso",143.559,25.57,0
46,"2004-11",62.237,26.65,2131,2694434.44489324,"MatoGrosso",2131,2694434.44489324,11,2004,"MatoGrosso",62.237,26.65,0
47,"2004-12",134.69,26.12,1714,2694434.44489324,"MatoGrosso",1714,2694434.44489324,12,2004,"MatoGrosso",134.69,26.12,0
48,"2005-01",179.943,25.4,1824,2724634.52427638,"MatoGrosso",1824,2724634.52427638,1,2005,"MatoGrosso",179.943,25.4,0
49,"2005-02",145.872,25.68,1347,2724634.52427638,"MatoGrosso",1347,2724634.52427638,2,2005,"MatoGrosso",145.872,25.68,0
50,"2005-03",144.919,26.14,1166,2724634.52427638,"MatoGrosso",1166,2724634.52427638,3,2005,"MatoGrosso",144.919,26.14,0
51,"2005-04",464.647,24.58,1082,2724634.52427638,"MatoGrosso",1082,2724634.52427638,4,2005,"MatoGrosso",464.647,24.58,0
52,"2005-05",366.241,24.43,827,2724634.52427638,"MatoGrosso",827,2724634.52427638,5,2005,"MatoGrosso",366.241,24.43,0
53,"2005-06",226.686,24.56,372,2724634.52427638,"MatoGrosso",372,2724634.52427638,6,2005,"MatoGrosso",226.686,24.56,0
54,"2005-07",281.369,23.83,136,2724634.52427638,"MatoGrosso",136,2724634.52427638,7,2005,"MatoGrosso",281.369,23.83,0
55,"2005-08",201.352,24.57,67,2724634.52427638,"MatoGrosso",67,2724634.52427638,8,2005,"MatoGrosso",201.352,24.57,0
56,"2005-09",87.977,25.98,80,2724634.52427638,"MatoGrosso",80,2724634.52427638,9,2005,"MatoGrosso",87.977,25.98,0
57,"2005-10",124.182,26.47,225,2724634.52427638,"MatoGrosso",225,2724634.52427638,10,2005,"MatoGrosso",124.182,26.47,0
58,"2005-11",175.039,25.68,867,2724634.52427638,"MatoGrosso",867,2724634.52427638,11,2005,"MatoGrosso",175.039,25.68,0
59,"2005-12",221.094,25.01,830,2724634.52427638,"MatoGrosso",830,2724634.52427638,12,2005,"MatoGrosso",221.094,25.01,0
60,"2006-01",312.102,24.48,1073,2754497.22248525,"MatoGrosso",1073,2754497.22248525,1,2006,"MatoGrosso",312.102,24.48,0
61,"2006-02",110.913,25.3,1066,2754497.22248525,"MatoGrosso",1066,2754497.22248525,2,2006,"MatoGrosso",110.913,25.3,0
62,"2006-03",152.827,25.87,1469,2754497.22248525,"MatoGrosso",1469,2754497.22248525,3,2006,"MatoGrosso",152.827,25.87,0
63,"2006-04",222.887,25.55,872,2754497.22248525,"MatoGrosso",872,2754497.22248525,4,2006,"MatoGrosso",222.887,25.55,0
64,"2006-05",506.416,23.72,580,2754497.22248525,"MatoGrosso",580,2754497.22248525,5,2006,"MatoGrosso",506.416,23.72,0
65,"2006-06",364.917,23.56,213,2754497.22248525,"MatoGrosso",213,2754497.22248525,6,2006,"MatoGrosso",364.917,23.56,0
66,"2006-07",301.102,23.74,143,2754497.22248525,"MatoGrosso",143,2754497.22248525,7,2006,"MatoGrosso",301.102,23.74,0
67,"2006-08",183.767,24.54,173,2754497.22248525,"MatoGrosso",173,2754497.22248525,8,2006,"MatoGrosso",183.767,24.54,0
68,"2006-09",119.832,25.37,98,2754497.22248525,"MatoGrosso",98,2754497.22248525,9,2006,"MatoGrosso",119.832,25.37,0
69,"2006-10",108.331,26.52,262,2754497.22248525,"MatoGrosso",262,2754497.22248525,10,2006,"MatoGrosso",108.331,26.52,0
70,"2006-11",174.358,25.14,1381,2754497.22248525,"MatoGrosso",1381,2754497.22248525,11,2006,"MatoGrosso",174.358,25.14,0
71,"2006-12",89.409,25.89,1182,2754497.22248525,"MatoGrosso",1182,2754497.22248525,12,2006,"MatoGrosso",89.409,25.89,0
72,"2007-01",64.373,26.36,2567,2783232.75022252,"MatoGrosso",2567,2783232.75022252,1,2007,"MatoGrosso",64.373,26.36,0
73,"2007-02",31.997,27.38,2939,2783232.75022252,"MatoGrosso",2939,2783232.75022252,2,2007,"MatoGrosso",31.997,27.38,0
74,"2007-03",202.012,26.07,3104,2783232.75022252,"MatoGrosso",3104,2783232.75022252,3,2007,"MatoGrosso",202.012,26.07,0
75,"2007-04",314.624,24.86,2025,2783232.75022252,"MatoGrosso",2025,2783232.75022252,4,2007,"MatoGrosso",314.624,24.86,0
76,"2007-05",458.172,24.07,1232,2783232.75022252,"MatoGrosso",1232,2783232.75022252,5,2007,"MatoGrosso",458.172,24.07,0
77,"2007-06",356.493,23.59,631,2783232.75022252,"MatoGrosso",631,2783232.75022252,6,2007,"MatoGrosso",356.493,23.59,0
78,"2007-07",260.449,23.94,340,2783232.75022252,"MatoGrosso",340,2783232.75022252,7,2007,"MatoGrosso",260.449,23.94,0
79,"2007-08",219.895,24.18,211,2783232.75022252,"MatoGrosso",211,2783232.75022252,8,2007,"MatoGrosso",219.895,24.18,0
80,"2007-09",168.348,24.71,134,2783232.75022252,"MatoGrosso",134,2783232.75022252,9,2007,"MatoGrosso",168.348,24.71,0
81,"2007-10",169.289,25.19,276,2783232.75022252,"MatoGrosso",276,2783232.75022252,10,2007,"MatoGrosso",169.289,25.19,0
82,"2007-11",89.797,26,690,2783232.75022252,"MatoGrosso",690,2783232.75022252,11,2007,"MatoGrosso",89.797,26,0
83,"2007-12",220.394,24.63,865,2783232.75022252,"MatoGrosso",865,2783232.75022252,12,2007,"MatoGrosso",220.394,24.63,0
84,"2008-01",73.041,25.3,1478,2811046.04757393,"MatoGrosso",1478,2811046.04757393,1,2008,"MatoGrosso",73.041,25.3,0
85,"2008-02",131.569,25.11,1563,2811046.04757393,"MatoGrosso",1563,2811046.04757393,2,2008,"MatoGrosso",131.569,25.11,0
86,"2008-03",100.053,25.54,1859,2811046.04757393,"MatoGrosso",1859,2811046.04757393,3,2008,"MatoGrosso",100.053,25.54,0
87,"2008-04",239.587,25.45,1213,2811046.04757393,"MatoGrosso",1213,2811046.04757393,4,2008,"MatoGrosso",239.587,25.45,0
88,"2008-05",477.409,23.75,428,2811046.04757393,"MatoGrosso",428,2811046.04757393,5,2008,"MatoGrosso",477.409,23.75,0
89,"2008-06",398.714,23.35,152,2811046.04757393,"MatoGrosso",152,2811046.04757393,6,2008,"MatoGrosso",398.714,23.35,0
90,"2008-07",295.253,23.47,60,2811046.04757393,"MatoGrosso",60,2811046.04757393,7,2008,"MatoGrosso",295.253,23.47,0
91,"2008-08",192.882,24.55,113,2811046.04757393,"MatoGrosso",113,2811046.04757393,8,2008,"MatoGrosso",192.882,24.55,0
92,"2008-09",145.287,25,169,2811046.04757393,"MatoGrosso",169,2811046.04757393,9,2008,"MatoGrosso",145.287,25,0
93,"2008-10",181.777,25.22,188,2811046.04757393,"MatoGrosso",188,2811046.04757393,10,2008,"MatoGrosso",181.777,25.22,0
94,"2008-11",151.421,25.38,491,2811046.04757393,"MatoGrosso",491,2811046.04757393,11,2008,"MatoGrosso",151.421,25.38,0
95,"2008-12",258.02,24.53,1043,2811046.04757393,"MatoGrosso",1043,2811046.04757393,12,2008,"MatoGrosso",258.02,24.53,0
96,"2009-01",164.769,24.63,3572,2838229.88609054,"MatoGrosso",3572,2838229.88609054,1,2009,"MatoGrosso",164.769,24.63,0
97,"2009-02",83.464,25.17,7171,2838229.88609054,"MatoGrosso",7171,2838229.88609054,2,2009,"MatoGrosso",83.464,25.17,0
98,"2009-03",200.635,25.24,8338,2838229.88609054,"MatoGrosso",8338,2838229.88609054,3,2009,"MatoGrosso",200.635,25.24,0
99,"2009-04",169.366,25.59,10333,2838229.88609054,"MatoGrosso",10333,2838229.88609054,4,2009,"MatoGrosso",169.366,25.59,0
100,"2009-05",149.659,25.78,9064,2838229.88609054,"MatoGrosso",9064,2838229.88609054,5,2009,"MatoGrosso",149.659,25.78,0
101,"2009-06",395.115,23.99,3059,2838229.88609054,"MatoGrosso",3059,2838229.88609054,6,2009,"MatoGrosso",395.115,23.99,0
102,"2009-07",229.453,24.29,1825,2838229.88609054,"MatoGrosso",1825,2838229.88609054,7,2009,"MatoGrosso",229.453,24.29,0
103,"2009-08",147.191,25.13,1290,2838229.88609054,"MatoGrosso",1290,2838229.88609054,8,2009,"MatoGrosso",147.191,25.13,0
104,"2009-09",88.808,26.48,1236,2838229.88609054,"MatoGrosso",1236,2838229.88609054,9,2009,"MatoGrosso",88.808,26.48,0
105,"2009-10",120.159,26.96,2353,2838229.88609054,"MatoGrosso",2353,2838229.88609054,10,2009,"MatoGrosso",120.159,26.96,0
106,"2009-11",59.422,27.09,7270,2838229.88609054,"MatoGrosso",7270,2838229.88609054,11,2009,"MatoGrosso",59.422,27.09,0
107,"2009-12",68.031,26.75,8921,2838229.88609054,"MatoGrosso",8921,2838229.88609054,12,2009,"MatoGrosso",68.031,26.75,0
108,"2010-01",33.382,26.89,17344,2864974.56728055,"MatoGrosso",17344,2864974.56728055,1,2010,"MatoGrosso",33.382,26.89,0
109,"2010-02",73.117,27.34,15653,2864974.56728055,"MatoGrosso",15653,2864974.56728055,2,2010,"MatoGrosso",73.117,27.34,0
110,"2010-03",179.962,26.66,11248,2864974.56728055,"MatoGrosso",11248,2864974.56728055,3,2010,"MatoGrosso",179.962,26.66,0
111,"2010-04",456.672,25.08,5266,2864974.56728055,"MatoGrosso",5266,2864974.56728055,4,2010,"MatoGrosso",456.672,25.08,0
112,"2010-05",464.3,24.58,2303,2864974.56728055,"MatoGrosso",2303,2864974.56728055,5,2010,"MatoGrosso",464.3,24.58,0
113,"2010-06",331.474,24.31,1336,2864974.56728055,"MatoGrosso",1336,2864974.56728055,6,2010,"MatoGrosso",331.474,24.31,0
114,"2010-07",279.126,24.02,1125,2864974.56728055,"MatoGrosso",1125,2864974.56728055,7,2010,"MatoGrosso",279.126,24.02,0
115,"2010-08",217.624,24.56,666,2864974.56728055,"MatoGrosso",666,2864974.56728055,8,2010,"MatoGrosso",217.624,24.56,0
116,"2010-09",145.467,25.49,879,2864974.56728055,"MatoGrosso",879,2864974.56728055,9,2010,"MatoGrosso",145.467,25.49,0
117,"2010-10",126.771,26.18,1272,2864974.56728055,"MatoGrosso",1272,2864974.56728055,10,2010,"MatoGrosso",126.771,26.18,0
118,"2010-11",190.823,25.1,3687,2864974.56728055,"MatoGrosso",3687,2864974.56728055,11,2010,"MatoGrosso",190.823,25.1,0
119,"2010-12",170.313,24.86,7781,2864974.56728055,"MatoGrosso",7781,2864974.56728055,12,2010,"MatoGrosso",170.313,24.86,0
120,"2011-01",107.417,25.12,9382,2891338.64545417,"MatoGrosso",9382,2891338.64545417,1,2011,"MatoGrosso",107.417,25.12,0
121,"2011-02",160.697,24.96,5322,2891338.64545417,"MatoGrosso",5322,2891338.64545417,2,2011,"MatoGrosso",160.697,24.96,0
122,"2011-03",260.763,24.55,3428,2891338.64545417,"MatoGrosso",3428,2891338.64545417,3,2011,"MatoGrosso",260.763,24.55,0
123,"2011-04",241.471,24.82,1629,2891338.64545417,"MatoGrosso",1629,2891338.64545417,4,2011,"MatoGrosso",241.471,24.82,0
124,"2011-05",545.782,23.91,748,2891338.64545417,"MatoGrosso",748,2891338.64545417,5,2011,"MatoGrosso",545.782,23.91,0
125,"2011-06",324.314,24.08,321,2891338.64545417,"MatoGrosso",321,2891338.64545417,6,2011,"MatoGrosso",324.314,24.08,0
126,"2011-07",233.295,23.94,224,2891338.64545417,"MatoGrosso",224,2891338.64545417,7,2011,"MatoGrosso",233.295,23.94,0
127,"2011-08",139.292,24.81,215,2891338.64545417,"MatoGrosso",215,2891338.64545417,8,2011,"MatoGrosso",139.292,24.81,0
128,"2011-09",170.944,25.11,157,2891338.64545417,"MatoGrosso",157,2891338.64545417,9,2011,"MatoGrosso",170.944,25.11,0
129,"2011-10",174.368,25.19,300,2891338.64545417,"MatoGrosso",300,2891338.64545417,10,2011,"MatoGrosso",174.368,25.19,0
130,"2011-11",184.036,25.05,343,2891338.64545417,"MatoGrosso",343,2891338.64545417,11,2011,"MatoGrosso",184.036,25.05,0
131,"2011-12",105.213,25.49,911,2891338.64545417,"MatoGrosso",911,2891338.64545417,12,2011,"MatoGrosso",105.213,25.49,0
132,"2012-01",168.118,25.09,1907,2917278.20487874,"MatoGrosso",1907,2917278.20487874,1,2012,"MatoGrosso",168.118,25.09,0
133,"2012-02",183.842,24.39,3401,2917278.20487874,"MatoGrosso",3401,2917278.20487874,2,2012,"MatoGrosso",183.842,24.39,0
134,"2012-03",222.045,24.67,5479,2917278.20487874,"MatoGrosso",5479,2917278.20487874,3,2012,"MatoGrosso",222.045,24.67,0
135,"2012-04",399.286,24.22,5908,2917278.20487874,"MatoGrosso",5908,2917278.20487874,4,2012,"MatoGrosso",399.286,24.22,0
136,"2012-05",287.503,24.29,5066,2917278.20487874,"MatoGrosso",5066,2917278.20487874,5,2012,"MatoGrosso",287.503,24.29,0
137,"2012-06",213.321,24.2,2554,2917278.20487874,"MatoGrosso",2554,2917278.20487874,6,2012,"MatoGrosso",213.321,24.2,0
138,"2012-07",294.457,23.59,1749,2917278.20487874,"MatoGrosso",1749,2917278.20487874,7,2012,"MatoGrosso",294.457,23.59,0
139,"2012-08",206.745,24.28,1072,2917278.20487874,"MatoGrosso",1072,2917278.20487874,8,2012,"MatoGrosso",206.745,24.28,0
140,"2012-09",117.423,25.41,571,2917278.20487874,"MatoGrosso",571,2917278.20487874,9,2012,"MatoGrosso",117.423,25.41,0
141,"2012-10",100.565,26.32,1007,2917278.20487874,"MatoGrosso",1007,2917278.20487874,10,2012,"MatoGrosso",100.565,26.32,0
142,"2012-11",115.291,26.67,1999,2917278.20487874,"MatoGrosso",1999,2917278.20487874,11,2012,"MatoGrosso",115.291,26.67,0
143,"2012-12",155.738,25.38,2889,2917278.20487874,"MatoGrosso",2889,2917278.20487874,12,2012,"MatoGrosso",155.738,25.38,0
144,"2013-01",22.784,26.79,8240,2942881.07701959,"MatoGrosso",8240,2942881.07701959,1,2013,"MatoGrosso",22.784,26.79,0
145,"2013-02",230.982,24.85,7899,2942881.07701959,"MatoGrosso",7899,2942881.07701959,2,2013,"MatoGrosso",230.982,24.85,0
146,"2013-03",106.493,26.08,7153,2942881.07701959,"MatoGrosso",7153,2942881.07701959,3,2013,"MatoGrosso",106.493,26.08,0
147,"2013-04",282.41,25.61,4864,2942881.07701959,"MatoGrosso",4864,2942881.07701959,4,2013,"MatoGrosso",282.41,25.61,0
148,"2013-05",442.064,24.24,2256,2942881.07701959,"MatoGrosso",2256,2942881.07701959,5,2013,"MatoGrosso",442.064,24.24,0
149,"2013-06",260.417,24.43,1007,2942881.07701959,"MatoGrosso",1007,2942881.07701959,6,2013,"MatoGrosso",260.417,24.43,0
150,"2013-07",273.53,23.71,628,2942881.07701959,"MatoGrosso",628,2942881.07701959,7,2013,"MatoGrosso",273.53,23.71,0
151,"2013-08",237.837,24.08,397,2942881.07701959,"MatoGrosso",397,2942881.07701959,8,2013,"MatoGrosso",237.837,24.08,0
152,"2013-09",141.854,24.87,334,2942881.07701959,"MatoGrosso",334,2942881.07701959,9,2013,"MatoGrosso",141.854,24.87,0
153,"2013-10",119.175,25.75,457,2942881.07701959,"MatoGrosso",457,2942881.07701959,10,2013,"MatoGrosso",119.175,25.75,0
154,"2013-11",130.843,25.41,678,2942881.07701959,"MatoGrosso",678,2942881.07701959,11,2013,"MatoGrosso",130.843,25.41,0
155,"2013-12",96.008,25.59,762,2942881.07701959,"MatoGrosso",762,2942881.07701959,12,2013,"MatoGrosso",96.008,25.59,0
156,"2014-01",62.082,25.87,1039,2968176.53903182,"MatoGrosso",1039,2968176.53903182,1,2014,"MatoGrosso",62.082,25.87,0
157,"2014-02",100.566,25.8,1244,2968176.53903182,"MatoGrosso",1244,2968176.53903182,2,2014,"MatoGrosso",100.566,25.8,0
158,"2014-03",124.241,26.34,1146,2968176.53903182,"MatoGrosso",1146,2968176.53903182,3,2014,"MatoGrosso",124.241,26.34,0
159,"2014-04",268.81,25.44,1112,2968176.53903182,"MatoGrosso",1112,2968176.53903182,4,2014,"MatoGrosso",268.81,25.44,0
160,"2014-05",313.913,25.11,708,2968176.53903182,"MatoGrosso",708,2968176.53903182,5,2014,"MatoGrosso",313.913,25.11,0
161,"2014-06",371.171,24.05,397,2968176.53903182,"MatoGrosso",397,2968176.53903182,6,2014,"MatoGrosso",371.171,24.05,0
162,"2014-07",216.12,24.22,279,2968176.53903182,"MatoGrosso",279,2968176.53903182,7,2014,"MatoGrosso",216.12,24.22,0
163,"2014-08",210.253,24.36,230,2968176.53903182,"MatoGrosso",230,2968176.53903182,8,2014,"MatoGrosso",210.253,24.36,0
164,"2014-09",86.869,25.99,299,2968176.53903182,"MatoGrosso",299,2968176.53903182,9,2014,"MatoGrosso",86.869,25.99,0
165,"2014-10",182.334,25.43,305,2968176.53903182,"MatoGrosso",305,2968176.53903182,10,2014,"MatoGrosso",182.334,25.43,0
166,"2014-11",141.21,25.57,296,2968176.53903182,"MatoGrosso",296,2968176.53903182,11,2014,"MatoGrosso",141.21,25.57,0
167,"2014-12",79.724,26.08,497,2968176.53903182,"MatoGrosso",497,2968176.53903182,12,2014,"MatoGrosso",79.724,26.08,0
168,"2015-01",102.2,25.68,743,2993179.22949298,"MatoGrosso",743,2993179.22949298,1,2015,"MatoGrosso",102.2,25.68,0
169,"2015-02",60.002,26.6,1025,2993179.22949298,"MatoGrosso",1025,2993179.22949298,2,2015,"MatoGrosso",60.002,26.6,0
170,"2015-03",144.416,26.05,1914,2993179.22949298,"MatoGrosso",1914,2993179.22949298,3,2015,"MatoGrosso",144.416,26.05,0
171,"2015-04",229.439,25.84,2875,2993179.22949298,"MatoGrosso",2875,2993179.22949298,4,2015,"MatoGrosso",229.439,25.84,0
172,"2015-05",316.909,24.78,3368,2993179.22949298,"MatoGrosso",3368,2993179.22949298,5,2015,"MatoGrosso",316.909,24.78,0
173,"2015-06",305.223,24.23,2196,2993179.22949298,"MatoGrosso",2196,2993179.22949298,6,2015,"MatoGrosso",305.223,24.23,0
174,"2015-07",222.317,24.37,1091,2993179.22949298,"MatoGrosso",1091,2993179.22949298,7,2015,"MatoGrosso",222.317,24.37,0
175,"2015-08",159.362,25.16,847,2993179.22949298,"MatoGrosso",847,2993179.22949298,8,2015,"MatoGrosso",159.362,25.16,0
176,"2015-09",46.806,27.16,769,2993179.22949298,"MatoGrosso",769,2993179.22949298,9,2015,"MatoGrosso",46.806,27.16,0
177,"2015-10",32.25,28.71,764,2993179.22949298,"MatoGrosso",764,2993179.22949298,10,2015,"MatoGrosso",32.25,28.71,0
178,"2015-11",99.931,27.07,1369,2993179.22949298,"MatoGrosso",1369,2993179.22949298,11,2015,"MatoGrosso",99.931,27.07,0
179,"2015-12",45.932,27.31,3512,2993179.22949298,"MatoGrosso",3512,2993179.22949298,12,2015,"MatoGrosso",45.932,27.31,0
180,"2016-01",5.112,28.6,5649,3017933.06413573,"MatoGrosso",5649,3017933.06413573,1,2016,"MatoGrosso",5.112,28.6,0
181,"2016-02",80.829,27.29,6711,3017933.06413573,"MatoGrosso",6711,3017933.06413573,2,2016,"MatoGrosso",80.829,27.29,0
182,"2016-03",93.776,27.97,3850,3017933.06413573,"MatoGrosso",3850,3017933.06413573,3,2016,"MatoGrosso",93.776,27.97,0
183,"2016-04",345.582,25.79,1519,3017933.06413573,"MatoGrosso",1519,3017933.06413573,4,2016,"MatoGrosso",345.582,25.79,0
184,"2016-05",398.296,24.73,653,3017933.06413573,"MatoGrosso",653,3017933.06413573,5,2016,"MatoGrosso",398.296,24.73,0
185,"2016-06",307.776,24.02,317,3017933.06413573,"MatoGrosso",317,3017933.06413573,6,2016,"MatoGrosso",307.776,24.02,0
186,"2016-07",272.496,24.16,204,3017933.06413573,"MatoGrosso",204,3017933.06413573,7,2016,"MatoGrosso",272.496,24.16,0
187,"2016-08",161.578,25.1,264,3017933.06413573,"MatoGrosso",264,3017933.06413573,8,2016,"MatoGrosso",161.578,25.1,0
188,"2016-09",170.376,25.25,270,3017933.06413573,"MatoGrosso",270,3017933.06413573,9,2016,"MatoGrosso",170.376,25.25,0
189,"2016-10",126.77,26.48,281,3017933.06413573,"MatoGrosso",281,3017933.06413573,10,2016,"MatoGrosso",126.77,26.48,0
190,"2016-11",115.946,26.32,468,3017933.06413573,"MatoGrosso",468,3017933.06413573,11,2016,"MatoGrosso",115.946,26.32,0
191,"2016-12",204.264,25.59,712,3017933.06413573,"MatoGrosso",712,3017933.06413573,12,2016,"MatoGrosso",204.264,25.59,0
0,"2001-01",250.785,22.04,NA,18762184.0105591,"MinasGerais",NA,18762184.0105591,1,2001,"MinasGerais",250.785,22.04,0
1,"2001-02",262.438,22.36,NA,18762184.0105591,"MinasGerais",NA,18762184.0105591,2,2001,"MinasGerais",262.438,22.36,0
2,"2001-03",197.64,21.64,8011,18762184.0105591,"MinasGerais",8011,18762184.0105591,3,2001,"MinasGerais",197.64,21.64,0
3,"2001-04",118.454,19.82,8328,18762184.0105591,"MinasGerais",8328,18762184.0105591,4,2001,"MinasGerais",118.454,19.82,0
4,"2001-05",148.032,14.31,4854,18762184.0105591,"MinasGerais",4854,18762184.0105591,5,2001,"MinasGerais",148.032,14.31,0
5,"2001-06",105.372,13.74,1426,18762184.0105591,"MinasGerais",1426,18762184.0105591,6,2001,"MinasGerais",105.372,13.74,0
6,"2001-07",108.731,13.54,514,18762184.0105591,"MinasGerais",514,18762184.0105591,7,2001,"MinasGerais",108.731,13.54,0
7,"2001-08",57.395,16.27,202,18762184.0105591,"MinasGerais",202,18762184.0105591,8,2001,"MinasGerais",57.395,16.27,0
8,"2001-09",202.303,15.73,218,18762184.0105591,"MinasGerais",218,18762184.0105591,9,2001,"MinasGerais",202.303,15.73,0
9,"2001-10",151.969,17.88,232,18762184.0105591,"MinasGerais",232,18762184.0105591,10,2001,"MinasGerais",151.969,17.88,0
10,"2001-11",150.316,20.16,804,18762184.0105591,"MinasGerais",804,18762184.0105591,11,2001,"MinasGerais",150.316,20.16,0
11,"2001-12",152.919,20.04,1221,18762184.0105591,"MinasGerais",1221,18762184.0105591,12,2001,"MinasGerais",152.919,20.04,0
12,"2002-01",216.109,21.19,5552,18976667.1121216,"MinasGerais",5552,18976667.1121216,1,2002,"MinasGerais",216.109,21.19,0
13,"2002-02",110.07,20.51,10505,18976667.1121216,"MinasGerais",10505,18976667.1121216,2,2002,"MinasGerais",110.07,20.51,0
14,"2002-03",133.442,22.76,12260,18976667.1121216,"MinasGerais",12260,18976667.1121216,3,2002,"MinasGerais",133.442,22.76,0
15,"2002-04",116.163,20.14,7519,18976667.1121216,"MinasGerais",7519,18976667.1121216,4,2002,"MinasGerais",116.163,20.14,0
16,"2002-05",198.844,16.88,3865,18976667.1121216,"MinasGerais",3865,18976667.1121216,5,2002,"MinasGerais",198.844,16.88,0
17,"2002-06",139.687,14.73,714,18976667.1121216,"MinasGerais",714,18976667.1121216,6,2002,"MinasGerais",139.687,14.73,0
18,"2002-07",83.884,13.26,184,18976667.1121216,"MinasGerais",184,18976667.1121216,7,2002,"MinasGerais",83.884,13.26,0
19,"2002-08",119.414,15.84,124,18976667.1121216,"MinasGerais",124,18976667.1121216,8,2002,"MinasGerais",119.414,15.84,0
20,"2002-09",161.542,14.62,115,18976667.1121216,"MinasGerais",115,18976667.1121216,9,2002,"MinasGerais",161.542,14.62,0
21,"2002-10",217.593,19.77,124,18976667.1121216,"MinasGerais",124,18976667.1121216,10,2002,"MinasGerais",217.593,19.77,0
22,"2002-11",193.171,19.75,422,18976667.1121216,"MinasGerais",422,18976667.1121216,11,2002,"MinasGerais",193.171,19.75,0
23,"2002-12",243.995,21.17,777,18976667.1121216,"MinasGerais",777,18976667.1121216,12,2002,"MinasGerais",243.995,21.17,0
24,"2003-01",151.63,21.93,1268,19191104.5886841,"MinasGerais",1268,19191104.5886841,1,2003,"MinasGerais",151.63,21.93,0
25,"2003-02",210.775,22.65,2782,19191104.5886841,"MinasGerais",2782,19191104.5886841,2,2003,"MinasGerais",210.775,22.65,0
26,"2003-03",156.815,20.82,4978,19191104.5886841,"MinasGerais",4978,19191104.5886841,3,2003,"MinasGerais",156.815,20.82,0
27,"2003-04",81.485,18.13,3096,19191104.5886841,"MinasGerais",3096,19191104.5886841,4,2003,"MinasGerais",81.485,18.13,0
28,"2003-05",42.266,14.91,1701,19191104.5886841,"MinasGerais",1701,19191104.5886841,5,2003,"MinasGerais",42.266,14.91,0
29,"2003-06",123.772,15.54,570,19191104.5886841,"MinasGerais",570,19191104.5886841,6,2003,"MinasGerais",123.772,15.54,0
30,"2003-07",64.862,14.1,137,19191104.5886841,"MinasGerais",137,19191104.5886841,7,2003,"MinasGerais",64.862,14.1,0
31,"2003-08",37.247,12.59,113,19191104.5886841,"MinasGerais",113,19191104.5886841,8,2003,"MinasGerais",37.247,12.59,0
32,"2003-09",113.825,15.52,77,19191104.5886841,"MinasGerais",77,19191104.5886841,9,2003,"MinasGerais",113.825,15.52,0
33,"2003-10",120.007,17.93,70,19191104.5886841,"MinasGerais",70,19191104.5886841,10,2003,"MinasGerais",120.007,17.93,0
34,"2003-11",140.494,19.15,200,19191104.5886841,"MinasGerais",200,19191104.5886841,11,2003,"MinasGerais",140.494,19.15,0
35,"2003-12",246.581,20.21,335,19191104.5886841,"MinasGerais",335,19191104.5886841,12,2003,"MinasGerais",246.581,20.21,0
36,"2004-01",185.69,20.79,984,19405497.5966797,"MinasGerais",984,19405497.5966797,1,2004,"MinasGerais",185.69,20.79,0
37,"2004-02",139.165,20.43,2368,19405497.5966797,"MinasGerais",2368,19405497.5966797,2,2004,"MinasGerais",139.165,20.43,0
38,"2004-03",119.889,19.82,5494,19405497.5966797,"MinasGerais",5494,19405497.5966797,3,2004,"MinasGerais",119.889,19.82,0
39,"2004-04",121.128,19.33,2585,19405497.5966797,"MinasGerais",2585,19405497.5966797,4,2004,"MinasGerais",121.128,19.33,0
40,"2004-05",213.424,13.69,1665,19405497.5966797,"MinasGerais",1665,19405497.5966797,5,2004,"MinasGerais",213.424,13.69,0
41,"2004-06",68.408,13.74,395,19405497.5966797,"MinasGerais",395,19405497.5966797,6,2004,"MinasGerais",68.408,13.74,0
42,"2004-07",177.351,12.8,78,19405497.5966797,"MinasGerais",78,19405497.5966797,7,2004,"MinasGerais",177.351,12.8,0
43,"2004-08",67.742,14.11,27,19405497.5966797,"MinasGerais",27,19405497.5966797,8,2004,"MinasGerais",67.742,14.11,0
44,"2004-09",197.2,17.71,17,19405497.5966797,"MinasGerais",17,19405497.5966797,9,2004,"MinasGerais",197.2,17.71,0
45,"2004-10",192.481,16.81,24,19405497.5966797,"MinasGerais",24,19405497.5966797,10,2004,"MinasGerais",192.481,16.81,0
46,"2004-11",196.271,18.5,49,19405497.5966797,"MinasGerais",49,19405497.5966797,11,2004,"MinasGerais",196.271,18.5,0
47,"2004-12",143.994,19.77,193,19405497.5966797,"MinasGerais",193,19405497.5966797,12,2004,"MinasGerais",143.994,19.77,0
48,"2005-01",180.847,21.64,295,19619847.1478271,"MinasGerais",295,19619847.1478271,1,2005,"MinasGerais",180.847,21.64,0
49,"2005-02",99.732,21.24,841,19619847.1478271,"MinasGerais",841,19619847.1478271,2,2005,"MinasGerais",99.732,21.24,0
50,"2005-03",104.915,20.93,2270,19619847.1478271,"MinasGerais",2270,19619847.1478271,3,2005,"MinasGerais",104.915,20.93,0
51,"2005-04",167.826,18.98,3478,19619847.1478271,"MinasGerais",3478,19619847.1478271,4,2005,"MinasGerais",167.826,18.98,0
52,"2005-05",132.085,16.29,2421,19619847.1478271,"MinasGerais",2421,19619847.1478271,5,2005,"MinasGerais",132.085,16.29,0
53,"2005-06",106.739,15.95,905,19619847.1478271,"MinasGerais",905,19619847.1478271,6,2005,"MinasGerais",106.739,15.95,0
54,"2005-07",84.218,12.7,242,19619847.1478271,"MinasGerais",242,19619847.1478271,7,2005,"MinasGerais",84.218,12.7,0
55,"2005-08",157.261,15.56,175,19619847.1478271,"MinasGerais",175,19619847.1478271,8,2005,"MinasGerais",157.261,15.56,0
56,"2005-09",249.184,13.61,84,19619847.1478271,"MinasGerais",84,19619847.1478271,9,2005,"MinasGerais",249.184,13.61,0
57,"2005-10",263.476,17.99,142,19619847.1478271,"MinasGerais",142,19619847.1478271,10,2005,"MinasGerais",263.476,17.99,0
58,"2005-11",124.064,18.93,397,19619847.1478271,"MinasGerais",397,19619847.1478271,11,2005,"MinasGerais",124.064,18.93,0
59,"2005-12",146.541,19.94,633,19619847.1478271,"MinasGerais",633,19619847.1478271,12,2005,"MinasGerais",146.541,19.94,0
60,"2006-01",195.725,22.49,2727,19834885.7407318,"MinasGerais",2727,19834885.7407318,1,2006,"MinasGerais",195.725,22.49,0
61,"2006-02",136.893,21.59,4551,19834885.7407318,"MinasGerais",4551,19834885.7407318,2,2006,"MinasGerais",136.893,21.59,0
62,"2006-03",160.158,21.04,7313,19834885.7407318,"MinasGerais",7313,19834885.7407318,3,2006,"MinasGerais",160.158,21.04,0
63,"2006-04",55.501,17.58,7749,19834885.7407318,"MinasGerais",7749,19834885.7407318,4,2006,"MinasGerais",55.501,17.58,0
64,"2006-05",49.058,13.43,4718,19834885.7407318,"MinasGerais",4718,19834885.7407318,5,2006,"MinasGerais",49.058,13.43,0
65,"2006-06",55.7,14.67,903,19834885.7407318,"MinasGerais",903,19834885.7407318,6,2006,"MinasGerais",55.7,14.67,0
66,"2006-07",51.475,15.25,206,19834885.7407318,"MinasGerais",206,19834885.7407318,7,2006,"MinasGerais",51.475,15.25,0
67,"2006-08",86.511,14.87,75,19834885.7407318,"MinasGerais",75,19834885.7407318,8,2006,"MinasGerais",86.511,14.87,0
68,"2006-09",126.62,14.79,79,19834885.7407318,"MinasGerais",79,19834885.7407318,9,2006,"MinasGerais",126.62,14.79,0
69,"2006-10",94.673,18.36,250,19834885.7407318,"MinasGerais",250,19834885.7407318,10,2006,"MinasGerais",94.673,18.36,0
70,"2006-11",237.778,18.96,662,19834885.7407318,"MinasGerais",662,19834885.7407318,11,2006,"MinasGerais",237.778,18.96,0
71,"2006-12",155.302,21.76,941,19834885.7407318,"MinasGerais",941,19834885.7407318,12,2006,"MinasGerais",155.302,21.76,0
72,"2007-01",203.093,21.63,1608,20041807.6808651,"MinasGerais",1608,20041807.6808651,1,2007,"MinasGerais",203.093,21.63,0
73,"2007-02",174.74,21.38,3176,20041807.6808651,"MinasGerais",3176,20041807.6808651,2,2007,"MinasGerais",174.74,21.38,0
74,"2007-03",160.769,21.97,8040,20041807.6808651,"MinasGerais",8040,20041807.6808651,3,2007,"MinasGerais",160.769,21.97,0
75,"2007-04",122.662,19.24,8557,20041807.6808651,"MinasGerais",8557,20041807.6808651,4,2007,"MinasGerais",122.662,19.24,0
76,"2007-05",199.543,13.84,4635,20041807.6808651,"MinasGerais",4635,20041807.6808651,5,2007,"MinasGerais",199.543,13.84,0
77,"2007-06",44.426,14.1,1101,20041807.6808651,"MinasGerais",1101,20041807.6808651,6,2007,"MinasGerais",44.426,14.1,0
78,"2007-07",153.921,11.6,410,20041807.6808651,"MinasGerais",410,20041807.6808651,7,2007,"MinasGerais",153.921,11.6,0
79,"2007-08",78.217,13.93,171,20041807.6808651,"MinasGerais",171,20041807.6808651,8,2007,"MinasGerais",78.217,13.93,0
80,"2007-09",115.908,17.67,148,20041807.6808651,"MinasGerais",148,20041807.6808651,9,2007,"MinasGerais",115.908,17.67,0
81,"2007-10",153.594,18.85,292,20041807.6808651,"MinasGerais",292,20041807.6808651,10,2007,"MinasGerais",153.594,18.85,0
82,"2007-11",202.652,18.44,366,20041807.6808651,"MinasGerais",366,20041807.6808651,11,2007,"MinasGerais",202.652,18.44,0
83,"2007-12",200.502,21,642,20041807.6808651,"MinasGerais",642,20041807.6808651,12,2007,"MinasGerais",200.502,21,0
84,"2008-01",202.121,20.59,1681,20242088.7232763,"MinasGerais",1681,20242088.7232763,1,2008,"MinasGerais",202.121,20.59,0
85,"2008-02",184.449,20.68,3728,20242088.7232763,"MinasGerais",3728,20242088.7232763,2,2008,"MinasGerais",184.449,20.68,0
86,"2008-03",123.188,20.02,11611,20242088.7232763,"MinasGerais",11611,20242088.7232763,3,2008,"MinasGerais",123.188,20.02,0
87,"2008-04",177.107,17.24,20908,20242088.7232763,"MinasGerais",20908,20242088.7232763,4,2008,"MinasGerais",177.107,17.24,0
88,"2008-05",79.271,14.21,10660,20242088.7232763,"MinasGerais",10660,20242088.7232763,5,2008,"MinasGerais",79.271,14.21,0
89,"2008-06",116.124,12.12,2930,20242088.7232763,"MinasGerais",2930,20242088.7232763,6,2008,"MinasGerais",116.124,12.12,0
90,"2008-07",44.396,14.64,396,20242088.7232763,"MinasGerais",396,20242088.7232763,7,2008,"MinasGerais",44.396,14.64,0
91,"2008-08",122.917,15.11,219,20242088.7232763,"MinasGerais",219,20242088.7232763,8,2008,"MinasGerais",122.917,15.11,0
92,"2008-09",157.014,13.97,185,20242088.7232763,"MinasGerais",185,20242088.7232763,9,2008,"MinasGerais",157.014,13.97,0
93,"2008-10",304.883,17.56,363,20242088.7232763,"MinasGerais",363,20242088.7232763,10,2008,"MinasGerais",304.883,17.56,0
94,"2008-11",253.57,18.23,759,20242088.7232763,"MinasGerais",759,20242088.7232763,11,2008,"MinasGerais",253.57,18.23,0
95,"2008-12",130.225,20,660,20242088.7232763,"MinasGerais",660,20242088.7232763,12,2008,"MinasGerais",130.225,20,0
96,"2009-01",255.367,20.2,2936,20437837.0894645,"MinasGerais",2936,20437837.0894645,1,2009,"MinasGerais",255.367,20.2,0
97,"2009-02",189.79,21.56,6355,20437837.0894645,"MinasGerais",6355,20437837.0894645,2,2009,"MinasGerais",189.79,21.56,0
98,"2009-03",105.134,21.08,14658,20437837.0894645,"MinasGerais",14658,20437837.0894645,3,2009,"MinasGerais",105.134,21.08,0
99,"2009-04",81.588,18.62,13083,20437837.0894645,"MinasGerais",13083,20437837.0894645,4,2009,"MinasGerais",81.588,18.62,0
100,"2009-05",133.389,15.56,9210,20437837.0894645,"MinasGerais",9210,20437837.0894645,5,2009,"MinasGerais",133.389,15.56,0
101,"2009-06",72.46,11.45,2277,20437837.0894645,"MinasGerais",2277,20437837.0894645,6,2009,"MinasGerais",72.46,11.45,0
102,"2009-07",147.03,11.66,857,20437837.0894645,"MinasGerais",857,20437837.0894645,7,2009,"MinasGerais",147.03,11.66,0
103,"2009-08",145.03,14.57,251,20437837.0894645,"MinasGerais",251,20437837.0894645,8,2009,"MinasGerais",145.03,14.57,0
104,"2009-09",268.152,15.75,144,20437837.0894645,"MinasGerais",144,20437837.0894645,9,2009,"MinasGerais",268.152,15.75,0
105,"2009-10",188.824,17.13,406,20437837.0894645,"MinasGerais",406,20437837.0894645,10,2009,"MinasGerais",188.824,17.13,0
106,"2009-11",170.03,22.15,1651,20437837.0894645,"MinasGerais",1651,20437837.0894645,11,2009,"MinasGerais",170.03,22.15,0
107,"2009-12",144.534,21.52,3408,20437837.0894645,"MinasGerais",3408,20437837.0894645,12,2009,"MinasGerais",144.534,21.52,0
108,"2010-01",269.733,21.93,15056,20630423.1234041,"MinasGerais",15056,20630423.1234041,1,2010,"MinasGerais",269.733,21.93,0
109,"2010-02",191.721,22.9,29006,20630423.1234041,"MinasGerais",29006,20630423.1234041,2,2010,"MinasGerais",191.721,22.9,0
110,"2010-03",196.879,20.61,55283,20630423.1234041,"MinasGerais",55283,20630423.1234041,3,2010,"MinasGerais",196.879,20.61,0
111,"2010-04",198.339,17.77,62247,20630423.1234041,"MinasGerais",62247,20630423.1234041,4,2010,"MinasGerais",198.339,17.77,0
112,"2010-05",191.541,14.75,37886,20630423.1234041,"MinasGerais",37886,20630423.1234041,5,2010,"MinasGerais",191.541,14.75,0
113,"2010-06",70.38,13.59,6290,20630423.1234041,"MinasGerais",6290,20630423.1234041,6,2010,"MinasGerais",70.38,13.59,0
114,"2010-07",137.202,13.59,1704,20630423.1234041,"MinasGerais",1704,20630423.1234041,7,2010,"MinasGerais",137.202,13.59,0
115,"2010-08",63.329,13.67,690,20630423.1234041,"MinasGerais",690,20630423.1234041,8,2010,"MinasGerais",63.329,13.67,0
116,"2010-09",92.324,16.51,530,20630423.1234041,"MinasGerais",530,20630423.1234041,9,2010,"MinasGerais",92.324,16.51,0
117,"2010-10",185.722,16.09,492,20630423.1234041,"MinasGerais",492,20630423.1234041,10,2010,"MinasGerais",185.722,16.09,0
118,"2010-11",175.698,18.23,941,20630423.1234041,"MinasGerais",941,20630423.1234041,11,2010,"MinasGerais",175.698,18.23,0
119,"2010-12",234.949,20.2,2231,20630423.1234041,"MinasGerais",2231,20630423.1234041,12,2010,"MinasGerais",234.949,20.2,0
120,"2011-01",324.359,22.12,4104,20820268.469395,"MinasGerais",4104,20820268.469395,1,2011,"MinasGerais",324.359,22.12,0
121,"2011-02",339.6,21.5,5999,20820268.469395,"MinasGerais",5999,20820268.469395,2,2011,"MinasGerais",339.6,21.5,0
122,"2011-03",134.877,19.76,7289,20820268.469395,"MinasGerais",7289,20820268.469395,3,2011,"MinasGerais",134.877,19.76,0
123,"2011-04",93.84,18.21,8508,20820268.469395,"MinasGerais",8508,20820268.469395,4,2011,"MinasGerais",93.84,18.21,0
124,"2011-05",63.472,14.48,6837,20820268.469395,"MinasGerais",6837,20820268.469395,5,2011,"MinasGerais",63.472,14.48,0
125,"2011-06",153.819,12.2,1625,20820268.469395,"MinasGerais",1625,20820268.469395,6,2011,"MinasGerais",153.819,12.2,0
126,"2011-07",171.884,13.07,578,20820268.469395,"MinasGerais",578,20820268.469395,7,2011,"MinasGerais",171.884,13.07,0
127,"2011-08",255.218,13.65,366,20820268.469395,"MinasGerais",366,20820268.469395,8,2011,"MinasGerais",255.218,13.65,0
128,"2011-09",181.063,14.58,298,20820268.469395,"MinasGerais",298,20820268.469395,9,2011,"MinasGerais",181.063,14.58,0
129,"2011-10",156,17.78,369,20820268.469395,"MinasGerais",369,20820268.469395,10,2011,"MinasGerais",156,17.78,0
130,"2011-11",119.856,18.17,441,20820268.469395,"MinasGerais",441,20820268.469395,11,2011,"MinasGerais",119.856,18.17,0
131,"2011-12",154.059,19.9,690,20820268.469395,"MinasGerais",690,20820268.469395,12,2011,"MinasGerais",154.059,19.9,0
132,"2012-01",191.058,20.71,2351,21007056.8942122,"MinasGerais",2351,21007056.8942122,1,2012,"MinasGerais",191.058,20.71,0
133,"2012-02",157.749,22.77,2656,21007056.8942122,"MinasGerais",2656,21007056.8942122,2,2012,"MinasGerais",157.749,22.77,0
134,"2012-03",81.701,20.47,4203,21007056.8942122,"MinasGerais",4203,21007056.8942122,3,2012,"MinasGerais",81.701,20.47,0
135,"2012-04",158.09,17.97,5387,21007056.8942122,"MinasGerais",5387,21007056.8942122,4,2012,"MinasGerais",158.09,17.97,0
136,"2012-05",56.067,15.03,4142,21007056.8942122,"MinasGerais",4142,21007056.8942122,5,2012,"MinasGerais",56.067,15.03,0
137,"2012-06",168.817,13.35,2666,21007056.8942122,"MinasGerais",2666,21007056.8942122,6,2012,"MinasGerais",168.817,13.35,0
138,"2012-07",174.941,12.59,1292,21007056.8942122,"MinasGerais",1292,21007056.8942122,7,2012,"MinasGerais",174.941,12.59,0
139,"2012-08",24.695,16.27,723,21007056.8942122,"MinasGerais",723,21007056.8942122,8,2012,"MinasGerais",24.695,16.27,0
140,"2012-09",71.843,16.79,641,21007056.8942122,"MinasGerais",641,21007056.8942122,9,2012,"MinasGerais",71.843,16.79,0
141,"2012-10",200.951,18.84,856,21007056.8942122,"MinasGerais",856,21007056.8942122,10,2012,"MinasGerais",200.951,18.84,0
142,"2012-11",81.1,19.73,1404,21007056.8942122,"MinasGerais",1404,21007056.8942122,11,2012,"MinasGerais",81.1,19.73,0
143,"2012-12",221.379,22.64,6025,21007056.8942122,"MinasGerais",6025,21007056.8942122,12,2012,"MinasGerais",221.379,22.64,0
144,"2013-01",108.168,20.72,32329,21191420.8643054,"MinasGerais",32329,21191420.8643054,1,2013,"MinasGerais",108.168,20.72,0
145,"2013-02",246.631,21.17,56288,21191420.8643054,"MinasGerais",56288,21191420.8643054,2,2013,"MinasGerais",246.631,21.17,0
146,"2013-03",189.773,19.24,136406,21191420.8643054,"MinasGerais",136406,21191420.8643054,3,2013,"MinasGerais",189.773,19.24,0
147,"2013-04",86.311,17.35,139980,21191420.8643054,"MinasGerais",139980,21191420.8643054,4,2013,"MinasGerais",86.311,17.35,0
148,"2013-05",114.405,15.25,35994,21191420.8643054,"MinasGerais",35994,21191420.8643054,5,2013,"MinasGerais",114.405,15.25,0
149,"2013-06",235.924,13.93,8958,21191420.8643054,"MinasGerais",8958,21191420.8643054,6,2013,"MinasGerais",235.924,13.93,0
150,"2013-07",85.783,12.24,2174,21191420.8643054,"MinasGerais",2174,21191420.8643054,7,2013,"MinasGerais",85.783,12.24,0
151,"2013-08",188.393,12.98,861,21191420.8643054,"MinasGerais",861,21191420.8643054,8,2013,"MinasGerais",188.393,12.98,0
152,"2013-09",237.331,15.67,1002,21191420.8643054,"MinasGerais",1002,21191420.8643054,9,2013,"MinasGerais",237.331,15.67,0
153,"2013-10",120.03,17.04,857,21191420.8643054,"MinasGerais",857,21191420.8643054,10,2013,"MinasGerais",120.03,17.04,0
154,"2013-11",131.62,19.18,994,21191420.8643054,"MinasGerais",994,21191420.8643054,11,2013,"MinasGerais",131.62,19.18,0
155,"2013-12",140.165,21.36,1571,21191420.8643054,"MinasGerais",1571,21191420.8643054,12,2013,"MinasGerais",140.165,21.36,0
156,"2014-01",240.292,22.63,4372,21373571.2018247,"MinasGerais",4372,21373571.2018247,1,2014,"MinasGerais",240.292,22.63,0
157,"2014-02",161.492,22.83,8489,21373571.2018247,"MinasGerais",8489,21373571.2018247,2,2014,"MinasGerais",161.492,22.83,0
158,"2014-03",177.41,20.14,10329,21373571.2018247,"MinasGerais",10329,21373571.2018247,3,2014,"MinasGerais",177.41,20.14,0
159,"2014-04",116.511,18.19,15502,21373571.2018247,"MinasGerais",15502,21373571.2018247,4,2014,"MinasGerais",116.511,18.19,0
160,"2014-05",148.557,15.32,10522,21373571.2018247,"MinasGerais",10522,21373571.2018247,5,2014,"MinasGerais",148.557,15.32,0
161,"2014-06",330.982,14.37,4407,21373571.2018247,"MinasGerais",4407,21373571.2018247,6,2014,"MinasGerais",330.982,14.37,0
162,"2014-07",69.098,13.55,1391,21373571.2018247,"MinasGerais",1391,21373571.2018247,7,2014,"MinasGerais",69.098,13.55,0
163,"2014-08",82.114,14.87,628,21373571.2018247,"MinasGerais",628,21373571.2018247,8,2014,"MinasGerais",82.114,14.87,0
164,"2014-09",230.545,17.06,653,21373571.2018247,"MinasGerais",653,21373571.2018247,9,2014,"MinasGerais",230.545,17.06,0
165,"2014-10",71.162,19.63,740,21373571.2018247,"MinasGerais",740,21373571.2018247,10,2014,"MinasGerais",71.162,19.63,0
166,"2014-11",125.76,19.93,874,21373571.2018247,"MinasGerais",874,21373571.2018247,11,2014,"MinasGerais",125.76,19.93,0
167,"2014-12",187.975,21.3,1137,21373571.2018247,"MinasGerais",1137,21373571.2018247,12,2014,"MinasGerais",187.975,21.3,0
168,"2015-01",230.64,22.62,4696,21553613.3178449,"MinasGerais",4696,21553613.3178449,1,2015,"MinasGerais",230.64,22.62,0
169,"2015-02",239.164,21.47,8311,21553613.3178449,"MinasGerais",8311,21553613.3178449,2,2015,"MinasGerais",239.164,21.47,0
170,"2015-03",160.615,20.33,26974,21553613.3178449,"MinasGerais",26974,21553613.3178449,3,2015,"MinasGerais",160.615,20.33,0
171,"2015-04",93.131,18.08,57342,21553613.3178449,"MinasGerais",57342,21553613.3178449,4,2015,"MinasGerais",93.131,18.08,0
172,"2015-05",155.929,15.7,57764,21553613.3178449,"MinasGerais",57764,21553613.3178449,5,2015,"MinasGerais",155.929,15.7,0
173,"2015-06",143.286,13.97,18133,21553613.3178449,"MinasGerais",18133,21553613.3178449,6,2015,"MinasGerais",143.286,13.97,0
174,"2015-07",256.753,14.26,4624,21553613.3178449,"MinasGerais",4624,21553613.3178449,7,2015,"MinasGerais",256.753,14.26,0
175,"2015-08",50.554,17.46,1788,21553613.3178449,"MinasGerais",1788,21553613.3178449,8,2015,"MinasGerais",50.554,17.46,0
176,"2015-09",251.02,17.1,1305,21553613.3178449,"MinasGerais",1305,21553613.3178449,9,2015,"MinasGerais",251.02,17.1,0
177,"2015-10",249.916,18.51,1676,21553613.3178449,"MinasGerais",1676,21553613.3178449,10,2015,"MinasGerais",249.916,18.51,0
178,"2015-11",231.007,19.14,4162,21553613.3178449,"MinasGerais",4162,21553613.3178449,11,2015,"MinasGerais",231.007,19.14,0
179,"2015-12",253.683,21.45,14152,21553613.3178449,"MinasGerais",14152,21553613.3178449,12,2015,"MinasGerais",253.683,21.45,0
180,"2016-01",159.838,22.09,52899,21731863.4455909,"MinasGerais",52899,21731863.4455909,1,2016,"MinasGerais",159.838,22.09,0
181,"2016-02",227.991,22.41,130912,21731863.4455909,"MinasGerais",130912,21731863.4455909,2,2016,"MinasGerais",227.991,22.41,0
182,"2016-03",189.728,19.97,164872,21731863.4455909,"MinasGerais",164872,21731863.4455909,3,2016,"MinasGerais",189.728,19.97,0
183,"2016-04",132.279,20.45,125933,21731863.4455909,"MinasGerais",125933,21731863.4455909,4,2016,"MinasGerais",132.279,20.45,0
184,"2016-05",128.375,13.96,45874,21731863.4455909,"MinasGerais",45874,21731863.4455909,5,2016,"MinasGerais",128.375,13.96,0
185,"2016-06",43.476,10.49,8692,21731863.4455909,"MinasGerais",8692,21731863.4455909,6,2016,"MinasGerais",43.476,10.49,0
186,"2016-07",101.731,12.85,1822,21731863.4455909,"MinasGerais",1822,21731863.4455909,7,2016,"MinasGerais",101.731,12.85,0
187,"2016-08",164.1,14.22,1062,21731863.4455909,"MinasGerais",1062,21731863.4455909,8,2016,"MinasGerais",164.1,14.22,0
188,"2016-09",73.796,14.91,833,21731863.4455909,"MinasGerais",833,21731863.4455909,9,2016,"MinasGerais",73.796,14.91,0
189,"2016-10",198.34,17.31,905,21731863.4455909,"MinasGerais",905,21731863.4455909,10,2016,"MinasGerais",198.34,17.31,0
190,"2016-11",109.581,18.83,1150,21731863.4455909,"MinasGerais",1150,21731863.4455909,11,2016,"MinasGerais",109.581,18.83,0
191,"2016-12",233.232,20.76,1804,21731863.4455909,"MinasGerais",1804,21731863.4455909,12,2016,"MinasGerais",233.232,20.76,0
0,"2001-01",347.888,23.33,NA,6501749.9520274,"Para",NA,6501749.9520274,1,2001,"Para",347.888,23.33,0
1,"2001-02",274.851,23.46,NA,6501749.9520274,"Para",NA,6501749.9520274,2,2001,"Para",274.851,23.46,0
2,"2001-03",259.003,24.14,4025,6501749.9520274,"Para",4025,6501749.9520274,3,2001,"Para",259.003,24.14,0
3,"2001-04",285.098,24.21,2488,6501749.9520274,"Para",2488,6501749.9520274,4,2001,"Para",285.098,24.21,0
4,"2001-05",331.304,24.43,1157,6501749.9520274,"Para",1157,6501749.9520274,5,2001,"Para",331.304,24.43,0
5,"2001-06",224.125,23.89,441,6501749.9520274,"Para",441,6501749.9520274,6,2001,"Para",224.125,23.89,0
6,"2001-07",118.412,24.62,215,6501749.9520274,"Para",215,6501749.9520274,7,2001,"Para",118.412,24.62,0
7,"2001-08",45.381,25.83,148,6501749.9520274,"Para",148,6501749.9520274,8,2001,"Para",45.381,25.83,0
8,"2001-09",45.384,26.67,248,6501749.9520274,"Para",248,6501749.9520274,9,2001,"Para",45.384,26.67,0
9,"2001-10",25.312,27.57,431,6501749.9520274,"Para",431,6501749.9520274,10,2001,"Para",25.312,27.57,0
10,"2001-11",26.142,27.46,765,6501749.9520274,"Para",765,6501749.9520274,11,2001,"Para",26.142,27.46,0
11,"2001-12",76.274,26.88,565,6501749.9520274,"Para",565,6501749.9520274,12,2001,"Para",76.274,26.88,0
12,"2002-01",254.295,24.64,2145,6577718.09569249,"Para",2145,6577718.09569249,1,2002,"Para",254.295,24.64,0
13,"2002-02",359.639,24.09,2683,6577718.09569249,"Para",2683,6577718.09569249,2,2002,"Para",359.639,24.09,0
14,"2002-03",290.793,24.56,2732,6577718.09569249,"Para",2732,6577718.09569249,3,2002,"Para",290.793,24.56,0
15,"2002-04",318.011,24.55,1175,6577718.09569249,"Para",1175,6577718.09569249,4,2002,"Para",318.011,24.55,0
16,"2002-05",295.745,24.7,531,6577718.09569249,"Para",531,6577718.09569249,5,2002,"Para",295.745,24.7,0
17,"2002-06",212.991,24.37,249,6577718.09569249,"Para",249,6577718.09569249,6,2002,"Para",212.991,24.37,0
18,"2002-07",71.81,25.22,183,6577718.09569249,"Para",183,6577718.09569249,7,2002,"Para",71.81,25.22,0
19,"2002-08",61.139,25.81,201,6577718.09569249,"Para",201,6577718.09569249,8,2002,"Para",61.139,25.81,0
20,"2002-09",16.213,26.88,299,6577718.09569249,"Para",299,6577718.09569249,9,2002,"Para",16.213,26.88,0
21,"2002-10",12.616,27.3,342,6577718.09569249,"Para",342,6577718.09569249,10,2002,"Para",12.616,27.3,0
22,"2002-11",56.161,26.77,505,6577718.09569249,"Para",505,6577718.09569249,11,2002,"Para",56.161,26.77,0
23,"2002-12",194.154,24.9,680,6577718.09569249,"Para",680,6577718.09569249,12,2002,"Para",194.154,24.9,0
24,"2003-01",147.896,24.84,1979,6653691.05602442,"Para",1979,6653691.05602442,1,2003,"Para",147.896,24.84,0
25,"2003-02",343.667,24.16,2201,6653691.05602442,"Para",2201,6653691.05602442,2,2003,"Para",343.667,24.16,0
26,"2003-03",183.311,24.9,1450,6653691.05602442,"Para",1450,6653691.05602442,3,2003,"Para",183.311,24.9,0
27,"2003-04",344.092,24.43,711,6653691.05602442,"Para",711,6653691.05602442,4,2003,"Para",344.092,24.43,0
28,"2003-05",408.399,24.44,403,6653691.05602442,"Para",403,6653691.05602442,5,2003,"Para",408.399,24.44,0
29,"2003-06",159.666,24.79,339,6653691.05602442,"Para",339,6653691.05602442,6,2003,"Para",159.666,24.79,0
30,"2003-07",142.189,24.7,258,6653691.05602442,"Para",258,6653691.05602442,7,2003,"Para",142.189,24.7,0
31,"2003-08",57.099,25.84,271,6653691.05602442,"Para",271,6653691.05602442,8,2003,"Para",57.099,25.84,0
32,"2003-09",34.712,27.15,283,6653691.05602442,"Para",283,6653691.05602442,9,2003,"Para",34.712,27.15,0
33,"2003-10",39.013,27.47,545,6653691.05602442,"Para",545,6653691.05602442,10,2003,"Para",39.013,27.47,0
34,"2003-11",41.394,27.44,672,6653691.05602442,"Para",672,6653691.05602442,11,2003,"Para",41.394,27.44,0
35,"2003-12",108.881,26.28,847,6653691.05602442,"Para",847,6653691.05602442,12,2003,"Para",108.881,26.28,0
36,"2004-01",171.354,25.29,1632,6729668.56478597,"Para",1632,6729668.56478597,1,2004,"Para",171.354,25.29,0
37,"2004-02",283.823,24.34,1110,6729668.56478597,"Para",1110,6729668.56478597,2,2004,"Para",283.823,24.34,0
38,"2004-03",441.414,24.27,799,6729668.56478597,"Para",799,6729668.56478597,3,2004,"Para",441.414,24.27,0
39,"2004-04",322.578,24.89,370,6729668.56478597,"Para",370,6729668.56478597,4,2004,"Para",322.578,24.89,0
40,"2004-05",310.389,24.88,284,6729668.56478597,"Para",284,6729668.56478597,5,2004,"Para",310.389,24.88,0
41,"2004-06",163.604,24.38,163,6729668.56478597,"Para",163,6729668.56478597,6,2004,"Para",163.604,24.38,0
42,"2004-07",144.77,24.48,157,6729668.56478597,"Para",157,6729668.56478597,7,2004,"Para",144.77,24.48,0
43,"2004-08",63.488,25.47,177,6729668.56478597,"Para",177,6729668.56478597,8,2004,"Para",63.488,25.47,0
44,"2004-09",26.266,27.22,154,6729668.56478597,"Para",154,6729668.56478597,9,2004,"Para",26.266,27.22,0
45,"2004-10",26.298,27.87,192,6729668.56478597,"Para",192,6729668.56478597,10,2004,"Para",26.298,27.87,0
46,"2004-11",19.421,27.88,238,6729668.56478597,"Para",238,6729668.56478597,11,2004,"Para",19.421,27.88,0
47,"2004-12",68.049,27.44,375,6729668.56478597,"Para",375,6729668.56478597,12,2004,"Para",68.049,27.44,0
48,"2005-01",177.207,26.16,888,6805650.5822434,"Para",888,6805650.5822434,1,2005,"Para",177.207,26.16,0
49,"2005-02",350.279,24.95,1477,6805650.5822434,"Para",1477,6805650.5822434,2,2005,"Para",350.279,24.95,0
50,"2005-03",279,24.97,1470,6805650.5822434,"Para",1470,6805650.5822434,3,2005,"Para",279,24.97,0
51,"2005-04",428.939,24.44,712,6805650.5822434,"Para",712,6805650.5822434,4,2005,"Para",428.939,24.44,0
52,"2005-05",332.784,24.67,551,6805650.5822434,"Para",551,6805650.5822434,5,2005,"Para",332.784,24.67,0
53,"2005-06",97.665,25.32,353,6805650.5822434,"Para",353,6805650.5822434,6,2005,"Para",97.665,25.32,0
54,"2005-07",144.266,24.92,240,6805650.5822434,"Para",240,6805650.5822434,7,2005,"Para",144.266,24.92,0
55,"2005-08",61.574,26.04,319,6805650.5822434,"Para",319,6805650.5822434,8,2005,"Para",61.574,26.04,0
56,"2005-09",13.078,27.46,360,6805650.5822434,"Para",360,6805650.5822434,9,2005,"Para",13.078,27.46,0
57,"2005-10",21.4,27.85,461,6805650.5822434,"Para",461,6805650.5822434,10,2005,"Para",21.4,27.85,0
58,"2005-11",35.995,27.79,623,6805650.5822434,"Para",623,6805650.5822434,11,2005,"Para",35.995,27.79,0
59,"2005-12",251.599,25.26,559,6805650.5822434,"Para",559,6805650.5822434,12,2005,"Para",251.599,25.26,0
60,"2006-01",298.279,24.45,1795,6880242.2706485,"Para",1795,6880242.2706485,1,2006,"Para",298.279,24.45,0
61,"2006-02",242.471,24.64,1116,6880242.2706485,"Para",1116,6880242.2706485,2,2006,"Para",242.471,24.64,0
62,"2006-03",261.926,24.66,1046,6880242.2706485,"Para",1046,6880242.2706485,3,2006,"Para",261.926,24.66,0
63,"2006-04",377.941,24.24,723,6880242.2706485,"Para",723,6880242.2706485,4,2006,"Para",377.941,24.24,0
64,"2006-05",409.575,24.19,588,6880242.2706485,"Para",588,6880242.2706485,5,2006,"Para",409.575,24.19,0
65,"2006-06",266.684,24.12,337,6880242.2706485,"Para",337,6880242.2706485,6,2006,"Para",266.684,24.12,0
66,"2006-07",140.874,24.75,188,6880242.2706485,"Para",188,6880242.2706485,7,2006,"Para",140.874,24.75,0
67,"2006-08",48.129,25.92,158,6880242.2706485,"Para",158,6880242.2706485,8,2006,"Para",48.129,25.92,0
68,"2006-09",24.328,27.22,128,6880242.2706485,"Para",128,6880242.2706485,9,2006,"Para",24.328,27.22,0
69,"2006-10",19.843,27.84,127,6880242.2706485,"Para",127,6880242.2706485,10,2006,"Para",19.843,27.84,0
70,"2006-11",81.039,26.65,223,6880242.2706485,"Para",223,6880242.2706485,11,2006,"Para",81.039,26.65,0
71,"2006-12",132.877,25.66,382,6880242.2706485,"Para",382,6880242.2706485,12,2006,"Para",132.877,25.66,0
72,"2007-01",160.735,25.3,1083,6952018.48846184,"Para",1083,6952018.48846184,1,2007,"Para",160.735,25.3,0
73,"2007-02",163.063,25.01,1634,6952018.48846184,"Para",1634,6952018.48846184,2,2007,"Para",163.063,25.01,0
74,"2007-03",455.929,24.09,2339,6952018.48846184,"Para",2339,6952018.48846184,3,2007,"Para",455.929,24.09,0
75,"2007-04",369.442,24.41,1802,6952018.48846184,"Para",1802,6952018.48846184,4,2007,"Para",369.442,24.41,0
76,"2007-05",345.566,24.76,862,6952018.48846184,"Para",862,6952018.48846184,5,2007,"Para",345.566,24.76,0
77,"2007-06",186.312,24.52,448,6952018.48846184,"Para",448,6952018.48846184,6,2007,"Para",186.312,24.52,0
78,"2007-07",125.927,24.93,420,6952018.48846184,"Para",420,6952018.48846184,7,2007,"Para",125.927,24.93,0
79,"2007-08",64.345,25.68,419,6952018.48846184,"Para",419,6952018.48846184,8,2007,"Para",64.345,25.68,0
80,"2007-09",24.429,27.04,503,6952018.48846184,"Para",503,6952018.48846184,9,2007,"Para",24.429,27.04,0
81,"2007-10",51.786,27.13,915,6952018.48846184,"Para",915,6952018.48846184,10,2007,"Para",51.786,27.13,0
82,"2007-11",65.814,26.95,1451,6952018.48846184,"Para",1451,6952018.48846184,11,2007,"Para",65.814,26.95,0
83,"2007-12",220.27,24.99,1795,6952018.48846184,"Para",1795,6952018.48846184,12,2007,"Para",220.27,24.99,0
84,"2008-01",277.057,24.01,4052,7021491.13942738,"Para",4052,7021491.13942738,1,2008,"Para",277.057,24.01,0
85,"2008-02",279.389,23.99,3252,7021491.13942738,"Para",3252,7021491.13942738,2,2008,"Para",279.389,23.99,0
86,"2008-03",326.907,24.12,3118,7021491.13942738,"Para",3118,7021491.13942738,3,2008,"Para",326.907,24.12,0
87,"2008-04",352.772,24.14,2433,7021491.13942738,"Para",2433,7021491.13942738,4,2008,"Para",352.772,24.14,0
88,"2008-05",407.268,24.09,833,7021491.13942738,"Para",833,7021491.13942738,5,2008,"Para",407.268,24.09,0
89,"2008-06",272.208,24.05,396,7021491.13942738,"Para",396,7021491.13942738,6,2008,"Para",272.208,24.05,0
90,"2008-07",169.953,24.38,213,7021491.13942738,"Para",213,7021491.13942738,7,2008,"Para",169.953,24.38,0
91,"2008-08",67.696,25.76,124,7021491.13942738,"Para",124,7021491.13942738,8,2008,"Para",67.696,25.76,0
92,"2008-09",27.675,26.92,151,7021491.13942738,"Para",151,7021491.13942738,9,2008,"Para",27.675,26.92,0
93,"2008-10",25.885,27.79,273,7021491.13942738,"Para",273,7021491.13942738,10,2008,"Para",25.885,27.79,0
94,"2008-11",17.619,28.16,319,7021491.13942738,"Para",319,7021491.13942738,11,2008,"Para",17.619,28.16,0
95,"2008-12",159.579,26,673,7021491.13942738,"Para",673,7021491.13942738,12,2008,"Para",159.579,26,0
96,"2009-01",306.721,24.5,868,7089391.51460791,"Para",868,7089391.51460791,1,2009,"Para",306.721,24.5,0
97,"2009-02",339.824,24.03,1338,7089391.51460791,"Para",1338,7089391.51460791,2,2009,"Para",339.824,24.03,0
98,"2009-03",254.245,24.78,1665,7089391.51460791,"Para",1665,7089391.51460791,3,2009,"Para",254.245,24.78,0
99,"2009-04",165.374,25.13,1104,7089391.51460791,"Para",1104,7089391.51460791,4,2009,"Para",165.374,25.13,0
100,"2009-05",271.981,24.72,651,7089391.51460791,"Para",651,7089391.51460791,5,2009,"Para",271.981,24.72,0
101,"2009-06",313.922,24.26,337,7089391.51460791,"Para",337,7089391.51460791,6,2009,"Para",313.922,24.26,0
102,"2009-07",92.937,24.99,179,7089391.51460791,"Para",179,7089391.51460791,7,2009,"Para",92.937,24.99,0
103,"2009-08",26.129,26.65,139,7089391.51460791,"Para",139,7089391.51460791,8,2009,"Para",26.129,26.65,0
104,"2009-09",10.211,27.84,116,7089391.51460791,"Para",116,7089391.51460791,9,2009,"Para",10.211,27.84,0
105,"2009-10",20.051,28.21,247,7089391.51460791,"Para",247,7089391.51460791,10,2009,"Para",20.051,28.21,0
106,"2009-11",23.832,28.01,373,7089391.51460791,"Para",373,7089391.51460791,11,2009,"Para",23.832,28.01,0
107,"2009-12",196.918,25.27,245,7089391.51460791,"Para",245,7089391.51460791,12,2009,"Para",196.918,25.27,0
108,"2010-01",228.722,24.68,753,7156194.95319424,"Para",753,7156194.95319424,1,2010,"Para",228.722,24.68,0
109,"2010-02",268.532,25.32,1027,7156194.95319424,"Para",1027,7156194.95319424,2,2010,"Para",268.532,25.32,0
110,"2010-03",186.961,25.82,1951,7156194.95319424,"Para",1951,7156194.95319424,3,2010,"Para",186.961,25.82,0
111,"2010-04",341.105,25.29,1430,7156194.95319424,"Para",1430,7156194.95319424,4,2010,"Para",341.105,25.29,0
112,"2010-05",300.513,25.44,1293,7156194.95319424,"Para",1293,7156194.95319424,5,2010,"Para",300.513,25.44,0
113,"2010-06",157.763,25.11,1008,7156194.95319424,"Para",1008,7156194.95319424,6,2010,"Para",157.763,25.11,0
114,"2010-07",173.993,24.86,846,7156194.95319424,"Para",846,7156194.95319424,7,2010,"Para",173.993,24.86,0
115,"2010-08",117.086,25.45,1185,7156194.95319424,"Para",1185,7156194.95319424,8,2010,"Para",117.086,25.45,0
116,"2010-09",39.632,26.88,1016,7156194.95319424,"Para",1016,7156194.95319424,9,2010,"Para",39.632,26.88,0
117,"2010-10",35.308,28.04,1179,7156194.95319424,"Para",1179,7156194.95319424,10,2010,"Para",35.308,28.04,0
118,"2010-11",71.45,27.17,1960,7156194.95319424,"Para",1960,7156194.95319424,11,2010,"Para",71.45,27.17,0
119,"2010-12",183.053,25.53,1847,7156194.95319424,"Para",1847,7156194.95319424,12,2010,"Para",183.053,25.53,0
120,"2011-01",320.778,24.06,3694,7222047.71339894,"Para",3694,7222047.71339894,1,2011,"Para",320.778,24.06,0
121,"2011-02",334.134,24.02,4323,7222047.71339894,"Para",4323,7222047.71339894,2,2011,"Para",334.134,24.02,0
122,"2011-03",347.191,24.5,3321,7222047.71339894,"Para",3321,7222047.71339894,3,2011,"Para",347.191,24.5,0
123,"2011-04",405.68,24.22,1771,7222047.71339894,"Para",1771,7222047.71339894,4,2011,"Para",405.68,24.22,0
124,"2011-05",444.493,24.36,838,7222047.71339894,"Para",838,7222047.71339894,5,2011,"Para",444.493,24.36,0
125,"2011-06",180.623,24.9,401,7222047.71339894,"Para",401,7222047.71339894,6,2011,"Para",180.623,24.9,0
126,"2011-07",151.108,24.72,307,7222047.71339894,"Para",307,7222047.71339894,7,2011,"Para",151.108,24.72,0
127,"2011-08",62.192,25.97,370,7222047.71339894,"Para",370,7222047.71339894,8,2011,"Para",62.192,25.97,0
128,"2011-09",39.055,27.21,429,7222047.71339894,"Para",429,7222047.71339894,9,2011,"Para",39.055,27.21,0
129,"2011-10",88.523,27.37,418,7222047.71339894,"Para",418,7222047.71339894,10,2011,"Para",88.523,27.37,0
130,"2011-11",50.227,27.12,437,7222047.71339894,"Para",437,7222047.71339894,11,2011,"Para",50.227,27.12,0
131,"2011-12",58.977,27.23,488,7222047.71339894,"Para",488,7222047.71339894,12,2011,"Para",58.977,27.23,0
132,"2012-01",261.353,24.5,2571,7286840.10156259,"Para",2571,7286840.10156259,1,2012,"Para",261.353,24.5,0
133,"2012-02",350.107,23.88,3122,7286840.10156259,"Para",3122,7286840.10156259,2,2012,"Para",350.107,23.88,0
134,"2012-03",249.694,24.33,3122,7286840.10156259,"Para",3122,7286840.10156259,3,2012,"Para",249.694,24.33,0
135,"2012-04",284.715,24.74,1861,7286840.10156259,"Para",1861,7286840.10156259,4,2012,"Para",284.715,24.74,0
136,"2012-05",170.826,25.15,1117,7286840.10156259,"Para",1117,7286840.10156259,5,2012,"Para",170.826,25.15,0
137,"2012-06",113.018,25.06,704,7286840.10156259,"Para",704,7286840.10156259,6,2012,"Para",113.018,25.06,0
138,"2012-07",124.201,25.04,704,7286840.10156259,"Para",704,7286840.10156259,7,2012,"Para",124.201,25.04,0
139,"2012-08",72.68,26.08,791,7286840.10156259,"Para",791,7286840.10156259,8,2012,"Para",72.68,26.08,0
140,"2012-09",9.739,27.78,568,7286840.10156259,"Para",568,7286840.10156259,9,2012,"Para",9.739,27.78,0
141,"2012-10",22.811,28.23,418,7286840.10156259,"Para",418,7286840.10156259,10,2012,"Para",22.811,28.23,0
142,"2012-11",20.976,28.51,781,7286840.10156259,"Para",781,7286840.10156259,11,2012,"Para",20.976,28.51,0
143,"2012-12",123.18,26.54,679,7286840.10156259,"Para",679,7286840.10156259,12,2012,"Para",123.18,26.54,0
144,"2013-01",286.995,24.83,1804,7350791.50500402,"Para",1804,7350791.50500402,1,2013,"Para",286.995,24.83,0
145,"2013-02",342.712,24.39,2530,7350791.50500402,"Para",2530,7350791.50500402,2,2013,"Para",342.712,24.39,0
146,"2013-03",239.547,25.13,2418,7350791.50500402,"Para",2418,7350791.50500402,3,2013,"Para",239.547,25.13,0
147,"2013-04",317.795,24.97,1982,7350791.50500402,"Para",1982,7350791.50500402,4,2013,"Para",317.795,24.97,0
148,"2013-05",327.676,24.56,860,7350791.50500402,"Para",860,7350791.50500402,5,2013,"Para",327.676,24.56,0
149,"2013-06",141.365,25.13,263,7350791.50500402,"Para",263,7350791.50500402,6,2013,"Para",141.365,25.13,0
150,"2013-07",175.357,24.53,133,7350791.50500402,"Para",133,7350791.50500402,7,2013,"Para",175.357,24.53,0
151,"2013-08",98.725,25.64,105,7350791.50500402,"Para",105,7350791.50500402,8,2013,"Para",98.725,25.64,0
152,"2013-09",35.6,27.25,96,7350791.50500402,"Para",96,7350791.50500402,9,2013,"Para",35.6,27.25,0
153,"2013-10",40.508,27.65,116,7350791.50500402,"Para",116,7350791.50500402,10,2013,"Para",40.508,27.65,0
154,"2013-11",49.183,27.38,261,7350791.50500402,"Para",261,7350791.50500402,11,2013,"Para",49.183,27.38,0
155,"2013-12",208.823,25.87,273,7350791.50500402,"Para",273,7350791.50500402,12,2013,"Para",208.823,25.87,0
156,"2014-01",256.555,24.68,531,7413975.05282952,"Para",531,7413975.05282952,1,2014,"Para",256.555,24.68,0
157,"2014-02",355.017,24.05,640,7413975.05282952,"Para",640,7413975.05282952,2,2014,"Para",355.017,24.05,0
158,"2014-03",270.574,24.45,676,7413975.05282952,"Para",676,7413975.05282952,3,2014,"Para",270.574,24.45,0
159,"2014-04",301.903,24.67,575,7413975.05282952,"Para",575,7413975.05282952,4,2014,"Para",301.903,24.67,0
160,"2014-05",477.066,24.41,419,7413975.05282952,"Para",419,7413975.05282952,5,2014,"Para",477.066,24.41,0
161,"2014-06",232.316,24.65,217,7413975.05282952,"Para",217,7413975.05282952,6,2014,"Para",232.316,24.65,0
162,"2014-07",130.659,24.83,198,7413975.05282952,"Para",198,7413975.05282952,7,2014,"Para",130.659,24.83,0
163,"2014-08",64.086,25.86,158,7413975.05282952,"Para",158,7413975.05282952,8,2014,"Para",64.086,25.86,0
164,"2014-09",17.684,27.49,196,7413975.05282952,"Para",196,7413975.05282952,9,2014,"Para",17.684,27.49,0
165,"2014-10",18.557,28.29,285,7413975.05282952,"Para",285,7413975.05282952,10,2014,"Para",18.557,28.29,0
166,"2014-11",25.858,28.07,223,7413975.05282952,"Para",223,7413975.05282952,11,2014,"Para",25.858,28.07,0
167,"2014-12",100.321,26.47,251,7413975.05282952,"Para",251,7413975.05282952,12,2014,"Para",100.321,26.47,0
168,"2015-01",185.586,25.22,303,7476427.30959223,"Para",303,7476427.30959223,1,2015,"Para",185.586,25.22,0
169,"2015-02",318.031,24.61,505,7476427.30959223,"Para",505,7476427.30959223,2,2015,"Para",318.031,24.61,0
170,"2015-03",385.101,24.27,1209,7476427.30959223,"Para",1209,7476427.30959223,3,2015,"Para",385.101,24.27,0
171,"2015-04",317.699,24.55,916,7476427.30959223,"Para",916,7476427.30959223,4,2015,"Para",317.699,24.55,0
172,"2015-05",364.765,24.59,929,7476427.30959223,"Para",929,7476427.30959223,5,2015,"Para",364.765,24.59,0
173,"2015-06",186.727,24.84,625,7476427.30959223,"Para",625,7476427.30959223,6,2015,"Para",186.727,24.84,0
174,"2015-07",114.238,25.17,439,7476427.30959223,"Para",439,7476427.30959223,7,2015,"Para",114.238,25.17,0
175,"2015-08",39.931,26.63,541,7476427.30959223,"Para",541,7476427.30959223,8,2015,"Para",39.931,26.63,0
176,"2015-09",8.071,28.22,479,7476427.30959223,"Para",479,7476427.30959223,9,2015,"Para",8.071,28.22,0
177,"2015-10",10.082,28.73,435,7476427.30959223,"Para",435,7476427.30959223,10,2015,"Para",10.082,28.73,0
178,"2015-11",19.835,28.46,795,7476427.30959223,"Para",795,7476427.30959223,11,2015,"Para",19.835,28.46,0
179,"2015-12",110.114,26.81,1001,7476427.30959223,"Para",1001,7476427.30959223,12,2015,"Para",110.114,26.81,0
180,"2016-01",155.033,25.68,1564,7538257.96895155,"Para",1564,7538257.96895155,1,2016,"Para",155.033,25.68,0
181,"2016-02",284.067,24.95,2488,7538257.96895155,"Para",2488,7538257.96895155,2,2016,"Para",284.067,24.95,0
182,"2016-03",418.804,25.15,2452,7538257.96895155,"Para",2452,7538257.96895155,3,2016,"Para",418.804,25.15,0
183,"2016-04",374.691,25.4,1994,7538257.96895155,"Para",1994,7538257.96895155,4,2016,"Para",374.691,25.4,0
184,"2016-05",205.076,25.77,1230,7538257.96895155,"Para",1230,7538257.96895155,5,2016,"Para",205.076,25.77,0
185,"2016-06",140.696,25.19,492,7538257.96895155,"Para",492,7538257.96895155,6,2016,"Para",140.696,25.19,0
186,"2016-07",137.744,25.3,393,7538257.96895155,"Para",393,7538257.96895155,7,2016,"Para",137.744,25.3,0
187,"2016-08",39.958,26.7,334,7538257.96895155,"Para",334,7538257.96895155,8,2016,"Para",39.958,26.7,0
188,"2016-09",51.31,27.37,243,7538257.96895155,"Para",243,7538257.96895155,9,2016,"Para",51.31,27.37,0
189,"2016-10",18.24,28.25,257,7538257.96895155,"Para",257,7538257.96895155,10,2016,"Para",18.24,28.25,0
190,"2016-11",24.771,28.24,255,7538257.96895155,"Para",255,7538257.96895155,11,2016,"Para",24.771,28.24,0
191,"2016-12",224.636,26.02,406,7538257.96895155,"Para",406,7538257.96895155,12,2016,"Para",224.636,26.02,0
0,"2001-01",161.031,24.3,NA,2624669.47265625,"Paraiba",NA,2624669.47265625,1,2001,"Paraiba",161.031,24.3,0
1,"2001-02",166.417,24.57,NA,2624669.47265625,"Paraiba",NA,2624669.47265625,2,2001,"Paraiba",166.417,24.57,0
2,"2001-03",164.505,23.83,4357,2624669.47265625,"Paraiba",4357,2624669.47265625,3,2001,"Paraiba",164.505,23.83,0
3,"2001-04",39.746,23.34,5060,2624669.47265625,"Paraiba",5060,2624669.47265625,4,2001,"Paraiba",39.746,23.34,0
4,"2001-05",98.611,19.04,5407,2624669.47265625,"Paraiba",5407,2624669.47265625,5,2001,"Paraiba",98.611,19.04,0
5,"2001-06",34.043,17.95,2402,2624669.47265625,"Paraiba",2402,2624669.47265625,6,2001,"Paraiba",34.043,17.95,0
6,"2001-07",35.674,18.93,1568,2624669.47265625,"Paraiba",1568,2624669.47265625,7,2001,"Paraiba",35.674,18.93,0
7,"2001-08",44.065,20.46,1301,2624669.47265625,"Paraiba",1301,2624669.47265625,8,2001,"Paraiba",44.065,20.46,0
8,"2001-09",81.717,21.32,1089,2624669.47265625,"Paraiba",1089,2624669.47265625,9,2001,"Paraiba",81.717,21.32,0
9,"2001-10",122.319,22.19,1166,2624669.47265625,"Paraiba",1166,2624669.47265625,10,2001,"Paraiba",122.319,22.19,0
10,"2001-11",182.315,23.36,1135,2624669.47265625,"Paraiba",1135,2624669.47265625,11,2001,"Paraiba",182.315,23.36,0
11,"2001-12",244.778,22.8,953,2624669.47265625,"Paraiba",953,2624669.47265625,12,2001,"Paraiba",244.778,22.8,0
12,"2002-01",235.167,23.68,2644,2647768.66015625,"Paraiba",2644,2647768.66015625,1,2002,"Paraiba",235.167,23.68,0
13,"2002-02",231.625,22.94,5104,2647768.66015625,"Paraiba",5104,2647768.66015625,2,2002,"Paraiba",231.625,22.94,0
14,"2002-03",113.293,24.55,6888,2647768.66015625,"Paraiba",6888,2647768.66015625,3,2002,"Paraiba",113.293,24.55,0
15,"2002-04",28.644,24.16,4736,2647768.66015625,"Paraiba",4736,2647768.66015625,4,2002,"Paraiba",28.644,24.16,0
16,"2002-05",57.496,21.25,2844,2647768.66015625,"Paraiba",2844,2647768.66015625,5,2002,"Paraiba",57.496,21.25,0
17,"2002-06",6.874,20.38,1228,2647768.66015625,"Paraiba",1228,2647768.66015625,6,2002,"Paraiba",6.874,20.38,0
18,"2002-07",27.155,18.43,953,2647768.66015625,"Paraiba",953,2647768.66015625,7,2002,"Paraiba",27.155,18.43,0
19,"2002-08",46.482,21.94,707,2647768.66015625,"Paraiba",707,2647768.66015625,8,2002,"Paraiba",46.482,21.94,0
20,"2002-09",74.121,20.51,434,2647768.66015625,"Paraiba",434,2647768.66015625,9,2002,"Paraiba",74.121,20.51,0
21,"2002-10",61.379,25.84,493,2647768.66015625,"Paraiba",493,2647768.66015625,10,2002,"Paraiba",61.379,25.84,0
22,"2002-11",171.431,23.73,821,2647768.66015625,"Paraiba",821,2647768.66015625,11,2002,"Paraiba",171.431,23.73,0
23,"2002-12",181.087,24.5,797,2647768.66015625,"Paraiba",797,2647768.66015625,12,2002,"Paraiba",181.087,24.5,0
24,"2003-01",392.191,23.63,1823,2670658.53125,"Paraiba",1823,2670658.53125,1,2003,"Paraiba",392.191,23.63,0
25,"2003-02",131.838,25,2294,2670658.53125,"Paraiba",2294,2670658.53125,2,2003,"Paraiba",131.838,25,0
26,"2003-03",154.108,23.35,3052,2670658.53125,"Paraiba",3052,2670658.53125,3,2003,"Paraiba",154.108,23.35,0
27,"2003-04",76.482,21.99,3062,2670658.53125,"Paraiba",3062,2670658.53125,4,2003,"Paraiba",76.482,21.99,0
28,"2003-05",32.572,18.91,2865,2670658.53125,"Paraiba",2865,2670658.53125,5,2003,"Paraiba",32.572,18.91,0
29,"2003-06",14.724,20.08,1314,2670658.53125,"Paraiba",1314,2670658.53125,6,2003,"Paraiba",14.724,20.08,0
30,"2003-07",22.653,19.11,1422,2670658.53125,"Paraiba",1422,2670658.53125,7,2003,"Paraiba",22.653,19.11,0
31,"2003-08",37.245,18.61,2001,2670658.53125,"Paraiba",2001,2670658.53125,8,2003,"Paraiba",37.245,18.61,0
32,"2003-09",40.012,21.66,1623,2670658.53125,"Paraiba",1623,2670658.53125,9,2003,"Paraiba",40.012,21.66,0
33,"2003-10",116.41,22.79,845,2670658.53125,"Paraiba",845,2670658.53125,10,2003,"Paraiba",116.41,22.79,0
34,"2003-11",137.265,22.92,660,2670658.53125,"Paraiba",660,2670658.53125,11,2003,"Paraiba",137.265,22.92,0
35,"2003-12",186.555,24.16,683,2670658.53125,"Paraiba",683,2670658.53125,12,2003,"Paraiba",186.555,24.16,0
36,"2004-01",249.387,23.15,995,2693338.125,"Paraiba",995,2693338.125,1,2004,"Paraiba",249.387,23.15,0
37,"2004-02",208.132,22.87,789,2693338.125,"Paraiba",789,2693338.125,2,2004,"Paraiba",208.132,22.87,0
38,"2004-03",119.172,22.52,605,2693338.125,"Paraiba",605,2693338.125,3,2004,"Paraiba",119.172,22.52,0
39,"2004-04",105.517,22.17,394,2693338.125,"Paraiba",394,2693338.125,4,2004,"Paraiba",105.517,22.17,0
40,"2004-05",103.268,18.32,402,2693338.125,"Paraiba",402,2693338.125,5,2004,"Paraiba",103.268,18.32,0
41,"2004-06",44.68,17.59,247,2693338.125,"Paraiba",247,2693338.125,6,2004,"Paraiba",44.68,17.59,0
42,"2004-07",63.795,17.43,189,2693338.125,"Paraiba",189,2693338.125,7,2004,"Paraiba",63.795,17.43,0
43,"2004-08",5.742,19.56,204,2693338.125,"Paraiba",204,2693338.125,8,2004,"Paraiba",5.742,19.56,0
44,"2004-09",17.639,24.37,172,2693338.125,"Paraiba",172,2693338.125,9,2004,"Paraiba",17.639,24.37,0
45,"2004-10",165.397,21.56,199,2693338.125,"Paraiba",199,2693338.125,10,2004,"Paraiba",165.397,21.56,0
46,"2004-11",184.173,22.68,200,2693338.125,"Paraiba",200,2693338.125,11,2004,"Paraiba",184.173,22.68,0
47,"2004-12",205.428,22.83,283,2693338.125,"Paraiba",283,2693338.125,12,2004,"Paraiba",205.428,22.83,0
48,"2005-01",397.147,23.29,430,2715806.4765625,"Paraiba",430,2715806.4765625,1,2005,"Paraiba",397.147,23.29,0
49,"2005-02",61.652,23.89,1010,2715806.4765625,"Paraiba",1010,2715806.4765625,2,2005,"Paraiba",61.652,23.89,0
50,"2005-03",156.073,23.69,1586,2715806.4765625,"Paraiba",1586,2715806.4765625,3,2005,"Paraiba",156.073,23.69,0
51,"2005-04",58.042,23.46,1977,2715806.4765625,"Paraiba",1977,2715806.4765625,4,2005,"Paraiba",58.042,23.46,0
52,"2005-05",72.782,20.59,1638,2715806.4765625,"Paraiba",1638,2715806.4765625,5,2005,"Paraiba",72.782,20.59,0
53,"2005-06",31.392,19.45,1557,2715806.4765625,"Paraiba",1557,2715806.4765625,6,2005,"Paraiba",31.392,19.45,0
54,"2005-07",31.802,17.85,895,2715806.4765625,"Paraiba",895,2715806.4765625,7,2005,"Paraiba",31.802,17.85,0
55,"2005-08",10.309,20.92,531,2715806.4765625,"Paraiba",531,2715806.4765625,8,2005,"Paraiba",10.309,20.92,0
56,"2005-09",110.98,20.83,321,2715806.4765625,"Paraiba",321,2715806.4765625,9,2005,"Paraiba",110.98,20.83,0
57,"2005-10",155.832,23.59,203,2715806.4765625,"Paraiba",203,2715806.4765625,10,2005,"Paraiba",155.832,23.59,0
58,"2005-11",145.657,22.43,224,2715806.4765625,"Paraiba",224,2715806.4765625,11,2005,"Paraiba",145.657,22.43,0
59,"2005-12",200.286,22.32,253,2715806.4765625,"Paraiba",253,2715806.4765625,12,2005,"Paraiba",200.286,22.32,0
60,"2006-01",189.309,24.36,516,2745572.41708799,"Paraiba",516,2745572.41708799,1,2006,"Paraiba",189.309,24.36,0
61,"2006-02",238.781,23.94,425,2745572.41708799,"Paraiba",425,2745572.41708799,2,2006,"Paraiba",238.781,23.94,0
62,"2006-03",160.781,23.61,697,2745572.41708799,"Paraiba",697,2745572.41708799,3,2006,"Paraiba",160.781,23.61,0
63,"2006-04",49.869,21.43,833,2745572.41708799,"Paraiba",833,2745572.41708799,4,2006,"Paraiba",49.869,21.43,0
64,"2006-05",26.995,18.09,669,2745572.41708799,"Paraiba",669,2745572.41708799,5,2006,"Paraiba",26.995,18.09,0
65,"2006-06",9.995,18.82,527,2745572.41708799,"Paraiba",527,2745572.41708799,6,2006,"Paraiba",9.995,18.82,0
66,"2006-07",28.356,19.48,456,2745572.41708799,"Paraiba",456,2745572.41708799,7,2006,"Paraiba",28.356,19.48,0
67,"2006-08",21.22,20.87,468,2745572.41708799,"Paraiba",468,2745572.41708799,8,2006,"Paraiba",21.22,20.87,0
68,"2006-09",77.252,20.95,341,2745572.41708799,"Paraiba",341,2745572.41708799,9,2006,"Paraiba",77.252,20.95,0
69,"2006-10",111.862,22.29,415,2745572.41708799,"Paraiba",415,2745572.41708799,10,2006,"Paraiba",111.862,22.29,0
70,"2006-11",161.877,23.22,450,2745572.41708799,"Paraiba",450,2745572.41708799,11,2006,"Paraiba",161.877,23.22,0
71,"2006-12",256.26,23.65,500,2745572.41708799,"Paraiba",500,2745572.41708799,12,2006,"Paraiba",256.26,23.65,0
72,"2007-01",416.015,23.27,1080,2774214.83927011,"Paraiba",1080,2774214.83927011,1,2007,"Paraiba",416.015,23.27,0
73,"2007-02",170.715,23.92,1923,2774214.83927011,"Paraiba",1923,2774214.83927011,2,2007,"Paraiba",170.715,23.92,0
74,"2007-03",94.818,24.47,3460,2774214.83927011,"Paraiba",3460,2774214.83927011,3,2007,"Paraiba",94.818,24.47,0
75,"2007-04",56.79,23.3,3222,2774214.83927011,"Paraiba",3222,2774214.83927011,4,2007,"Paraiba",56.79,23.3,0
76,"2007-05",60.201,19.38,1982,2774214.83927011,"Paraiba",1982,2774214.83927011,5,2007,"Paraiba",60.201,19.38,0
77,"2007-06",7.967,19.05,1023,2774214.83927011,"Paraiba",1023,2774214.83927011,6,2007,"Paraiba",7.967,19.05,0
78,"2007-07",92.508,18.03,1311,2774214.83927011,"Paraiba",1311,2774214.83927011,7,2007,"Paraiba",92.508,18.03,0
79,"2007-08",7.376,20.08,811,2774214.83927011,"Paraiba",811,2774214.83927011,8,2007,"Paraiba",7.376,20.08,0
80,"2007-09",11.867,23.9,525,2774214.83927011,"Paraiba",525,2774214.83927011,9,2007,"Paraiba",11.867,23.9,0
81,"2007-10",85.233,24.46,494,2774214.83927011,"Paraiba",494,2774214.83927011,10,2007,"Paraiba",85.233,24.46,0
82,"2007-11",198.601,22.56,425,2774214.83927011,"Paraiba",425,2774214.83927011,11,2007,"Paraiba",198.601,22.56,0
83,"2007-12",190.825,23.73,541,2774214.83927011,"Paraiba",541,2774214.83927011,12,2007,"Paraiba",190.825,23.73,0
84,"2008-01",284.807,23.03,761,2801938.0191713,"Paraiba",761,2801938.0191713,1,2008,"Paraiba",284.807,23.03,0
85,"2008-02",210.335,23.27,1846,2801938.0191713,"Paraiba",1846,2801938.0191713,2,2008,"Paraiba",210.335,23.27,0
86,"2008-03",177.777,22.55,2974,2801938.0191713,"Paraiba",2974,2801938.0191713,3,2008,"Paraiba",177.777,22.55,0
87,"2008-04",130.251,21.63,5202,2801938.0191713,"Paraiba",5202,2801938.0191713,4,2008,"Paraiba",130.251,21.63,0
88,"2008-05",47.93,18.29,2511,2801938.0191713,"Paraiba",2511,2801938.0191713,5,2008,"Paraiba",47.93,18.29,0
89,"2008-06",29.241,18.24,959,2801938.0191713,"Paraiba",959,2801938.0191713,6,2008,"Paraiba",29.241,18.24,0
90,"2008-07",2.49,18.76,560,2801938.0191713,"Paraiba",560,2801938.0191713,7,2008,"Paraiba",2.49,18.76,0
91,"2008-08",58.92,20.84,535,2801938.0191713,"Paraiba",535,2801938.0191713,8,2008,"Paraiba",58.92,20.84,0
92,"2008-09",56.624,20.57,462,2801938.0191713,"Paraiba",462,2801938.0191713,9,2008,"Paraiba",56.624,20.57,0
93,"2008-10",122.238,23.21,359,2801938.0191713,"Paraiba",359,2801938.0191713,10,2008,"Paraiba",122.238,23.21,0
94,"2008-11",137.211,22.82,399,2801938.0191713,"Paraiba",399,2801938.0191713,11,2008,"Paraiba",137.211,22.82,0
95,"2008-12",170.881,23.45,390,2801938.0191713,"Paraiba",390,2801938.0191713,12,2008,"Paraiba",170.881,23.45,0
96,"2009-01",287.77,23.22,877,2829033.77973789,"Paraiba",877,2829033.77973789,1,2009,"Paraiba",287.77,23.22,0
97,"2009-02",241.012,24.01,1004,2829033.77973789,"Paraiba",1004,2829033.77973789,2,2009,"Paraiba",241.012,24.01,0
98,"2009-03",144.706,23.77,1216,2829033.77973789,"Paraiba",1216,2829033.77973789,3,2009,"Paraiba",144.706,23.77,0
99,"2009-04",63.155,21.57,768,2829033.77973789,"Paraiba",768,2829033.77973789,4,2009,"Paraiba",63.155,21.57,0
100,"2009-05",39.674,20.29,542,2829033.77973789,"Paraiba",542,2829033.77973789,5,2009,"Paraiba",39.674,20.29,0
101,"2009-06",48.769,16.68,266,2829033.77973789,"Paraiba",266,2829033.77973789,6,2009,"Paraiba",48.769,16.68,0
102,"2009-07",110.616,18.36,215,2829033.77973789,"Paraiba",215,2829033.77973789,7,2009,"Paraiba",110.616,18.36,0
103,"2009-08",75.304,19.59,215,2829033.77973789,"Paraiba",215,2829033.77973789,8,2009,"Paraiba",75.304,19.59,0
104,"2009-09",155.664,21.69,183,2829033.77973789,"Paraiba",183,2829033.77973789,9,2009,"Paraiba",155.664,21.69,0
105,"2009-10",139.312,22.1,145,2829033.77973789,"Paraiba",145,2829033.77973789,10,2009,"Paraiba",139.312,22.1,0
106,"2009-11",189.306,24.65,202,2829033.77973789,"Paraiba",202,2829033.77973789,11,2009,"Paraiba",189.306,24.65,0
107,"2009-12",275.87,23.47,246,2829033.77973789,"Paraiba",246,2829033.77973789,12,2009,"Paraiba",275.87,23.47,0
108,"2010-01",298.166,24.27,382,2855691.80588498,"Paraiba",382,2855691.80588498,1,2010,"Paraiba",298.166,24.27,0
109,"2010-02",142.273,25.11,948,2855691.80588498,"Paraiba",948,2855691.80588498,2,2010,"Paraiba",142.273,25.11,0
110,"2010-03",142.5,23.76,1855,2855691.80588498,"Paraiba",1855,2855691.80588498,3,2010,"Paraiba",142.5,23.76,0
111,"2010-04",71.167,21.58,2142,2855691.80588498,"Paraiba",2142,2855691.80588498,4,2010,"Paraiba",71.167,21.58,0
112,"2010-05",37.358,19.25,3318,2855691.80588498,"Paraiba",3318,2855691.80588498,5,2010,"Paraiba",37.358,19.25,0
113,"2010-06",21.464,17.97,3759,2855691.80588498,"Paraiba",3759,2855691.80588498,6,2010,"Paraiba",21.464,17.97,0
114,"2010-07",43.879,19.45,2490,2855691.80588498,"Paraiba",2490,2855691.80588498,7,2010,"Paraiba",43.879,19.45,0
115,"2010-08",11.339,19.53,1936,2855691.80588498,"Paraiba",1936,2855691.80588498,8,2010,"Paraiba",11.339,19.53,0
116,"2010-09",97.993,22.8,1299,2855691.80588498,"Paraiba",1299,2855691.80588498,9,2010,"Paraiba",97.993,22.8,0
117,"2010-10",132.432,21.24,842,2855691.80588498,"Paraiba",842,2855691.80588498,10,2010,"Paraiba",132.432,21.24,0
118,"2010-11",162.157,22.55,862,2855691.80588498,"Paraiba",862,2855691.80588498,11,2010,"Paraiba",162.157,22.55,0
119,"2010-12",238.038,23.75,778,2855691.80588498,"Paraiba",778,2855691.80588498,12,2010,"Paraiba",238.038,23.75,0
120,"2011-01",283.162,24.2,1704,2881970.46220184,"Paraiba",1704,2881970.46220184,1,2011,"Paraiba",283.162,24.2,0
121,"2011-02",195.966,24.52,2744,2881970.46220184,"Paraiba",2744,2881970.46220184,2,2011,"Paraiba",195.966,24.52,0
122,"2011-03",316.245,22.1,4178,2881970.46220184,"Paraiba",4178,2881970.46220184,3,2011,"Paraiba",316.245,22.1,0
123,"2011-04",88.676,22.08,3725,2881970.46220184,"Paraiba",3725,2881970.46220184,4,2011,"Paraiba",88.676,22.08,0
124,"2011-05",18.873,18.9,2618,2881970.46220184,"Paraiba",2618,2881970.46220184,5,2011,"Paraiba",18.873,18.9,0
125,"2011-06",47.949,17.02,1401,2881970.46220184,"Paraiba",1401,2881970.46220184,6,2011,"Paraiba",47.949,17.02,0
126,"2011-07",22.618,19.44,738,2881970.46220184,"Paraiba",738,2881970.46220184,7,2011,"Paraiba",22.618,19.44,0
127,"2011-08",34.702,20.6,494,2881970.46220184,"Paraiba",494,2881970.46220184,8,2011,"Paraiba",34.702,20.6,0
128,"2011-09",13.83,21.76,388,2881970.46220184,"Paraiba",388,2881970.46220184,9,2011,"Paraiba",13.83,21.76,0
129,"2011-10",158.981,22.36,341,2881970.46220184,"Paraiba",341,2881970.46220184,10,2011,"Paraiba",158.981,22.36,0
130,"2011-11",145.252,21.88,225,2881970.46220184,"Paraiba",225,2881970.46220184,11,2011,"Paraiba",145.252,21.88,0
131,"2011-12",177.014,23.64,256,2881970.46220184,"Paraiba",256,2881970.46220184,12,2011,"Paraiba",177.014,23.64,0
132,"2012-01",291.071,22.58,1027,2907825.97524653,"Paraiba",1027,2907825.97524653,1,2012,"Paraiba",291.071,22.58,0
133,"2012-02",134.316,24.53,1344,2907825.97524653,"Paraiba",1344,2907825.97524653,2,2012,"Paraiba",134.316,24.53,0
134,"2012-03",100.321,23.57,2336,2907825.97524653,"Paraiba",2336,2907825.97524653,3,2012,"Paraiba",100.321,23.57,0
135,"2012-04",114.559,22.69,2719,2907825.97524653,"Paraiba",2719,2907825.97524653,4,2012,"Paraiba",114.559,22.69,0
136,"2012-05",62.837,18.84,2599,2907825.97524653,"Paraiba",2599,2907825.97524653,5,2012,"Paraiba",62.837,18.84,0
137,"2012-06",149.956,18.67,1656,2907825.97524653,"Paraiba",1656,2907825.97524653,6,2012,"Paraiba",149.956,18.67,0
138,"2012-07",40.677,17.9,1518,2907825.97524653,"Paraiba",1518,2907825.97524653,7,2012,"Paraiba",40.677,17.9,0
139,"2012-08",4.432,20.48,1310,2907825.97524653,"Paraiba",1310,2907825.97524653,8,2012,"Paraiba",4.432,20.48,0
140,"2012-09",74.838,22.53,614,2907825.97524653,"Paraiba",614,2907825.97524653,9,2012,"Paraiba",74.838,22.53,0
141,"2012-10",64.59,24.57,348,2907825.97524653,"Paraiba",348,2907825.97524653,10,2012,"Paraiba",64.59,24.57,0
142,"2012-11",129.513,23.45,259,2907825.97524653,"Paraiba",259,2907825.97524653,11,2012,"Paraiba",129.513,23.45,0
143,"2012-12",245.778,25.44,425,2907825.97524653,"Paraiba",425,2907825.97524653,12,2012,"Paraiba",245.778,25.44,0
144,"2013-01",218.768,23.33,1020,2933345.89190294,"Paraiba",1020,2933345.89190294,1,2013,"Paraiba",218.768,23.33,0
145,"2013-02",195.533,23.89,2620,2933345.89190294,"Paraiba",2620,2933345.89190294,2,2013,"Paraiba",195.533,23.89,0
146,"2013-03",180.567,23.04,4031,2933345.89190294,"Paraiba",4031,2933345.89190294,3,2013,"Paraiba",180.567,23.04,0
147,"2013-04",99.514,20.88,4496,2933345.89190294,"Paraiba",4496,2933345.89190294,4,2013,"Paraiba",99.514,20.88,0
148,"2013-05",82.455,20.15,2995,2933345.89190294,"Paraiba",2995,2933345.89190294,5,2013,"Paraiba",82.455,20.15,0
149,"2013-06",83.114,19.18,2189,2933345.89190294,"Paraiba",2189,2933345.89190294,6,2013,"Paraiba",83.114,19.18,0
150,"2013-07",48.472,17.54,1767,2933345.89190294,"Paraiba",1767,2933345.89190294,7,2013,"Paraiba",48.472,17.54,0
151,"2013-08",9.819,19.15,1229,2933345.89190294,"Paraiba",1229,2933345.89190294,8,2013,"Paraiba",9.819,19.15,0
152,"2013-09",76.527,21.64,805,2933345.89190294,"Paraiba",805,2933345.89190294,9,2013,"Paraiba",76.527,21.64,0
153,"2013-10",127.064,21.91,536,2933345.89190294,"Paraiba",536,2933345.89190294,10,2013,"Paraiba",127.064,21.91,0
154,"2013-11",147.75,23.14,325,2933345.89190294,"Paraiba",325,2933345.89190294,11,2013,"Paraiba",147.75,23.14,0
155,"2013-12",153.606,24.32,326,2933345.89190294,"Paraiba",326,2933345.89190294,12,2013,"Paraiba",153.606,24.32,0
156,"2014-01",96.418,25.79,516,2958559.39446571,"Paraiba",516,2958559.39446571,1,2014,"Paraiba",96.418,25.79,0
157,"2014-02",117.523,26.08,611,2958559.39446571,"Paraiba",611,2958559.39446571,2,2014,"Paraiba",117.523,26.08,0
158,"2014-03",128.765,23.8,750,2958559.39446571,"Paraiba",750,2958559.39446571,3,2014,"Paraiba",128.765,23.8,0
159,"2014-04",66.653,22.55,1456,2958559.39446571,"Paraiba",1456,2958559.39446571,4,2014,"Paraiba",66.653,22.55,0
160,"2014-05",45.04,20.15,1708,2958559.39446571,"Paraiba",1708,2958559.39446571,5,2014,"Paraiba",45.04,20.15,0
161,"2014-06",14.853,19.7,1110,2958559.39446571,"Paraiba",1110,2958559.39446571,6,2014,"Paraiba",14.853,19.7,0
162,"2014-07",63.506,18.52,858,2958559.39446571,"Paraiba",858,2958559.39446571,7,2014,"Paraiba",63.506,18.52,0
163,"2014-08",17.89,20.59,513,2958559.39446571,"Paraiba",513,2958559.39446571,8,2014,"Paraiba",17.89,20.59,0
164,"2014-09",78.322,23.14,461,2958559.39446571,"Paraiba",461,2958559.39446571,9,2014,"Paraiba",78.322,23.14,0
165,"2014-10",43.971,24.38,410,2958559.39446571,"Paraiba",410,2958559.39446571,10,2014,"Paraiba",43.971,24.38,0
166,"2014-11",200.285,23.19,369,2958559.39446571,"Paraiba",369,2958559.39446571,11,2014,"Paraiba",200.285,23.19,0
167,"2014-12",206.448,23.82,373,2958559.39446571,"Paraiba",373,2958559.39446571,12,2014,"Paraiba",206.448,23.82,0
168,"2015-01",129.07,26.06,990,2983481.07408215,"Paraiba",990,2983481.07408215,1,2015,"Paraiba",129.07,26.06,0
169,"2015-02",218.506,24.04,2108,2983481.07408215,"Paraiba",2108,2983481.07408215,2,2015,"Paraiba",218.506,24.04,0
170,"2015-03",226.435,22.88,7962,2983481.07408215,"Paraiba",7962,2983481.07408215,3,2015,"Paraiba",226.435,22.88,0
171,"2015-04",64.629,22.1,8551,2983481.07408215,"Paraiba",8551,2983481.07408215,4,2015,"Paraiba",64.629,22.1,0
172,"2015-05",102.036,19.75,8224,2983481.07408215,"Paraiba",8224,2983481.07408215,5,2015,"Paraiba",102.036,19.75,0
173,"2015-06",32.058,19.1,4174,2983481.07408215,"Paraiba",4174,2983481.07408215,6,2015,"Paraiba",32.058,19.1,0
174,"2015-07",72.099,19.21,2304,2983481.07408215,"Paraiba",2304,2983481.07408215,7,2015,"Paraiba",72.099,19.21,0
175,"2015-08",18.457,21.17,1136,2983481.07408215,"Paraiba",1136,2983481.07408215,8,2015,"Paraiba",18.457,21.17,0
176,"2015-09",164.387,22.89,726,2983481.07408215,"Paraiba",726,2983481.07408215,9,2015,"Paraiba",164.387,22.89,0
177,"2015-10",89.471,24.68,509,2983481.07408215,"Paraiba",509,2983481.07408215,10,2015,"Paraiba",89.471,24.68,0
178,"2015-11",260.913,23.97,1869,2983481.07408215,"Paraiba",1869,2983481.07408215,11,2015,"Paraiba",260.913,23.97,0
179,"2015-12",251.27,24.39,4961,2983481.07408215,"Paraiba",4961,2983481.07408215,12,2015,"Paraiba",251.27,24.39,0
180,"2016-01",302.151,23.8,6484,3008154.7041942,"Paraiba",6484,3008154.7041942,1,2016,"Paraiba",302.151,23.8,0
181,"2016-02",221.1,24.84,9115,3008154.7041942,"Paraiba",9115,3008154.7041942,2,2016,"Paraiba",221.1,24.84,0
182,"2016-03",163.296,23.67,11957,3008154.7041942,"Paraiba",11957,3008154.7041942,3,2016,"Paraiba",163.296,23.67,0
183,"2016-04",29.158,24.28,8215,3008154.7041942,"Paraiba",8215,3008154.7041942,4,2016,"Paraiba",29.158,24.28,0
184,"2016-05",96.782,19.45,4866,3008154.7041942,"Paraiba",4866,3008154.7041942,5,2016,"Paraiba",96.782,19.45,0
185,"2016-06",107.765,16.71,2912,3008154.7041942,"Paraiba",2912,3008154.7041942,6,2016,"Paraiba",107.765,16.71,0
186,"2016-07",7.923,18.71,1364,3008154.7041942,"Paraiba",1364,3008154.7041942,7,2016,"Paraiba",7.923,18.71,0
187,"2016-08",67.682,20.12,436,3008154.7041942,"Paraiba",436,3008154.7041942,8,2016,"Paraiba",67.682,20.12,0
188,"2016-09",40.478,20.95,271,3008154.7041942,"Paraiba",271,3008154.7041942,9,2016,"Paraiba",40.478,20.95,0
189,"2016-10",125.79,22.78,377,3008154.7041942,"Paraiba",377,3008154.7041942,10,2016,"Paraiba",125.79,22.78,0
190,"2016-11",118.493,23.27,213,3008154.7041942,"Paraiba",213,3008154.7041942,11,2016,"Paraiba",118.493,23.27,0
191,"2016-12",157.643,24.5,134,3008154.7041942,"Paraiba",134,3008154.7041942,12,2016,"Paraiba",157.643,24.5,0
0,"2001-01",35.544,25.79,NA,9931467.65136719,"Parana",NA,9931467.65136719,1,2001,"Parana",35.544,25.79,0
1,"2001-02",32.455,26.74,NA,9931467.65136719,"Parana",NA,9931467.65136719,2,2001,"Parana",32.455,26.74,0
2,"2001-03",59.334,26.27,2055,9931467.65136719,"Parana",2055,9931467.65136719,3,2001,"Parana",59.334,26.27,0
3,"2001-04",43.879,25.54,1136,9931467.65136719,"Parana",1136,9931467.65136719,4,2001,"Parana",43.879,25.54,0
4,"2001-05",42.962,25.45,625,9931467.65136719,"Parana",625,9931467.65136719,5,2001,"Parana",42.962,25.45,0
5,"2001-06",99.77,23.31,234,9931467.65136719,"Parana",234,9931467.65136719,6,2001,"Parana",99.77,23.31,0
6,"2001-07",84.045,22.74,124,9931467.65136719,"Parana",124,9931467.65136719,7,2001,"Parana",84.045,22.74,0
7,"2001-08",89.037,22.24,81,9931467.65136719,"Parana",81,9931467.65136719,8,2001,"Parana",89.037,22.24,0
8,"2001-09",47.972,23.6,142,9931467.65136719,"Parana",142,9931467.65136719,9,2001,"Parana",47.972,23.6,0
9,"2001-10",55.818,24.93,295,9931467.65136719,"Parana",295,9931467.65136719,10,2001,"Parana",55.818,24.93,0
10,"2001-11",22.349,25.97,415,9931467.65136719,"Parana",415,9931467.65136719,11,2001,"Parana",22.349,25.97,0
11,"2001-12",51.232,26.28,184,9931467.65136719,"Parana",184,9931467.65136719,12,2001,"Parana",51.232,26.28,0
12,"2002-01",171.566,25.1,703,10045075.7368164,"Parana",703,10045075.7368164,1,2002,"Parana",171.566,25.1,0
13,"2002-02",78.96,25.68,1463,10045075.7368164,"Parana",1463,10045075.7368164,2,2002,"Parana",78.96,25.68,0
14,"2002-03",53.505,25.96,2759,10045075.7368164,"Parana",2759,10045075.7368164,3,2002,"Parana",53.505,25.96,0
15,"2002-04",49.557,25.5,3275,10045075.7368164,"Parana",3275,10045075.7368164,4,2002,"Parana",49.557,25.5,0
16,"2002-05",88.053,24.58,1544,10045075.7368164,"Parana",1544,10045075.7368164,5,2002,"Parana",88.053,24.58,0
17,"2002-06",140.158,23.14,326,10045075.7368164,"Parana",326,10045075.7368164,6,2002,"Parana",140.158,23.14,0
18,"2002-07",71.7,22.82,107,10045075.7368164,"Parana",107,10045075.7368164,7,2002,"Parana",71.7,22.82,0
19,"2002-08",63.407,22.53,124,10045075.7368164,"Parana",124,10045075.7368164,8,2002,"Parana",63.407,22.53,0
20,"2002-09",31.882,24,57,10045075.7368164,"Parana",57,10045075.7368164,9,2002,"Parana",31.882,24,0
21,"2002-10",27.527,24.83,88,10045075.7368164,"Parana",88,10045075.7368164,10,2002,"Parana",27.527,24.83,0
22,"2002-11",23.554,26.13,194,10045075.7368164,"Parana",194,10045075.7368164,11,2002,"Parana",23.554,26.13,0
23,"2002-12",58.857,26.83,160,10045075.7368164,"Parana",160,10045075.7368164,12,2002,"Parana",58.857,26.83,0
24,"2003-01",52.962,27.46,717,10158656.6157227,"Parana",717,10158656.6157227,1,2003,"Parana",52.962,27.46,0
25,"2003-02",47.748,26.36,2291,10158656.6157227,"Parana",2291,10158656.6157227,2,2003,"Parana",47.748,26.36,0
26,"2003-03",76.014,26.59,5726,10158656.6157227,"Parana",5726,10158656.6157227,3,2003,"Parana",76.014,26.59,0
27,"2003-04",32.561,26.75,2569,10158656.6157227,"Parana",2569,10158656.6157227,4,2003,"Parana",32.561,26.75,0
28,"2003-05",92.424,25.16,697,10158656.6157227,"Parana",697,10158656.6157227,5,2003,"Parana",92.424,25.16,0
29,"2003-06",52.511,23.77,156,10158656.6157227,"Parana",156,10158656.6157227,6,2003,"Parana",52.511,23.77,0
30,"2003-07",76.553,22.78,98,10158656.6157227,"Parana",98,10158656.6157227,7,2003,"Parana",76.553,22.78,0
31,"2003-08",57.669,23.24,41,10158656.6157227,"Parana",41,10158656.6157227,8,2003,"Parana",57.669,23.24,0
32,"2003-09",46.313,24.12,54,10158656.6157227,"Parana",54,10158656.6157227,9,2003,"Parana",46.313,24.12,0
33,"2003-10",55.416,25.06,75,10158656.6157227,"Parana",75,10158656.6157227,10,2003,"Parana",55.416,25.06,0
34,"2003-11",60.505,25.77,233,10158656.6157227,"Parana",233,10158656.6157227,11,2003,"Parana",60.505,25.77,0
35,"2003-12",19.544,26.92,136,10158656.6157227,"Parana",136,10158656.6157227,12,2003,"Parana",19.544,26.92,0
36,"2004-01",269.017,25.81,160,10272210.7646484,"Parana",160,10272210.7646484,1,2004,"Parana",269.017,25.81,0
37,"2004-02",88.735,25.64,175,10272210.7646484,"Parana",175,10272210.7646484,2,2004,"Parana",88.735,25.64,0
38,"2004-03",35.223,26.24,92,10272210.7646484,"Parana",92,10272210.7646484,3,2004,"Parana",35.223,26.24,0
39,"2004-04",46.959,25.94,107,10272210.7646484,"Parana",107,10272210.7646484,4,2004,"Parana",46.959,25.94,0
40,"2004-05",77.584,24.78,48,10272210.7646484,"Parana",48,10272210.7646484,5,2004,"Parana",77.584,24.78,0
41,"2004-06",85.733,23.35,19,10272210.7646484,"Parana",19,10272210.7646484,6,2004,"Parana",85.733,23.35,0
42,"2004-07",97.484,22.35,17,10272210.7646484,"Parana",17,10272210.7646484,7,2004,"Parana",97.484,22.35,0
43,"2004-08",67.899,22.54,12,10272210.7646484,"Parana",12,10272210.7646484,8,2004,"Parana",67.899,22.54,0
44,"2004-09",49.652,23.19,5,10272210.7646484,"Parana",5,10272210.7646484,9,2004,"Parana",49.652,23.19,0
45,"2004-10",21.298,25.33,14,10272210.7646484,"Parana",14,10272210.7646484,10,2004,"Parana",21.298,25.33,0
46,"2004-11",24.231,26.32,12,10272210.7646484,"Parana",12,10272210.7646484,11,2004,"Parana",24.231,26.32,0
47,"2004-12",11.342,27.07,26,10272210.7646484,"Parana",26,10272210.7646484,12,2004,"Parana",11.342,27.07,0
48,"2005-01",22.341,27.84,130,10385738.7260742,"Parana",130,10385738.7260742,1,2005,"Parana",22.341,27.84,0
49,"2005-02",56.195,27.4,309,10385738.7260742,"Parana",309,10385738.7260742,2,2005,"Parana",56.195,27.4,0
50,"2005-03",98.571,27.16,779,10385738.7260742,"Parana",779,10385738.7260742,3,2005,"Parana",98.571,27.16,0
51,"2005-04",62.045,25.53,895,10385738.7260742,"Parana",895,10385738.7260742,4,2005,"Parana",62.045,25.53,0
52,"2005-05",117.874,24.46,1202,10385738.7260742,"Parana",1202,10385738.7260742,5,2005,"Parana",117.874,24.46,0
53,"2005-06",98.114,23.59,540,10385738.7260742,"Parana",540,10385738.7260742,6,2005,"Parana",98.114,23.59,0
54,"2005-07",89.363,22.36,208,10385738.7260742,"Parana",208,10385738.7260742,7,2005,"Parana",89.363,22.36,0
55,"2005-08",74.468,22.5,155,10385738.7260742,"Parana",155,10385738.7260742,8,2005,"Parana",74.468,22.5,0
56,"2005-09",35.822,23.99,57,10385738.7260742,"Parana",57,10385738.7260742,9,2005,"Parana",35.822,23.99,0
57,"2005-10",24.894,25.34,29,10385738.7260742,"Parana",29,10385738.7260742,10,2005,"Parana",24.894,25.34,0
58,"2005-11",15.511,26.55,33,10385738.7260742,"Parana",33,10385738.7260742,11,2005,"Parana",15.511,26.55,0
59,"2005-12",73.03,26.08,58,10385738.7260742,"Parana",58,10385738.7260742,12,2005,"Parana",73.03,26.08,0
60,"2006-01",28.44,26.27,200,10499569.1053378,"Parana",200,10499569.1053378,1,2006,"Parana",28.44,26.27,0
61,"2006-02",22.794,27.64,257,10499569.1053378,"Parana",257,10499569.1053378,2,2006,"Parana",22.794,27.64,0
62,"2006-03",66.466,27.2,779,10499569.1053378,"Parana",779,10499569.1053378,3,2006,"Parana",66.466,27.2,0
63,"2006-04",105.825,25.93,1136,10499569.1053378,"Parana",1136,10499569.1053378,4,2006,"Parana",105.825,25.93,0
64,"2006-05",94.338,24.5,657,10499569.1053378,"Parana",657,10499569.1053378,5,2006,"Parana",94.338,24.5,0
65,"2006-06",164.701,22.8,288,10499569.1053378,"Parana",288,10499569.1053378,6,2006,"Parana",164.701,22.8,0
66,"2006-07",103.77,22.19,161,10499569.1053378,"Parana",161,10499569.1053378,7,2006,"Parana",103.77,22.19,0
67,"2006-08",52.84,22.65,61,10499569.1053378,"Parana",61,10499569.1053378,8,2006,"Parana",52.84,22.65,0
68,"2006-09",70.87,23.61,52,10499569.1053378,"Parana",52,10499569.1053378,9,2006,"Parana",70.87,23.61,0
69,"2006-10",84.99,24.94,85,10499569.1053378,"Parana",85,10499569.1053378,10,2006,"Parana",84.99,24.94,0
70,"2006-11",33.378,25.91,234,10499569.1053378,"Parana",234,10499569.1053378,11,2006,"Parana",33.378,25.91,0
71,"2006-12",17.537,26.93,466,10499569.1053378,"Parana",466,10499569.1053378,12,2006,"Parana",17.537,26.93,0
72,"2007-01",22.578,27.28,1836,10609102.9457762,"Parana",1836,10609102.9457762,1,2007,"Parana",22.578,27.28,0
73,"2007-02",175.095,26.29,4398,10609102.9457762,"Parana",4398,10609102.9457762,2,2007,"Parana",175.095,26.29,0
74,"2007-03",77.795,25.26,10826,10609102.9457762,"Parana",10826,10609102.9457762,3,2007,"Parana",77.795,25.26,0
75,"2007-04",73.077,25.48,12055,10609102.9457762,"Parana",12055,10609102.9457762,4,2007,"Parana",73.077,25.48,0
76,"2007-05",111.121,24.21,4539,10609102.9457762,"Parana",4539,10609102.9457762,5,2007,"Parana",111.121,24.21,0
77,"2007-06",71.176,23.12,626,10609102.9457762,"Parana",626,10609102.9457762,6,2007,"Parana",71.176,23.12,0
78,"2007-07",76.694,22.57,291,10609102.9457762,"Parana",291,10609102.9457762,7,2007,"Parana",76.694,22.57,0
79,"2007-08",76.863,22.21,182,10609102.9457762,"Parana",182,10609102.9457762,8,2007,"Parana",76.863,22.21,0
80,"2007-09",59.982,22.68,126,10609102.9457762,"Parana",126,10609102.9457762,9,2007,"Parana",59.982,22.68,0
81,"2007-10",32.176,24.4,196,10609102.9457762,"Parana",196,10609102.9457762,10,2007,"Parana",32.176,24.4,0
82,"2007-11",17.951,26.03,263,10609102.9457762,"Parana",263,10609102.9457762,11,2007,"Parana",17.951,26.03,0
83,"2007-12",24.142,26.43,349,10609102.9457762,"Parana",349,10609102.9457762,12,2007,"Parana",24.142,26.43,0
84,"2008-01",32.36,26.32,763,10715121.4362668,"Parana",763,10715121.4362668,1,2008,"Parana",32.36,26.32,0
85,"2008-02",81.681,27.04,982,10715121.4362668,"Parana",982,10715121.4362668,2,2008,"Parana",81.681,27.04,0
86,"2008-03",142.47,25.69,1687,10715121.4362668,"Parana",1687,10715121.4362668,3,2008,"Parana",142.47,25.69,0
87,"2008-04",81.378,25.35,2040,10715121.4362668,"Parana",2040,10715121.4362668,4,2008,"Parana",81.378,25.35,0
88,"2008-05",120.159,24.24,1051,10715121.4362668,"Parana",1051,10715121.4362668,5,2008,"Parana",120.159,24.24,0
89,"2008-06",65.477,23.06,483,10715121.4362668,"Parana",483,10715121.4362668,6,2008,"Parana",65.477,23.06,0
90,"2008-07",74.493,22.1,179,10715121.4362668,"Parana",179,10715121.4362668,7,2008,"Parana",74.493,22.1,0
91,"2008-08",67.527,22.39,110,10715121.4362668,"Parana",110,10715121.4362668,8,2008,"Parana",67.527,22.39,0
92,"2008-09",36.592,23.96,80,10715121.4362668,"Parana",80,10715121.4362668,9,2008,"Parana",36.592,23.96,0
93,"2008-10",38.255,24.9,103,10715121.4362668,"Parana",103,10715121.4362668,10,2008,"Parana",38.255,24.9,0
94,"2008-11",9.765,26.55,270,10715121.4362668,"Parana",270,10715121.4362668,11,2008,"Parana",9.765,26.55,0
95,"2008-12",27.829,26.93,292,10715121.4362668,"Parana",292,10715121.4362668,12,2008,"Parana",27.829,26.93,0
96,"2009-01",26.061,27.22,412,10818740.56092,"Parana",412,10818740.56092,1,2009,"Parana",26.061,27.22,0
97,"2009-02",69.696,26.49,633,10818740.56092,"Parana",633,10818740.56092,2,2009,"Parana",69.696,26.49,0
98,"2009-03",34.777,27.24,1109,10818740.56092,"Parana",1109,10818740.56092,3,2009,"Parana",34.777,27.24,0
99,"2009-04",79.784,26.84,812,10818740.56092,"Parana",812,10818740.56092,4,2009,"Parana",79.784,26.84,0
100,"2009-05",258.509,24.21,570,10818740.56092,"Parana",570,10818740.56092,5,2009,"Parana",258.509,24.21,0
101,"2009-06",76.875,23.63,288,10818740.56092,"Parana",288,10818740.56092,6,2009,"Parana",76.875,23.63,0
102,"2009-07",83.363,22.91,181,10818740.56092,"Parana",181,10818740.56092,7,2009,"Parana",83.363,22.91,0
103,"2009-08",106.579,22.84,129,10818740.56092,"Parana",129,10818740.56092,8,2009,"Parana",106.579,22.84,0
104,"2009-09",32.805,24.02,119,10818740.56092,"Parana",119,10818740.56092,9,2009,"Parana",32.805,24.02,0
105,"2009-10",60.639,25.73,89,10818740.56092,"Parana",89,10818740.56092,10,2009,"Parana",60.639,25.73,0
106,"2009-11",14.722,26.22,257,10818740.56092,"Parana",257,10818740.56092,11,2009,"Parana",14.722,26.22,0
107,"2009-12",30.25,27.12,551,10818740.56092,"Parana",551,10818740.56092,12,2009,"Parana",30.25,27.12,0
108,"2010-01",62.599,26.49,2312,10920685.7094075,"Parana",2312,10920685.7094075,1,2010,"Parana",62.599,26.49,0
109,"2010-02",67.888,26.88,5261,10920685.7094075,"Parana",5261,10920685.7094075,2,2010,"Parana",67.888,26.88,0
110,"2010-03",53.379,27.53,12863,10920685.7094075,"Parana",12863,10920685.7094075,3,2010,"Parana",53.379,27.53,0
111,"2010-04",229.884,25.68,14497,10920685.7094075,"Parana",14497,10920685.7094075,4,2010,"Parana",229.884,25.68,0
112,"2010-05",74.72,25.03,6654,10920685.7094075,"Parana",6654,10920685.7094075,5,2010,"Parana",74.72,25.03,0
113,"2010-06",157.706,23.43,1206,10920685.7094075,"Parana",1206,10920685.7094075,6,2010,"Parana",157.706,23.43,0
114,"2010-07",101.808,22.63,420,10920685.7094075,"Parana",420,10920685.7094075,7,2010,"Parana",101.808,22.63,0
115,"2010-08",52.853,22.13,235,10920685.7094075,"Parana",235,10920685.7094075,8,2010,"Parana",52.853,22.13,0
116,"2010-09",72.546,22.91,238,10920685.7094075,"Parana",238,10920685.7094075,9,2010,"Parana",72.546,22.91,0
117,"2010-10",58.526,25.33,255,10920685.7094075,"Parana",255,10920685.7094075,10,2010,"Parana",58.526,25.33,0
118,"2010-11",14.611,26.05,495,10920685.7094075,"Parana",495,10920685.7094075,11,2010,"Parana",14.611,26.05,0
119,"2010-12",54.246,26.53,1565,10920685.7094075,"Parana",1565,10920685.7094075,12,2010,"Parana",54.246,26.53,0
120,"2011-01",78.154,26.04,3284,11021180.0785515,"Parana",3284,11021180.0785515,1,2011,"Parana",78.154,26.04,0
121,"2011-02",64.365,26.21,7593,11021180.0785515,"Parana",7593,11021180.0785515,2,2011,"Parana",64.365,26.21,0
122,"2011-03",65.603,27.01,11924,11021180.0785515,"Parana",11924,11021180.0785515,3,2011,"Parana",65.603,27.01,0
123,"2011-04",169.135,25.56,7508,11021180.0785515,"Parana",7508,11021180.0785515,4,2011,"Parana",169.135,25.56,0
124,"2011-05",132.485,24.04,3622,11021180.0785515,"Parana",3622,11021180.0785515,5,2011,"Parana",132.485,24.04,0
125,"2011-06",57.493,23.29,1204,11021180.0785515,"Parana",1204,11021180.0785515,6,2011,"Parana",57.493,23.29,0
126,"2011-07",92.183,22.45,563,11021180.0785515,"Parana",563,11021180.0785515,7,2011,"Parana",92.183,22.45,0
127,"2011-08",46.215,22.65,377,11021180.0785515,"Parana",377,11021180.0785515,8,2011,"Parana",46.215,22.65,0
128,"2011-09",44.936,22.85,337,11021180.0785515,"Parana",337,11021180.0785515,9,2011,"Parana",44.936,22.85,0
129,"2011-10",58.565,24.76,277,11021180.0785515,"Parana",277,11021180.0785515,10,2011,"Parana",58.565,24.76,0
130,"2011-11",66.37,25,237,11021180.0785515,"Parana",237,11021180.0785515,11,2011,"Parana",66.37,25,0
131,"2011-12",19.279,26.33,317,11021180.0785515,"Parana",317,11021180.0785515,12,2011,"Parana",19.279,26.33,0
132,"2012-01",40.075,26.11,973,11120056.2707353,"Parana",973,11120056.2707353,1,2012,"Parana",40.075,26.11,0
133,"2012-02",50.099,25.95,1568,11120056.2707353,"Parana",1568,11120056.2707353,2,2012,"Parana",50.099,25.95,0
134,"2012-03",25.571,26.24,2234,11120056.2707353,"Parana",2234,11120056.2707353,3,2012,"Parana",25.571,26.24,0
135,"2012-04",21.266,26.01,2115,11120056.2707353,"Parana",2115,11120056.2707353,4,2012,"Parana",21.266,26.01,0
136,"2012-05",53.629,24.87,1602,11120056.2707353,"Parana",1602,11120056.2707353,5,2012,"Parana",53.629,24.87,0
137,"2012-06",63.43,23.78,686,11120056.2707353,"Parana",686,11120056.2707353,6,2012,"Parana",63.43,23.78,0
138,"2012-07",70.306,22.42,308,11120056.2707353,"Parana",308,11120056.2707353,7,2012,"Parana",70.306,22.42,0
139,"2012-08",63.347,22.24,180,11120056.2707353,"Parana",180,11120056.2707353,8,2012,"Parana",63.347,22.24,0
140,"2012-09",49.257,23.55,110,11120056.2707353,"Parana",110,11120056.2707353,9,2012,"Parana",49.257,23.55,0
141,"2012-10",34.563,24.24,189,11120056.2707353,"Parana",189,11120056.2707353,10,2012,"Parana",34.563,24.24,0
142,"2012-11",11.073,26.58,342,11120056.2707353,"Parana",342,11120056.2707353,11,2012,"Parana",11.073,26.58,0
143,"2012-12",14.128,26.66,1140,11120056.2707353,"Parana",1140,11120056.2707353,12,2012,"Parana",14.128,26.66,0
144,"2013-01",19.084,27.34,5802,11217649.0811922,"Parana",5802,11217649.0811922,1,2013,"Parana",19.084,27.34,0
145,"2013-02",25.174,26.99,13461,11217649.0811922,"Parana",13461,11217649.0811922,2,2013,"Parana",25.174,26.99,0
146,"2013-03",21.239,27.44,22712,11217649.0811922,"Parana",22712,11217649.0811922,3,2013,"Parana",21.239,27.44,0
147,"2013-04",73.729,26.68,21389,11217649.0811922,"Parana",21389,11217649.0811922,4,2013,"Parana",73.729,26.68,0
148,"2013-05",103.028,24.62,8175,11217649.0811922,"Parana",8175,11217649.0811922,5,2013,"Parana",103.028,24.62,0
149,"2013-06",62.483,24.04,2064,11217649.0811922,"Parana",2064,11217649.0811922,6,2013,"Parana",62.483,24.04,0
150,"2013-07",101.141,22.96,533,11217649.0811922,"Parana",533,11217649.0811922,7,2013,"Parana",101.141,22.96,0
151,"2013-08",63.721,22.82,300,11217649.0811922,"Parana",300,11217649.0811922,8,2013,"Parana",63.721,22.82,0
152,"2013-09",42.412,23.89,195,11217649.0811922,"Parana",195,11217649.0811922,9,2013,"Parana",42.412,23.89,0
153,"2013-10",72.509,24.61,236,11217649.0811922,"Parana",236,11217649.0811922,10,2013,"Parana",72.509,24.61,0
154,"2013-11",40.762,25.26,517,11217649.0811922,"Parana",517,11217649.0811922,11,2013,"Parana",40.762,25.26,0
155,"2013-12",53.253,26.59,818,11217649.0811922,"Parana",818,11217649.0811922,12,2013,"Parana",53.253,26.59,0
156,"2014-01",28.347,26.34,2875,11314070.1083331,"Parana",2875,11314070.1083331,1,2014,"Parana",28.347,26.34,0
157,"2014-02",51.221,26.01,4465,11314070.1083331,"Parana",4465,11314070.1083331,2,2014,"Parana",51.221,26.01,0
158,"2014-03",54.156,26.33,5604,11314070.1083331,"Parana",5604,11314070.1083331,3,2014,"Parana",54.156,26.33,0
159,"2014-04",88.48,26.16,7324,11314070.1083331,"Parana",7324,11314070.1083331,4,2014,"Parana",88.48,26.16,0
160,"2014-05",80.735,24.59,5576,11314070.1083331,"Parana",5576,11314070.1083331,5,2014,"Parana",80.735,24.59,0
161,"2014-06",68.02,23.54,1740,11314070.1083331,"Parana",1740,11314070.1083331,6,2014,"Parana",68.02,23.54,0
162,"2014-07",92.578,22.9,1284,11314070.1083331,"Parana",1284,11314070.1083331,7,2014,"Parana",92.578,22.9,0
163,"2014-08",70.624,22.51,2111,11314070.1083331,"Parana",2111,11314070.1083331,8,2014,"Parana",70.624,22.51,0
164,"2014-09",39.857,23.62,7367,11314070.1083331,"Parana",7367,11314070.1083331,9,2014,"Parana",39.857,23.62,0
165,"2014-10",56.108,24.31,8426,11314070.1083331,"Parana",8426,11314070.1083331,10,2014,"Parana",56.108,24.31,0
166,"2014-11",68.235,25.5,5997,11314070.1083331,"Parana",5997,11314070.1083331,11,2014,"Parana",68.235,25.5,0
167,"2014-12",44.017,25.79,4302,11314070.1083331,"Parana",4302,11314070.1083331,12,2014,"Parana",44.017,25.79,0
168,"2015-01",30.803,26.4,3988,11409375.1513636,"Parana",3988,11409375.1513636,1,2015,"Parana",30.803,26.4,0
169,"2015-02",69.996,26.5,5221,11409375.1513636,"Parana",5221,11409375.1513636,2,2015,"Parana",69.996,26.5,0
170,"2015-03",41.373,26.72,13702,11409375.1513636,"Parana",13702,11409375.1513636,3,2015,"Parana",41.373,26.72,0
171,"2015-04",50.306,26.98,17696,11409375.1513636,"Parana",17696,11409375.1513636,4,2015,"Parana",50.306,26.98,0
172,"2015-05",96.727,25.24,9261,11409375.1513636,"Parana",9261,11409375.1513636,5,2015,"Parana",96.727,25.24,0
173,"2015-06",99.602,23.73,3614,11409375.1513636,"Parana",3614,11409375.1513636,6,2015,"Parana",99.602,23.73,0
174,"2015-07",81.205,23.1,1124,11409375.1513636,"Parana",1124,11409375.1513636,7,2015,"Parana",81.205,23.1,0
175,"2015-08",50.419,22.79,730,11409375.1513636,"Parana",730,11409375.1513636,8,2015,"Parana",50.419,22.79,0
176,"2015-09",26.898,24.36,588,11409375.1513636,"Parana",588,11409375.1513636,9,2015,"Parana",26.898,24.36,0
177,"2015-10",28.058,25.36,697,11409375.1513636,"Parana",697,11409375.1513636,10,2015,"Parana",28.058,25.36,0
178,"2015-11",8.777,27.02,1327,11409375.1513636,"Parana",1327,11409375.1513636,11,2015,"Parana",8.777,27.02,0
179,"2015-12",22.179,26.97,3340,11409375.1513636,"Parana",3340,11409375.1513636,12,2015,"Parana",22.179,26.97,0
180,"2016-01",102.348,26.76,10867,11503731.6079002,"Parana",10867,11503731.6079002,1,2016,"Parana",102.348,26.76,0
181,"2016-02",42.695,26.72,19476,11503731.6079002,"Parana",19476,11503731.6079002,2,2016,"Parana",42.695,26.72,0
182,"2016-03",39.978,27.19,21287,11503731.6079002,"Parana",21287,11503731.6079002,3,2016,"Parana",39.978,27.19,0
183,"2016-04",34.857,26.49,15437,11503731.6079002,"Parana",15437,11503731.6079002,4,2016,"Parana",34.857,26.49,0
184,"2016-05",61.548,25.14,3283,11503731.6079002,"Parana",3283,11503731.6079002,5,2016,"Parana",61.548,25.14,0
185,"2016-06",71.088,24.1,682,11503731.6079002,"Parana",682,11503731.6079002,6,2016,"Parana",71.088,24.1,0
186,"2016-07",49.688,23.18,469,11503731.6079002,"Parana",469,11503731.6079002,7,2016,"Parana",49.688,23.18,0
187,"2016-08",36.772,23.51,266,11503731.6079002,"Parana",266,11503731.6079002,8,2016,"Parana",36.772,23.51,0
188,"2016-09",40.83,24.23,206,11503731.6079002,"Parana",206,11503731.6079002,9,2016,"Parana",40.83,24.23,0
189,"2016-10",26.346,25.92,304,11503731.6079002,"Parana",304,11503731.6079002,10,2016,"Parana",26.346,25.92,0
190,"2016-11",23.331,26.55,447,11503731.6079002,"Parana",447,11503731.6079002,11,2016,"Parana",23.331,26.55,0
191,"2016-12",27.849,27.02,471,11503731.6079002,"Parana",471,11503731.6079002,12,2016,"Parana",27.849,27.02,0
0,"2001-01",203.985,25.04,NA,5306472.94335938,"Pernambuco",NA,5306472.94335938,1,2001,"Pernambuco",203.985,25.04,0
1,"2001-02",235.162,24.88,NA,5306472.94335938,"Pernambuco",NA,5306472.94335938,2,2001,"Pernambuco",235.162,24.88,0
2,"2001-03",274.527,24.73,1453,5306472.94335938,"Pernambuco",1453,5306472.94335938,3,2001,"Pernambuco",274.527,24.73,0
3,"2001-04",127.959,25.28,2149,5306472.94335938,"Pernambuco",2149,5306472.94335938,4,2001,"Pernambuco",127.959,25.28,0
4,"2001-05",53.373,26.22,2134,5306472.94335938,"Pernambuco",2134,5306472.94335938,5,2001,"Pernambuco",53.373,26.22,0
5,"2001-06",10.258,26.26,1530,5306472.94335938,"Pernambuco",1530,5306472.94335938,6,2001,"Pernambuco",10.258,26.26,0
6,"2001-07",1.343,26.8,1199,5306472.94335938,"Pernambuco",1199,5306472.94335938,7,2001,"Pernambuco",1.343,26.8,0
7,"2001-08",0.213,27.39,843,5306472.94335938,"Pernambuco",843,5306472.94335938,8,2001,"Pernambuco",0.213,27.39,0
8,"2001-09",22.113,28.58,518,5306472.94335938,"Pernambuco",518,5306472.94335938,9,2001,"Pernambuco",22.113,28.58,0
9,"2001-10",144.574,26.71,529,5306472.94335938,"Pernambuco",529,5306472.94335938,10,2001,"Pernambuco",144.574,26.71,0
10,"2001-11",258.17,25.63,669,5306472.94335938,"Pernambuco",669,5306472.94335938,11,2001,"Pernambuco",258.17,25.63,0
11,"2001-12",217.021,25.75,459,5306472.94335938,"Pernambuco",459,5306472.94335938,12,2001,"Pernambuco",217.021,25.75,0
12,"2002-01",348.336,24.61,8506,5351260.76171875,"Pernambuco",8506,5351260.76171875,1,2002,"Pernambuco",348.336,24.61,0
13,"2002-02",193.457,25.67,31350,5351260.76171875,"Pernambuco",31350,5351260.76171875,2,2002,"Pernambuco",193.457,25.67,0
14,"2002-03",190.47,25.7,32523,5351260.76171875,"Pernambuco",32523,5351260.76171875,3,2002,"Pernambuco",190.47,25.7,0
15,"2002-04",101.753,25.95,12791,5351260.76171875,"Pernambuco",12791,5351260.76171875,4,2002,"Pernambuco",101.753,25.95,0
16,"2002-05",49.07,26.45,4205,5351260.76171875,"Pernambuco",4205,5351260.76171875,5,2002,"Pernambuco",49.07,26.45,0
17,"2002-06",2.816,26.47,1399,5351260.76171875,"Pernambuco",1399,5351260.76171875,6,2002,"Pernambuco",2.816,26.47,0
18,"2002-07",1.256,27.38,916,5351260.76171875,"Pernambuco",916,5351260.76171875,7,2002,"Pernambuco",1.256,27.38,0
19,"2002-08",0.124,28.2,596,5351260.76171875,"Pernambuco",596,5351260.76171875,8,2002,"Pernambuco",0.124,28.2,0
20,"2002-09",41.489,28.28,389,5351260.76171875,"Pernambuco",389,5351260.76171875,9,2002,"Pernambuco",41.489,28.28,0
21,"2002-10",56.944,28.28,437,5351260.76171875,"Pernambuco",437,5351260.76171875,10,2002,"Pernambuco",56.944,28.28,0
22,"2002-11",146.382,26.77,432,5351260.76171875,"Pernambuco",432,5351260.76171875,11,2002,"Pernambuco",146.382,26.77,0
23,"2002-12",283.327,25.83,482,5351260.76171875,"Pernambuco",482,5351260.76171875,12,2002,"Pernambuco",283.327,25.83,0
24,"2003-01",268.612,25.52,684,5395625.96679687,"Pernambuco",684,5395625.96679687,1,2003,"Pernambuco",268.612,25.52,0
25,"2003-02",226.564,25.51,1618,5395625.96679687,"Pernambuco",1618,5395625.96679687,2,2003,"Pernambuco",226.564,25.51,0
26,"2003-03",274.361,25.07,3460,5395625.96679687,"Pernambuco",3460,5395625.96679687,3,2003,"Pernambuco",274.361,25.07,0
27,"2003-04",120.859,25.75,3612,5395625.96679687,"Pernambuco",3612,5395625.96679687,4,2003,"Pernambuco",120.859,25.75,0
28,"2003-05",61.695,26.09,3059,5395625.96679687,"Pernambuco",3059,5395625.96679687,5,2003,"Pernambuco",61.695,26.09,0
29,"2003-06",2.418,26.31,1438,5395625.96679687,"Pernambuco",1438,5395625.96679687,6,2003,"Pernambuco",2.418,26.31,0
30,"2003-07",0.084,26.2,634,5395625.96679687,"Pernambuco",634,5395625.96679687,7,2003,"Pernambuco",0.084,26.2,0
31,"2003-08",15.864,27.88,338,5395625.96679687,"Pernambuco",338,5395625.96679687,8,2003,"Pernambuco",15.864,27.88,0
32,"2003-09",19.029,29.12,167,5395625.96679687,"Pernambuco",167,5395625.96679687,9,2003,"Pernambuco",19.029,29.12,0
33,"2003-10",72.939,27.91,152,5395625.96679687,"Pernambuco",152,5395625.96679687,10,2003,"Pernambuco",72.939,27.91,0
34,"2003-11",207.879,26.16,177,5395625.96679687,"Pernambuco",177,5395625.96679687,11,2003,"Pernambuco",207.879,26.16,0
35,"2003-12",201.148,25.91,251,5395625.96679687,"Pernambuco",251,5395625.96679687,12,2003,"Pernambuco",201.148,25.91,0
36,"2004-01",483.361,24.61,277,5439568.140625,"Pernambuco",277,5439568.140625,1,2004,"Pernambuco",483.361,24.61,0
37,"2004-02",355.826,24.49,473,5439568.140625,"Pernambuco",473,5439568.140625,2,2004,"Pernambuco",355.826,24.49,0
38,"2004-03",253.25,25.27,462,5439568.140625,"Pernambuco",462,5439568.140625,3,2004,"Pernambuco",253.25,25.27,0
39,"2004-04",113.272,25.97,286,5439568.140625,"Pernambuco",286,5439568.140625,4,2004,"Pernambuco",113.272,25.97,0
40,"2004-05",5.608,27.27,193,5439568.140625,"Pernambuco",193,5439568.140625,5,2004,"Pernambuco",5.608,27.27,0
41,"2004-06",1.074,26.49,152,5439568.140625,"Pernambuco",152,5439568.140625,6,2004,"Pernambuco",1.074,26.49,0
42,"2004-07",1.985,26.48,119,5439568.140625,"Pernambuco",119,5439568.140625,7,2004,"Pernambuco",1.985,26.48,0
43,"2004-08",1.891,27.77,101,5439568.140625,"Pernambuco",101,5439568.140625,8,2004,"Pernambuco",1.891,27.77,0
44,"2004-09",2.905,29.11,60,5439568.140625,"Pernambuco",60,5439568.140625,9,2004,"Pernambuco",2.905,29.11,0
45,"2004-10",132.828,27.45,86,5439568.140625,"Pernambuco",86,5439568.140625,10,2004,"Pernambuco",132.828,27.45,0
46,"2004-11",160.303,26.81,74,5439568.140625,"Pernambuco",74,5439568.140625,11,2004,"Pernambuco",160.303,26.81,0
47,"2004-12",214.71,25.98,66,5439568.140625,"Pernambuco",66,5439568.140625,12,2004,"Pernambuco",214.71,25.98,0
48,"2005-01",334.476,25.54,123,5483086.85546875,"Pernambuco",123,5483086.85546875,1,2005,"Pernambuco",334.476,25.54,0
49,"2005-02",273.105,25.68,192,5483086.85546875,"Pernambuco",192,5483086.85546875,2,2005,"Pernambuco",273.105,25.68,0
50,"2005-03",376.779,25.04,440,5483086.85546875,"Pernambuco",440,5483086.85546875,3,2005,"Pernambuco",376.779,25.04,0
51,"2005-04",124.707,26.16,749,5483086.85546875,"Pernambuco",749,5483086.85546875,4,2005,"Pernambuco",124.707,26.16,0
52,"2005-05",53.052,25.74,1053,5483086.85546875,"Pernambuco",1053,5483086.85546875,5,2005,"Pernambuco",53.052,25.74,0
53,"2005-06",0.625,26.69,695,5483086.85546875,"Pernambuco",695,5483086.85546875,6,2005,"Pernambuco",0.625,26.69,0
54,"2005-07",0.082,26.35,645,5483086.85546875,"Pernambuco",645,5483086.85546875,7,2005,"Pernambuco",0.082,26.35,0
55,"2005-08",0.092,28.02,332,5483086.85546875,"Pernambuco",332,5483086.85546875,8,2005,"Pernambuco",0.092,28.02,0
56,"2005-09",24.749,29.41,245,5483086.85546875,"Pernambuco",245,5483086.85546875,9,2005,"Pernambuco",24.749,29.41,0
57,"2005-10",37.465,29.07,176,5483086.85546875,"Pernambuco",176,5483086.85546875,10,2005,"Pernambuco",37.465,29.07,0
58,"2005-11",222.705,26.63,180,5483086.85546875,"Pernambuco",180,5483086.85546875,11,2005,"Pernambuco",222.705,26.63,0
59,"2005-12",320.866,25.07,110,5483086.85546875,"Pernambuco",110,5483086.85546875,12,2005,"Pernambuco",320.866,25.07,0
60,"2006-01",169.199,26.15,442,5543182.90378606,"Pernambuco",442,5543182.90378606,1,2006,"Pernambuco",169.199,26.15,0
61,"2006-02",297.773,25.23,441,5543182.90378606,"Pernambuco",441,5543182.90378606,2,2006,"Pernambuco",297.773,25.23,0
62,"2006-03",303.279,24.94,904,5543182.90378606,"Pernambuco",904,5543182.90378606,3,2006,"Pernambuco",303.279,24.94,0
63,"2006-04",292.748,24.59,1161,5543182.90378606,"Pernambuco",1161,5543182.90378606,4,2006,"Pernambuco",292.748,24.59,0
64,"2006-05",65.724,25.26,1845,5543182.90378606,"Pernambuco",1845,5543182.90378606,5,2006,"Pernambuco",65.724,25.26,0
65,"2006-06",0.416,25.71,1271,5543182.90378606,"Pernambuco",1271,5543182.90378606,6,2006,"Pernambuco",0.416,25.71,0
66,"2006-07",0.128,26.44,866,5543182.90378606,"Pernambuco",866,5543182.90378606,7,2006,"Pernambuco",0.128,26.44,0
67,"2006-08",0.681,27.83,557,5543182.90378606,"Pernambuco",557,5543182.90378606,8,2006,"Pernambuco",0.681,27.83,0
68,"2006-09",37.122,28.63,298,5543182.90378606,"Pernambuco",298,5543182.90378606,9,2006,"Pernambuco",37.122,28.63,0
69,"2006-10",159.774,27.34,193,5543182.90378606,"Pernambuco",193,5543182.90378606,10,2006,"Pernambuco",159.774,27.34,0
70,"2006-11",172.263,26,238,5543182.90378606,"Pernambuco",238,5543182.90378606,11,2006,"Pernambuco",172.263,26,0
71,"2006-12",212.28,25.89,274,5543182.90378606,"Pernambuco",274,5543182.90378606,12,2006,"Pernambuco",212.28,25.89,0
72,"2007-01",214.662,26.19,869,5601010.62086787,"Pernambuco",869,5601010.62086787,1,2007,"Pernambuco",214.662,26.19,0
73,"2007-02",420.249,24.37,1497,5601010.62086787,"Pernambuco",1497,5601010.62086787,2,2007,"Pernambuco",420.249,24.37,0
74,"2007-03",121.7,25.89,2958,5601010.62086787,"Pernambuco",2958,5601010.62086787,3,2007,"Pernambuco",121.7,25.89,0
75,"2007-04",122.158,26.03,4669,5601010.62086787,"Pernambuco",4669,5601010.62086787,4,2007,"Pernambuco",122.158,26.03,0
76,"2007-05",13.207,26.94,4330,5601010.62086787,"Pernambuco",4330,5601010.62086787,5,2007,"Pernambuco",13.207,26.94,0
77,"2007-06",1.439,26.39,1241,5601010.62086787,"Pernambuco",1241,5601010.62086787,6,2007,"Pernambuco",1.439,26.39,0
78,"2007-07",0.168,27.12,1228,5601010.62086787,"Pernambuco",1228,5601010.62086787,7,2007,"Pernambuco",0.168,27.12,0
79,"2007-08",0.058,27.57,617,5601010.62086787,"Pernambuco",617,5601010.62086787,8,2007,"Pernambuco",0.058,27.57,0
80,"2007-09",7.865,29.44,343,5601010.62086787,"Pernambuco",343,5601010.62086787,9,2007,"Pernambuco",7.865,29.44,0
81,"2007-10",49.561,29.14,368,5601010.62086787,"Pernambuco",368,5601010.62086787,10,2007,"Pernambuco",49.561,29.14,0
82,"2007-11",173.176,27.19,353,5601010.62086787,"Pernambuco",353,5601010.62086787,11,2007,"Pernambuco",173.176,27.19,0
83,"2007-12",199.87,25.88,336,5601010.62086787,"Pernambuco",336,5601010.62086787,12,2007,"Pernambuco",199.87,25.88,0
84,"2008-01",302.446,25.15,748,5656982.43057517,"Pernambuco",748,5656982.43057517,1,2008,"Pernambuco",302.446,25.15,0
85,"2008-02",276.457,24.93,1390,5656982.43057517,"Pernambuco",1390,5656982.43057517,2,2008,"Pernambuco",276.457,24.93,0
86,"2008-03",316.466,24.48,3419,5656982.43057517,"Pernambuco",3419,5656982.43057517,3,2008,"Pernambuco",316.466,24.48,0
87,"2008-04",178.359,25.11,7396,5656982.43057517,"Pernambuco",7396,5656982.43057517,4,2008,"Pernambuco",178.359,25.11,0
88,"2008-05",46.429,25.82,4747,5656982.43057517,"Pernambuco",4747,5656982.43057517,5,2008,"Pernambuco",46.429,25.82,0
89,"2008-06",0.263,26.04,1657,5656982.43057517,"Pernambuco",1657,5656982.43057517,6,2008,"Pernambuco",0.263,26.04,0
90,"2008-07",0.053,26.03,514,5656982.43057517,"Pernambuco",514,5656982.43057517,7,2008,"Pernambuco",0.053,26.03,0
91,"2008-08",0.92,27.97,235,5656982.43057517,"Pernambuco",235,5656982.43057517,8,2008,"Pernambuco",0.92,27.97,0
92,"2008-09",11.478,29.87,109,5656982.43057517,"Pernambuco",109,5656982.43057517,9,2008,"Pernambuco",11.478,29.87,0
93,"2008-10",39.11,29.64,98,5656982.43057517,"Pernambuco",98,5656982.43057517,10,2008,"Pernambuco",39.11,29.64,0
94,"2008-11",226.802,26.51,91,5656982.43057517,"Pernambuco",91,5656982.43057517,11,2008,"Pernambuco",226.802,26.51,0
95,"2008-12",303.813,25.13,108,5656982.43057517,"Pernambuco",108,5656982.43057517,12,2008,"Pernambuco",303.813,25.13,0
96,"2009-01",252.776,25.51,121,5711687.50985225,"Pernambuco",121,5711687.50985225,1,2009,"Pernambuco",252.776,25.51,0
97,"2009-02",267.235,25.23,179,5711687.50985225,"Pernambuco",179,5711687.50985225,2,2009,"Pernambuco",267.235,25.23,0
98,"2009-03",237.354,25.49,326,5711687.50985225,"Pernambuco",326,5711687.50985225,3,2009,"Pernambuco",237.354,25.49,0
99,"2009-04",323.618,24.62,375,5711687.50985225,"Pernambuco",375,5711687.50985225,4,2009,"Pernambuco",323.618,24.62,0
100,"2009-05",183.063,24.51,447,5711687.50985225,"Pernambuco",447,5711687.50985225,5,2009,"Pernambuco",183.063,24.51,0
101,"2009-06",14.577,25.74,381,5711687.50985225,"Pernambuco",381,5711687.50985225,6,2009,"Pernambuco",14.577,25.74,0
102,"2009-07",0.772,26.64,324,5711687.50985225,"Pernambuco",324,5711687.50985225,7,2009,"Pernambuco",0.772,26.64,0
103,"2009-08",1.132,28,237,5711687.50985225,"Pernambuco",237,5711687.50985225,8,2009,"Pernambuco",1.132,28,0
104,"2009-09",13.963,29.2,132,5711687.50985225,"Pernambuco",132,5711687.50985225,9,2009,"Pernambuco",13.963,29.2,0
105,"2009-10",196.74,26.87,129,5711687.50985225,"Pernambuco",129,5711687.50985225,10,2009,"Pernambuco",196.74,26.87,0
106,"2009-11",116.43,26.74,242,5711687.50985225,"Pernambuco",242,5711687.50985225,11,2009,"Pernambuco",116.43,26.74,0
107,"2009-12",283.813,25.63,352,5711687.50985225,"Pernambuco",352,5711687.50985225,12,2009,"Pernambuco",283.813,25.63,0
108,"2010-01",276.706,25.63,820,5765508.8237129,"Pernambuco",820,5765508.8237129,1,2010,"Pernambuco",276.706,25.63,0
109,"2010-02",187.089,26.64,1234,5765508.8237129,"Pernambuco",1234,5765508.8237129,2,2010,"Pernambuco",187.089,26.64,0
110,"2010-03",231.207,26.1,2645,5765508.8237129,"Pernambuco",2645,5765508.8237129,3,2010,"Pernambuco",231.207,26.1,0
111,"2010-04",144.582,26.51,3161,5765508.8237129,"Pernambuco",3161,5765508.8237129,4,2010,"Pernambuco",144.582,26.51,0
112,"2010-05",21.316,27.99,6295,5765508.8237129,"Pernambuco",6295,5765508.8237129,5,2010,"Pernambuco",21.316,27.99,0
113,"2010-06",4.551,27.25,6637,5765508.8237129,"Pernambuco",6637,5765508.8237129,6,2010,"Pernambuco",4.551,27.25,0
114,"2010-07",0.602,27.2,5648,5765508.8237129,"Pernambuco",5648,5765508.8237129,7,2010,"Pernambuco",0.602,27.2,0
115,"2010-08",0.14,27.62,3145,5765508.8237129,"Pernambuco",3145,5765508.8237129,8,2010,"Pernambuco",0.14,27.62,0
116,"2010-09",1.561,29.94,1122,5765508.8237129,"Pernambuco",1122,5765508.8237129,9,2010,"Pernambuco",1.561,29.94,0
117,"2010-10",135.198,28.51,594,5765508.8237129,"Pernambuco",594,5765508.8237129,10,2010,"Pernambuco",135.198,28.51,0
118,"2010-11",211.942,26.18,600,5765508.8237129,"Pernambuco",600,5765508.8237129,11,2010,"Pernambuco",211.942,26.18,0
119,"2010-12",282.216,25.38,596,5765508.8237129,"Pernambuco",596,5765508.8237129,12,2010,"Pernambuco",282.216,25.38,0
120,"2011-01",298.965,24.87,812,5818564.20754598,"Pernambuco",812,5818564.20754598,1,2011,"Pernambuco",298.965,24.87,0
121,"2011-02",330.296,24.73,1609,5818564.20754598,"Pernambuco",1609,5818564.20754598,2,2011,"Pernambuco",330.296,24.73,0
122,"2011-03",311.283,24.97,2849,5818564.20754598,"Pernambuco",2849,5818564.20754598,3,2011,"Pernambuco",311.283,24.97,0
123,"2011-04",131.597,25.51,2879,5818564.20754598,"Pernambuco",2879,5818564.20754598,4,2011,"Pernambuco",131.597,25.51,0
124,"2011-05",41.463,26.11,2773,5818564.20754598,"Pernambuco",2773,5818564.20754598,5,2011,"Pernambuco",41.463,26.11,0
125,"2011-06",0.739,26.72,1735,5818564.20754598,"Pernambuco",1735,5818564.20754598,6,2011,"Pernambuco",0.739,26.72,0
126,"2011-07",3.496,26.52,1146,5818564.20754598,"Pernambuco",1146,5818564.20754598,7,2011,"Pernambuco",3.496,26.52,0
127,"2011-08",1.088,28.34,748,5818564.20754598,"Pernambuco",748,5818564.20754598,8,2011,"Pernambuco",1.088,28.34,0
128,"2011-09",0.935,29.59,622,5818564.20754598,"Pernambuco",622,5818564.20754598,9,2011,"Pernambuco",0.935,29.59,0
129,"2011-10",182.701,26.83,645,5818564.20754598,"Pernambuco",645,5818564.20754598,10,2011,"Pernambuco",182.701,26.83,0
130,"2011-11",294.319,24.88,487,5818564.20754598,"Pernambuco",487,5818564.20754598,11,2011,"Pernambuco",294.319,24.88,0
131,"2011-12",245.973,25.51,220,5818564.20754598,"Pernambuco",220,5818564.20754598,12,2011,"Pernambuco",245.973,25.51,0
132,"2012-01",350.344,24.71,3535,5870765.28480984,"Pernambuco",3535,5870765.28480984,1,2012,"Pernambuco",350.344,24.71,0
133,"2012-02",239.104,24.9,5095,5870765.28480984,"Pernambuco",5095,5870765.28480984,2,2012,"Pernambuco",239.104,24.9,0
134,"2012-03",182.007,25.58,7104,5870765.28480984,"Pernambuco",7104,5870765.28480984,3,2012,"Pernambuco",182.007,25.58,0
135,"2012-04",80.093,26.4,5609,5870765.28480984,"Pernambuco",5609,5870765.28480984,4,2012,"Pernambuco",80.093,26.4,0
136,"2012-05",33.443,26.59,2945,5870765.28480984,"Pernambuco",2945,5870765.28480984,5,2012,"Pernambuco",33.443,26.59,0
137,"2012-06",5.213,26.88,1360,5870765.28480984,"Pernambuco",1360,5870765.28480984,6,2012,"Pernambuco",5.213,26.88,0
138,"2012-07",0.27,26.93,1047,5870765.28480984,"Pernambuco",1047,5870765.28480984,7,2012,"Pernambuco",0.27,26.93,0
139,"2012-08",0.114,27.32,504,5870765.28480984,"Pernambuco",504,5870765.28480984,8,2012,"Pernambuco",0.114,27.32,0
140,"2012-09",4.209,29.6,268,5870765.28480984,"Pernambuco",268,5870765.28480984,9,2012,"Pernambuco",4.209,29.6,0
141,"2012-10",46.034,29.22,277,5870765.28480984,"Pernambuco",277,5870765.28480984,10,2012,"Pernambuco",46.034,29.22,0
142,"2012-11",270.937,25.89,382,5870765.28480984,"Pernambuco",382,5870765.28480984,11,2012,"Pernambuco",270.937,25.89,0
143,"2012-12",179.828,26.13,723,5870765.28480984,"Pernambuco",723,5870765.28480984,12,2012,"Pernambuco",179.828,26.13,0
144,"2013-01",379.57,25.13,896,5922288.80858777,"Pernambuco",896,5922288.80858777,1,2013,"Pernambuco",379.57,25.13,0
145,"2013-02",146.677,26.15,1141,5922288.80858777,"Pernambuco",1141,5922288.80858777,2,2013,"Pernambuco",146.677,26.15,0
146,"2013-03",289.208,25.95,1791,5922288.80858777,"Pernambuco",1791,5922288.80858777,3,2013,"Pernambuco",289.208,25.95,0
147,"2013-04",150.101,25.77,2126,5922288.80858777,"Pernambuco",2126,5922288.80858777,4,2013,"Pernambuco",150.101,25.77,0
148,"2013-05",46.147,26.52,1903,5922288.80858777,"Pernambuco",1903,5922288.80858777,5,2013,"Pernambuco",46.147,26.52,0
149,"2013-06",11.012,26.86,1269,5922288.80858777,"Pernambuco",1269,5922288.80858777,6,2013,"Pernambuco",11.012,26.86,0
150,"2013-07",1.408,27.29,956,5922288.80858777,"Pernambuco",956,5922288.80858777,7,2013,"Pernambuco",1.408,27.29,0
151,"2013-08",1.301,28.25,842,5922288.80858777,"Pernambuco",842,5922288.80858777,8,2013,"Pernambuco",1.301,28.25,0
152,"2013-09",7.908,29.59,540,5922288.80858777,"Pernambuco",540,5922288.80858777,9,2013,"Pernambuco",7.908,29.59,0
153,"2013-10",105.886,28.07,486,5922288.80858777,"Pernambuco",486,5922288.80858777,10,2013,"Pernambuco",105.886,28.07,0
154,"2013-11",225.572,25.89,339,5922288.80858777,"Pernambuco",339,5922288.80858777,11,2013,"Pernambuco",225.572,25.89,0
155,"2013-12",358.76,25.26,317,5922288.80858777,"Pernambuco",317,5922288.80858777,12,2013,"Pernambuco",358.76,25.26,0
156,"2014-01",182.756,25.61,509,5973193.6965742,"Pernambuco",509,5973193.6965742,1,2014,"Pernambuco",182.756,25.61,0
157,"2014-02",237.453,25.19,590,5973193.6965742,"Pernambuco",590,5973193.6965742,2,2014,"Pernambuco",237.453,25.19,0
158,"2014-03",282.264,25.19,922,5973193.6965742,"Pernambuco",922,5973193.6965742,3,2014,"Pernambuco",282.264,25.19,0
159,"2014-04",169.019,25.53,1587,5973193.6965742,"Pernambuco",1587,5973193.6965742,4,2014,"Pernambuco",169.019,25.53,0
160,"2014-05",33.231,26.29,2151,5973193.6965742,"Pernambuco",2151,5973193.6965742,5,2014,"Pernambuco",33.231,26.29,0
161,"2014-06",0.672,26.74,1570,5973193.6965742,"Pernambuco",1570,5973193.6965742,6,2014,"Pernambuco",0.672,26.74,0
162,"2014-07",0.41,27.17,1030,5973193.6965742,"Pernambuco",1030,5973193.6965742,7,2014,"Pernambuco",0.41,27.17,0
163,"2014-08",0.621,28.16,555,5973193.6965742,"Pernambuco",555,5973193.6965742,8,2014,"Pernambuco",0.621,28.16,0
164,"2014-09",16.305,29.12,490,5973193.6965742,"Pernambuco",490,5973193.6965742,9,2014,"Pernambuco",16.305,29.12,0
165,"2014-10",109.851,28.03,484,5973193.6965742,"Pernambuco",484,5973193.6965742,10,2014,"Pernambuco",109.851,28.03,0
166,"2014-11",185.681,26.36,639,5973193.6965742,"Pernambuco",639,5973193.6965742,11,2014,"Pernambuco",185.681,26.36,0
167,"2014-12",220.379,25.73,802,5973193.6965742,"Pernambuco",802,5973193.6965742,12,2014,"Pernambuco",220.379,25.73,0
168,"2015-01",173.899,26.04,2231,6023509.40761634,"Pernambuco",2231,6023509.40761634,1,2015,"Pernambuco",173.899,26.04,0
169,"2015-02",256.271,25.28,3592,6023509.40761634,"Pernambuco",3592,6023509.40761634,2,2015,"Pernambuco",256.271,25.28,0
170,"2015-03",245.385,25.39,13915,6023509.40761634,"Pernambuco",13915,6023509.40761634,3,2015,"Pernambuco",245.385,25.39,0
171,"2015-04",185.646,25.47,19326,6023509.40761634,"Pernambuco",19326,6023509.40761634,4,2015,"Pernambuco",185.646,25.47,0
172,"2015-05",58.671,26.03,14645,6023509.40761634,"Pernambuco",14645,6023509.40761634,5,2015,"Pernambuco",58.671,26.03,0
173,"2015-06",0.806,26.78,7998,6023509.40761634,"Pernambuco",7998,6023509.40761634,6,2015,"Pernambuco",0.806,26.78,0
174,"2015-07",2.66,27.18,3945,6023509.40761634,"Pernambuco",3945,6023509.40761634,7,2015,"Pernambuco",2.66,27.18,0
175,"2015-08",0.639,28.05,2483,6023509.40761634,"Pernambuco",2483,6023509.40761634,8,2015,"Pernambuco",0.639,28.05,0
176,"2015-09",4.269,30.15,4064,6023509.40761634,"Pernambuco",4064,6023509.40761634,9,2015,"Pernambuco",4.269,30.15,0
177,"2015-10",67.357,29.82,5008,6023509.40761634,"Pernambuco",5008,6023509.40761634,10,2015,"Pernambuco",67.357,29.82,0
178,"2015-11",132.15,27.69,14226,6023509.40761634,"Pernambuco",14226,6023509.40761634,11,2015,"Pernambuco",132.15,27.69,0
179,"2015-12",120.451,27.9,17332,6023509.40761634,"Pernambuco",17332,6023509.40761634,12,2015,"Pernambuco",120.451,27.9,0
180,"2016-01",469.563,25.26,16058,6073324.31825584,"Pernambuco",16058,6073324.31825584,1,2016,"Pernambuco",469.563,25.26,0
181,"2016-02",87.839,27.46,17581,6073324.31825584,"Pernambuco",17581,6073324.31825584,2,2016,"Pernambuco",87.839,27.46,0
182,"2016-03",219.229,26.79,12875,6073324.31825584,"Pernambuco",12875,6073324.31825584,3,2016,"Pernambuco",219.229,26.79,0
183,"2016-04",73.959,27.5,5753,6073324.31825584,"Pernambuco",5753,6073324.31825584,4,2016,"Pernambuco",73.959,27.5,0
184,"2016-05",15.374,28.01,3293,6073324.31825584,"Pernambuco",3293,6073324.31825584,5,2016,"Pernambuco",15.374,28.01,0
185,"2016-06",15.754,27.14,2036,6073324.31825584,"Pernambuco",2036,6073324.31825584,6,2016,"Pernambuco",15.754,27.14,0
186,"2016-07",0.152,27.52,1255,6073324.31825584,"Pernambuco",1255,6073324.31825584,7,2016,"Pernambuco",0.152,27.52,0
187,"2016-08",0.778,29.12,1182,6073324.31825584,"Pernambuco",1182,6073324.31825584,8,2016,"Pernambuco",0.778,29.12,0
188,"2016-09",54.873,29.56,773,6073324.31825584,"Pernambuco",773,6073324.31825584,9,2016,"Pernambuco",54.873,29.56,0
189,"2016-10",113.506,28.16,601,6073324.31825584,"Pernambuco",601,6073324.31825584,10,2016,"Pernambuco",113.506,28.16,0
190,"2016-11",183.064,27.38,545,6073324.31825584,"Pernambuco",545,6073324.31825584,11,2016,"Pernambuco",183.064,27.38,0
191,"2016-12",200.304,26.49,440,6073324.31825584,"Pernambuco",440,6073324.31825584,12,2016,"Pernambuco",200.304,26.49,0
0,"2001-01",326.417,24.4,NA,2878124.1003418,"Piaui",NA,2878124.1003418,1,2001,"Piaui",326.417,24.4,0
1,"2001-02",271.929,24.79,NA,2878124.1003418,"Piaui",NA,2878124.1003418,2,2001,"Piaui",271.929,24.79,0
2,"2001-03",325.08,25.02,1327,2878124.1003418,"Piaui",1327,2878124.1003418,3,2001,"Piaui",325.08,25.02,0
3,"2001-04",301.904,25.03,1991,2878124.1003418,"Piaui",1991,2878124.1003418,4,2001,"Piaui",301.904,25.03,0
4,"2001-05",270.901,24.77,2001,2878124.1003418,"Piaui",2001,2878124.1003418,5,2001,"Piaui",270.901,24.77,0
5,"2001-06",202.192,23.49,1561,2878124.1003418,"Piaui",1561,2878124.1003418,6,2001,"Piaui",202.192,23.49,0
6,"2001-07",170.241,24.16,770,2878124.1003418,"Piaui",770,2878124.1003418,7,2001,"Piaui",170.241,24.16,0
7,"2001-08",105.092,25.66,581,2878124.1003418,"Piaui",581,2878124.1003418,8,2001,"Piaui",105.092,25.66,0
8,"2001-09",173.077,25.28,270,2878124.1003418,"Piaui",270,2878124.1003418,9,2001,"Piaui",173.077,25.28,0
9,"2001-10",171.633,26.31,225,2878124.1003418,"Piaui",225,2878124.1003418,10,2001,"Piaui",171.633,26.31,0
10,"2001-11",157.242,26.23,220,2878124.1003418,"Piaui",220,2878124.1003418,11,2001,"Piaui",157.242,26.23,0
11,"2001-12",286.154,25.54,198,2878124.1003418,"Piaui",198,2878124.1003418,12,2001,"Piaui",286.154,25.54,0
12,"2002-01",249.16,25.64,971,2911089.70324707,"Piaui",971,2911089.70324707,1,2002,"Piaui",249.16,25.64,0
13,"2002-02",270.327,25.46,1491,2911089.70324707,"Piaui",1491,2911089.70324707,2,2002,"Piaui",270.327,25.46,0
14,"2002-03",301.651,25.4,1723,2911089.70324707,"Piaui",1723,2911089.70324707,3,2002,"Piaui",301.651,25.4,0
15,"2002-04",305.698,25.19,1574,2911089.70324707,"Piaui",1574,2911089.70324707,4,2002,"Piaui",305.698,25.19,0
16,"2002-05",287.865,24.99,1144,2911089.70324707,"Piaui",1144,2911089.70324707,5,2002,"Piaui",287.865,24.99,0
17,"2002-06",174.027,24.56,705,2911089.70324707,"Piaui",705,2911089.70324707,6,2002,"Piaui",174.027,24.56,0
18,"2002-07",160.622,24.77,475,2911089.70324707,"Piaui",475,2911089.70324707,7,2002,"Piaui",160.622,24.77,0
19,"2002-08",139.281,25.22,374,2911089.70324707,"Piaui",374,2911089.70324707,8,2002,"Piaui",139.281,25.22,0
20,"2002-09",122.09,26,254,2911089.70324707,"Piaui",254,2911089.70324707,9,2002,"Piaui",122.09,26,0
21,"2002-10",184.442,26.19,265,2911089.70324707,"Piaui",265,2911089.70324707,10,2002,"Piaui",184.442,26.19,0
22,"2002-11",203.328,25.64,361,2911089.70324707,"Piaui",361,2911089.70324707,11,2002,"Piaui",203.328,25.64,0
23,"2002-12",284.37,25.54,263,2911089.70324707,"Piaui",263,2911089.70324707,12,2002,"Piaui",284.37,25.54,0
24,"2003-01",222.439,26.27,812,2944046.63244629,"Piaui",812,2944046.63244629,1,2003,"Piaui",222.439,26.27,0
25,"2003-02",269.867,25.76,1614,2944046.63244629,"Piaui",1614,2944046.63244629,2,2003,"Piaui",269.867,25.76,0
26,"2003-03",314.801,25.4,1930,2944046.63244629,"Piaui",1930,2944046.63244629,3,2003,"Piaui",314.801,25.4,0
27,"2003-04",320.164,25.1,2058,2944046.63244629,"Piaui",2058,2944046.63244629,4,2003,"Piaui",320.164,25.1,0
28,"2003-05",307.378,24.72,2216,2944046.63244629,"Piaui",2216,2944046.63244629,5,2003,"Piaui",307.378,24.72,0
29,"2003-06",240,24.36,1292,2944046.63244629,"Piaui",1292,2944046.63244629,6,2003,"Piaui",240,24.36,0
30,"2003-07",117.143,24.84,551,2944046.63244629,"Piaui",551,2944046.63244629,7,2003,"Piaui",117.143,24.84,0
31,"2003-08",155.778,25.17,241,2944046.63244629,"Piaui",241,2944046.63244629,8,2003,"Piaui",155.778,25.17,0
32,"2003-09",180.77,25.43,80,2944046.63244629,"Piaui",80,2944046.63244629,9,2003,"Piaui",180.77,25.43,0
33,"2003-10",197.589,25.9,45,2944046.63244629,"Piaui",45,2944046.63244629,10,2003,"Piaui",197.589,25.9,0
34,"2003-11",198.888,25.78,119,2944046.63244629,"Piaui",119,2944046.63244629,11,2003,"Piaui",198.888,25.78,0
35,"2003-12",223.142,25.83,130,2944046.63244629,"Piaui",130,2944046.63244629,12,2003,"Piaui",223.142,25.83,0
36,"2004-01",233.457,25.88,135,2976994.98529053,"Piaui",135,2976994.98529053,1,2004,"Piaui",233.457,25.88,0
37,"2004-02",264.269,25.47,188,2976994.98529053,"Piaui",188,2976994.98529053,2,2004,"Piaui",264.269,25.47,0
38,"2004-03",345.509,25.35,202,2976994.98529053,"Piaui",202,2976994.98529053,3,2004,"Piaui",345.509,25.35,0
39,"2004-04",271.008,25.51,110,2976994.98529053,"Piaui",110,2976994.98529053,4,2004,"Piaui",271.008,25.51,0
40,"2004-05",244.927,24.57,120,2976994.98529053,"Piaui",120,2976994.98529053,5,2004,"Piaui",244.927,24.57,0
41,"2004-06",185.985,24.27,57,2976994.98529053,"Piaui",57,2976994.98529053,6,2004,"Piaui",185.985,24.27,0
42,"2004-07",153.328,24.38,44,2976994.98529053,"Piaui",44,2976994.98529053,7,2004,"Piaui",153.328,24.38,0
43,"2004-08",141.695,25.11,100,2976994.98529053,"Piaui",100,2976994.98529053,8,2004,"Piaui",141.695,25.11,0
44,"2004-09",166.319,25.42,59,2976994.98529053,"Piaui",59,2976994.98529053,9,2004,"Piaui",166.319,25.42,0
45,"2004-10",187.618,26.09,25,2976994.98529053,"Piaui",25,2976994.98529053,10,2004,"Piaui",187.618,26.09,0
46,"2004-11",187.33,26,36,2976994.98529053,"Piaui",36,2976994.98529053,11,2004,"Piaui",187.33,26,0
47,"2004-12",234.162,25.71,20,2976994.98529053,"Piaui",20,2976994.98529053,12,2004,"Piaui",234.162,25.71,0
48,"2005-01",250.945,25.9,207,3009934.99151611,"Piaui",207,3009934.99151611,1,2005,"Piaui",250.945,25.9,0
49,"2005-02",322.099,25.42,235,3009934.99151611,"Piaui",235,3009934.99151611,2,2005,"Piaui",322.099,25.42,0
50,"2005-03",312.283,25.43,414,3009934.99151611,"Piaui",414,3009934.99151611,3,2005,"Piaui",312.283,25.43,0
51,"2005-04",307.736,25.35,446,3009934.99151611,"Piaui",446,3009934.99151611,4,2005,"Piaui",307.736,25.35,0
52,"2005-05",232.96,25.4,688,3009934.99151611,"Piaui",688,3009934.99151611,5,2005,"Piaui",232.96,25.4,0
53,"2005-06",155.41,25.23,912,3009934.99151611,"Piaui",912,3009934.99151611,6,2005,"Piaui",155.41,25.23,0
54,"2005-07",84.457,25.24,658,3009934.99151611,"Piaui",658,3009934.99151611,7,2005,"Piaui",84.457,25.24,0
55,"2005-08",101.333,26.36,357,3009934.99151611,"Piaui",357,3009934.99151611,8,2005,"Piaui",101.333,26.36,0
56,"2005-09",130.152,26.46,103,3009934.99151611,"Piaui",103,3009934.99151611,9,2005,"Piaui",130.152,26.46,0
57,"2005-10",204.583,26.32,62,3009934.99151611,"Piaui",62,3009934.99151611,10,2005,"Piaui",204.583,26.32,0
58,"2005-11",229.645,25.98,51,3009934.99151611,"Piaui",51,3009934.99151611,11,2005,"Piaui",229.645,25.98,0
59,"2005-12",298.298,25.23,22,3009934.99151611,"Piaui",22,3009934.99151611,12,2005,"Piaui",298.298,25.23,0
60,"2006-01",335.941,25.13,310,3042924.65654425,"Piaui",310,3042924.65654425,1,2006,"Piaui",335.941,25.13,0
61,"2006-02",308.461,25.19,389,3042924.65654425,"Piaui",389,3042924.65654425,2,2006,"Piaui",308.461,25.19,0
62,"2006-03",295.792,25.31,537,3042924.65654425,"Piaui",537,3042924.65654425,3,2006,"Piaui",295.792,25.31,0
63,"2006-04",288.603,25.08,468,3042924.65654425,"Piaui",468,3042924.65654425,4,2006,"Piaui",288.603,25.08,0
64,"2006-05",285.037,24.43,735,3042924.65654425,"Piaui",735,3042924.65654425,5,2006,"Piaui",285.037,24.43,0
65,"2006-06",139.89,25.06,1247,3042924.65654425,"Piaui",1247,3042924.65654425,6,2006,"Piaui",139.89,25.06,0
66,"2006-07",133.748,25.46,495,3042924.65654425,"Piaui",495,3042924.65654425,7,2006,"Piaui",133.748,25.46,0
67,"2006-08",108.756,26.02,271,3042924.65654425,"Piaui",271,3042924.65654425,8,2006,"Piaui",108.756,26.02,0
68,"2006-09",136.154,26.27,127,3042924.65654425,"Piaui",127,3042924.65654425,9,2006,"Piaui",136.154,26.27,0
69,"2006-10",156.011,26.73,81,3042924.65654425,"Piaui",81,3042924.65654425,10,2006,"Piaui",156.011,26.73,0
70,"2006-11",243.079,25.71,79,3042924.65654425,"Piaui",79,3042924.65654425,11,2006,"Piaui",243.079,25.71,0
71,"2006-12",247.652,25.7,269,3042924.65654425,"Piaui",269,3042924.65654425,12,2006,"Piaui",247.652,25.7,0
72,"2007-01",281.868,25.81,667,3074669.12343163,"Piaui",667,3074669.12343163,1,2007,"Piaui",281.868,25.81,0
73,"2007-02",148.127,26.71,596,3074669.12343163,"Piaui",596,3074669.12343163,2,2007,"Piaui",148.127,26.71,0
74,"2007-03",339.976,25.26,834,3074669.12343163,"Piaui",834,3074669.12343163,3,2007,"Piaui",339.976,25.26,0
75,"2007-04",321.055,25.19,1138,3074669.12343163,"Piaui",1138,3074669.12343163,4,2007,"Piaui",321.055,25.19,0
76,"2007-05",252.545,24.81,2343,3074669.12343163,"Piaui",2343,3074669.12343163,5,2007,"Piaui",252.545,24.81,0
77,"2007-06",147.996,24.88,2376,3074669.12343163,"Piaui",2376,3074669.12343163,6,2007,"Piaui",147.996,24.88,0
78,"2007-07",132.751,25.11,602,3074669.12343163,"Piaui",602,3074669.12343163,7,2007,"Piaui",132.751,25.11,0
79,"2007-08",99.621,26.16,271,3074669.12343163,"Piaui",271,3074669.12343163,8,2007,"Piaui",99.621,26.16,0
80,"2007-09",142.395,26.1,118,3074669.12343163,"Piaui",118,3074669.12343163,9,2007,"Piaui",142.395,26.1,0
81,"2007-10",218.663,25.83,82,3074669.12343163,"Piaui",82,3074669.12343163,10,2007,"Piaui",218.663,25.83,0
82,"2007-11",225.816,25.81,88,3074669.12343163,"Piaui",88,3074669.12343163,11,2007,"Piaui",225.816,25.81,0
83,"2007-12",312.46,25.24,205,3074669.12343163,"Piaui",205,3074669.12343163,12,2007,"Piaui",312.46,25.24,0
84,"2008-01",309.35,24.99,199,3105394.79184019,"Piaui",199,3105394.79184019,1,2008,"Piaui",309.35,24.99,0
85,"2008-02",318.782,24.91,316,3105394.79184019,"Piaui",316,3105394.79184019,2,2008,"Piaui",318.782,24.91,0
86,"2008-03",309.057,24.88,757,3105394.79184019,"Piaui",757,3105394.79184019,3,2008,"Piaui",309.057,24.88,0
87,"2008-04",277.8,25.09,826,3105394.79184019,"Piaui",826,3105394.79184019,4,2008,"Piaui",277.8,25.09,0
88,"2008-05",302.795,24.29,333,3105394.79184019,"Piaui",333,3105394.79184019,5,2008,"Piaui",302.795,24.29,0
89,"2008-06",162.557,24.47,160,3105394.79184019,"Piaui",160,3105394.79184019,6,2008,"Piaui",162.557,24.47,0
90,"2008-07",111.585,25.38,44,3105394.79184019,"Piaui",44,3105394.79184019,7,2008,"Piaui",111.585,25.38,0
91,"2008-08",98.036,26.42,18,3105394.79184019,"Piaui",18,3105394.79184019,8,2008,"Piaui",98.036,26.42,0
92,"2008-09",163.607,26.03,26,3105394.79184019,"Piaui",26,3105394.79184019,9,2008,"Piaui",163.607,26.03,0
93,"2008-10",202.95,26.11,16,3105394.79184019,"Piaui",16,3105394.79184019,10,2008,"Piaui",202.95,26.11,0
94,"2008-11",254.308,25.84,26,3105394.79184019,"Piaui",26,3105394.79184019,11,2008,"Piaui",254.308,25.84,0
95,"2008-12",305.176,25.38,59,3105394.79184019,"Piaui",59,3105394.79184019,12,2008,"Piaui",305.176,25.38,0
96,"2009-01",371.138,25,137,3135425.08985846,"Piaui",137,3135425.08985846,1,2009,"Piaui",371.138,25,0
97,"2009-02",310.569,25.09,190,3135425.08985846,"Piaui",190,3135425.08985846,2,2009,"Piaui",310.569,25.09,0
98,"2009-03",356.252,25.1,825,3135425.08985846,"Piaui",825,3135425.08985846,3,2009,"Piaui",356.252,25.1,0
99,"2009-04",327.099,25.1,1355,3135425.08985846,"Piaui",1355,3135425.08985846,4,2009,"Piaui",327.099,25.1,0
100,"2009-05",255.964,25.07,1713,3135425.08985846,"Piaui",1713,3135425.08985846,5,2009,"Piaui",255.964,25.07,0
101,"2009-06",231.511,24.46,806,3135425.08985846,"Piaui",806,3135425.08985846,6,2009,"Piaui",231.511,24.46,0
102,"2009-07",128.91,25.09,597,3135425.08985846,"Piaui",597,3135425.08985846,7,2009,"Piaui",128.91,25.09,0
103,"2009-08",107.965,26.36,400,3135425.08985846,"Piaui",400,3135425.08985846,8,2009,"Piaui",107.965,26.36,0
104,"2009-09",101.43,27,182,3135425.08985846,"Piaui",182,3135425.08985846,9,2009,"Piaui",101.43,27,0
105,"2009-10",162.209,27.02,191,3135425.08985846,"Piaui",191,3135425.08985846,10,2009,"Piaui",162.209,27.02,0
106,"2009-11",159.237,27.2,491,3135425.08985846,"Piaui",491,3135425.08985846,11,2009,"Piaui",159.237,27.2,0
107,"2009-12",297.726,25.86,648,3135425.08985846,"Piaui",648,3135425.08985846,12,2009,"Piaui",297.726,25.86,0
108,"2010-01",284.254,25.97,842,3164970.24574395,"Piaui",842,3164970.24574395,1,2010,"Piaui",284.254,25.97,0
109,"2010-02",242.85,26.43,955,3164970.24574395,"Piaui",955,3164970.24574395,2,2010,"Piaui",242.85,26.43,0
110,"2010-03",282.373,26.51,1020,3164970.24574395,"Piaui",1020,3164970.24574395,3,2010,"Piaui",282.373,26.51,0
111,"2010-04",321.68,25.89,1024,3164970.24574395,"Piaui",1024,3164970.24574395,4,2010,"Piaui",321.68,25.89,0
112,"2010-05",239.456,25.61,1068,3164970.24574395,"Piaui",1068,3164970.24574395,5,2010,"Piaui",239.456,25.61,0
113,"2010-06",169.125,25.34,940,3164970.24574395,"Piaui",940,3164970.24574395,6,2010,"Piaui",169.125,25.34,0
114,"2010-07",111.253,25.35,825,3164970.24574395,"Piaui",825,3164970.24574395,7,2010,"Piaui",111.253,25.35,0
115,"2010-08",76.982,26.79,565,3164970.24574395,"Piaui",565,3164970.24574395,8,2010,"Piaui",76.982,26.79,0
116,"2010-09",113.377,27.04,426,3164970.24574395,"Piaui",426,3164970.24574395,9,2010,"Piaui",113.377,27.04,0
117,"2010-10",173.557,26.85,214,3164970.24574395,"Piaui",214,3164970.24574395,10,2010,"Piaui",173.557,26.85,0
118,"2010-11",232.194,25.93,257,3164970.24574395,"Piaui",257,3164970.24574395,11,2010,"Piaui",232.194,25.93,0
119,"2010-12",241.745,25.69,416,3164970.24574395,"Piaui",416,3164970.24574395,12,2010,"Piaui",241.745,25.69,0
120,"2011-01",308.002,25.14,825,3194094.94511438,"Piaui",825,3194094.94511438,1,2011,"Piaui",308.002,25.14,0
121,"2011-02",296.953,25.02,1053,3194094.94511438,"Piaui",1053,3194094.94511438,2,2011,"Piaui",296.953,25.02,0
122,"2011-03",327.112,25.14,1605,3194094.94511438,"Piaui",1605,3194094.94511438,3,2011,"Piaui",327.112,25.14,0
123,"2011-04",340.393,24.85,1950,3194094.94511438,"Piaui",1950,3194094.94511438,4,2011,"Piaui",340.393,24.85,0
124,"2011-05",275.265,25.03,1824,3194094.94511438,"Piaui",1824,3194094.94511438,5,2011,"Piaui",275.265,25.03,0
125,"2011-06",153.157,25.42,1218,3194094.94511438,"Piaui",1218,3194094.94511438,6,2011,"Piaui",153.157,25.42,0
126,"2011-07",101.393,25.54,644,3194094.94511438,"Piaui",644,3194094.94511438,7,2011,"Piaui",101.393,25.54,0
127,"2011-08",79.75,26.68,411,3194094.94511438,"Piaui",411,3194094.94511438,8,2011,"Piaui",79.75,26.68,0
128,"2011-09",164.002,26.41,176,3194094.94511438,"Piaui",176,3194094.94511438,9,2011,"Piaui",164.002,26.41,0
129,"2011-10",201.781,26.12,8,3194094.94511438,"Piaui",8,3194094.94511438,10,2011,"Piaui",201.781,26.12,0
130,"2011-11",238.144,25.82,6,3194094.94511438,"Piaui",6,3194094.94511438,11,2011,"Piaui",238.144,25.82,0
131,"2011-12",289.282,25.53,80,3194094.94511438,"Piaui",80,3194094.94511438,12,2011,"Piaui",289.282,25.53,0
132,"2012-01",349.119,24.9,813,3222750.67375648,"Piaui",813,3222750.67375648,1,2012,"Piaui",349.119,24.9,0
133,"2012-02",321.391,24.7,1396,3222750.67375648,"Piaui",1396,3222750.67375648,2,2012,"Piaui",321.391,24.7,0
134,"2012-03",363.491,24.81,2280,3222750.67375648,"Piaui",2280,3222750.67375648,3,2012,"Piaui",363.491,24.81,0
135,"2012-04",301.982,25.19,3358,3222750.67375648,"Piaui",3358,3222750.67375648,4,2012,"Piaui",301.982,25.19,0
136,"2012-05",238.027,24.99,3754,3222750.67375648,"Piaui",3754,3222750.67375648,5,2012,"Piaui",238.027,24.99,0
137,"2012-06",159.312,24.81,1452,3222750.67375648,"Piaui",1452,3222750.67375648,6,2012,"Piaui",159.312,24.81,0
138,"2012-07",119.908,24.99,753,3222750.67375648,"Piaui",753,3222750.67375648,7,2012,"Piaui",119.908,24.99,0
139,"2012-08",77.562,26.49,418,3222750.67375648,"Piaui",418,3222750.67375648,8,2012,"Piaui",77.562,26.49,0
140,"2012-09",133.028,26.8,168,3222750.67375648,"Piaui",168,3222750.67375648,9,2012,"Piaui",133.028,26.8,0
141,"2012-10",176.118,26.42,120,3222750.67375648,"Piaui",120,3222750.67375648,10,2012,"Piaui",176.118,26.42,0
142,"2012-11",195.327,26.54,128,3222750.67375648,"Piaui",128,3222750.67375648,11,2012,"Piaui",195.327,26.54,0
143,"2012-12",280.668,25.61,163,3222750.67375648,"Piaui",163,3222750.67375648,12,2012,"Piaui",280.668,25.61,0
144,"2013-01",276.885,25.69,260,3251034.46009678,"Piaui",260,3251034.46009678,1,2013,"Piaui",276.885,25.69,0
145,"2013-02",358.852,25.11,490,3251034.46009678,"Piaui",490,3251034.46009678,2,2013,"Piaui",358.852,25.11,0
146,"2013-03",353.005,25.6,846,3251034.46009678,"Piaui",846,3251034.46009678,3,2013,"Piaui",353.005,25.6,0
147,"2013-04",295.916,25.52,998,3251034.46009678,"Piaui",998,3251034.46009678,4,2013,"Piaui",295.916,25.52,0
148,"2013-05",268.221,25.17,808,3251034.46009678,"Piaui",808,3251034.46009678,5,2013,"Piaui",268.221,25.17,0
149,"2013-06",168.406,25.08,726,3251034.46009678,"Piaui",726,3251034.46009678,6,2013,"Piaui",168.406,25.08,0
150,"2013-07",147.981,24.52,571,3251034.46009678,"Piaui",571,3251034.46009678,7,2013,"Piaui",147.981,24.52,0
151,"2013-08",126.5,25.33,241,3251034.46009678,"Piaui",241,3251034.46009678,8,2013,"Piaui",126.5,25.33,0
152,"2013-09",141.96,25.91,196,3251034.46009678,"Piaui",196,3251034.46009678,9,2013,"Piaui",141.96,25.91,0
153,"2013-10",177.433,26.23,116,3251034.46009678,"Piaui",116,3251034.46009678,10,2013,"Piaui",177.433,26.23,0
154,"2013-11",283.353,25.35,83,3251034.46009678,"Piaui",83,3251034.46009678,11,2013,"Piaui",283.353,25.35,0
155,"2013-12",261.079,25.74,117,3251034.46009678,"Piaui",117,3251034.46009678,12,2013,"Piaui",261.079,25.74,0
156,"2014-01",275.937,25.37,292,3278978.64694415,"Piaui",292,3278978.64694415,1,2014,"Piaui",275.937,25.37,0
157,"2014-02",313.005,25.11,365,3278978.64694415,"Piaui",365,3278978.64694415,2,2014,"Piaui",313.005,25.11,0
158,"2014-03",356.423,25.24,392,3278978.64694415,"Piaui",392,3278978.64694415,3,2014,"Piaui",356.423,25.24,0
159,"2014-04",341.364,25.17,902,3278978.64694415,"Piaui",902,3278978.64694415,4,2014,"Piaui",341.364,25.17,0
160,"2014-05",280.006,25.03,1932,3278978.64694415,"Piaui",1932,3278978.64694415,5,2014,"Piaui",280.006,25.03,0
161,"2014-06",178.014,25.19,1519,3278978.64694415,"Piaui",1519,3278978.64694415,6,2014,"Piaui",178.014,25.19,0
162,"2014-07",127.3,25.1,1243,3278978.64694415,"Piaui",1243,3278978.64694415,7,2014,"Piaui",127.3,25.1,0
163,"2014-08",131.429,25.79,465,3278978.64694415,"Piaui",465,3278978.64694415,8,2014,"Piaui",131.429,25.79,0
164,"2014-09",116.325,26.7,286,3278978.64694415,"Piaui",286,3278978.64694415,9,2014,"Piaui",116.325,26.7,0
165,"2014-10",252.915,25.9,191,3278978.64694415,"Piaui",191,3278978.64694415,10,2014,"Piaui",252.915,25.9,0
166,"2014-11",256.644,25.87,182,3278978.64694415,"Piaui",182,3278978.64694415,11,2014,"Piaui",256.644,25.87,0
167,"2014-12",274.477,25.8,139,3278978.64694415,"Piaui",139,3278978.64694415,12,2014,"Piaui",274.477,25.8,0
168,"2015-01",356.986,24.96,223,3306599.405703,"Piaui",223,3306599.405703,1,2015,"Piaui",356.986,24.96,0
169,"2015-02",262.436,25.61,376,3306599.405703,"Piaui",376,3306599.405703,2,2015,"Piaui",262.436,25.61,0
170,"2015-03",386.625,25.2,1776,3306599.405703,"Piaui",1776,3306599.405703,3,2015,"Piaui",386.625,25.2,0
171,"2015-04",318.482,25.33,2652,3306599.405703,"Piaui",2652,3306599.405703,4,2015,"Piaui",318.482,25.33,0
172,"2015-05",309.467,25.02,1918,3306599.405703,"Piaui",1918,3306599.405703,5,2015,"Piaui",309.467,25.02,0
173,"2015-06",177.779,25.16,832,3306599.405703,"Piaui",832,3306599.405703,6,2015,"Piaui",177.779,25.16,0
174,"2015-07",135.873,25.43,327,3306599.405703,"Piaui",327,3306599.405703,7,2015,"Piaui",135.873,25.43,0
175,"2015-08",95.867,26.98,401,3306599.405703,"Piaui",401,3306599.405703,8,2015,"Piaui",95.867,26.98,0
176,"2015-09",62.119,28.18,291,3306599.405703,"Piaui",291,3306599.405703,9,2015,"Piaui",62.119,28.18,0
177,"2015-10",141.208,27.79,204,3306599.405703,"Piaui",204,3306599.405703,10,2015,"Piaui",141.208,27.79,0
178,"2015-11",188.603,26.96,267,3306599.405703,"Piaui",267,3306599.405703,11,2015,"Piaui",188.603,26.96,0
179,"2015-12",228.63,26.67,279,3306599.405703,"Piaui",279,3306599.405703,12,2015,"Piaui",228.63,26.67,0
180,"2016-01",197.938,27.27,413,3333945.25058662,"Piaui",413,3333945.25058662,1,2016,"Piaui",197.938,27.27,0
181,"2016-02",287.676,26.29,607,3333945.25058662,"Piaui",607,3333945.25058662,2,2016,"Piaui",287.676,26.29,0
182,"2016-03",396.901,26.04,809,3333945.25058662,"Piaui",809,3333945.25058662,3,2016,"Piaui",396.901,26.04,0
183,"2016-04",298.264,25.84,1688,3333945.25058662,"Piaui",1688,3333945.25058662,4,2016,"Piaui",298.264,25.84,0
184,"2016-05",263.842,25.51,1089,3333945.25058662,"Piaui",1089,3333945.25058662,5,2016,"Piaui",263.842,25.51,0
185,"2016-06",165.536,24.99,575,3333945.25058662,"Piaui",575,3333945.25058662,6,2016,"Piaui",165.536,24.99,0
186,"2016-07",115.106,25.9,258,3333945.25058662,"Piaui",258,3333945.25058662,7,2016,"Piaui",115.106,25.9,0
187,"2016-08",110.217,26.9,204,3333945.25058662,"Piaui",204,3333945.25058662,8,2016,"Piaui",110.217,26.9,0
188,"2016-09",175.221,25.94,120,3333945.25058662,"Piaui",120,3333945.25058662,9,2016,"Piaui",175.221,25.94,0
189,"2016-10",184.624,26.64,98,3333945.25058662,"Piaui",98,3333945.25058662,10,2016,"Piaui",184.624,26.64,0
190,"2016-11",200.066,26.45,90,3333945.25058662,"Piaui",90,3333945.25058662,11,2016,"Piaui",200.066,26.45,0
191,"2016-12",334.096,25.51,140,3333945.25058662,"Piaui",140,3333945.25058662,12,2016,"Piaui",334.096,25.51,0
0,"2001-01",36.491,24.53,NA,1439851.76284885,"Rondonia",NA,1439851.76284885,1,2001,"Rondonia",36.491,24.53,0
1,"2001-02",46.187,25.75,NA,1439851.76284885,"Rondonia",NA,1439851.76284885,2,2001,"Rondonia",46.187,25.75,0
2,"2001-03",95.967,24.77,172,1439851.76284885,"Rondonia",172,1439851.76284885,3,2001,"Rondonia",95.967,24.77,0
3,"2001-04",33.518,24.68,79,1439851.76284885,"Rondonia",79,1439851.76284885,4,2001,"Rondonia",33.518,24.68,0
4,"2001-05",26.973,24.81,107,1439851.76284885,"Rondonia",107,1439851.76284885,5,2001,"Rondonia",26.973,24.81,0
5,"2001-06",26.03,22.59,50,1439851.76284885,"Rondonia",50,1439851.76284885,6,2001,"Rondonia",26.03,22.59,0
6,"2001-07",23.044,22.29,26,1439851.76284885,"Rondonia",26,1439851.76284885,7,2001,"Rondonia",23.044,22.29,0
7,"2001-08",25.943,21.81,19,1439851.76284885,"Rondonia",19,1439851.76284885,8,2001,"Rondonia",25.943,21.81,0
8,"2001-09",23.978,24.02,11,1439851.76284885,"Rondonia",11,1439851.76284885,9,2001,"Rondonia",23.978,24.02,0
9,"2001-10",67.152,24.77,32,1439851.76284885,"Rondonia",32,1439851.76284885,10,2001,"Rondonia",67.152,24.77,0
10,"2001-11",58.978,25.77,98,1439851.76284885,"Rondonia",98,1439851.76284885,11,2001,"Rondonia",58.978,25.77,0
11,"2001-12",103.876,25.23,82,1439851.76284885,"Rondonia",82,1439851.76284885,12,2001,"Rondonia",103.876,25.23,0
12,"2002-01",219.803,23.66,203,1456745.72294903,"Rondonia",203,1456745.72294903,1,2002,"Rondonia",219.803,23.66,0
13,"2002-02",101.908,24.45,247,1456745.72294903,"Rondonia",247,1456745.72294903,2,2002,"Rondonia",101.908,24.45,0
14,"2002-03",42.842,25.24,203,1456745.72294903,"Rondonia",203,1456745.72294903,3,2002,"Rondonia",42.842,25.24,0
15,"2002-04",36.93,24.78,71,1456745.72294903,"Rondonia",71,1456745.72294903,4,2002,"Rondonia",36.93,24.78,0
16,"2002-05",32.355,23.9,61,1456745.72294903,"Rondonia",61,1456745.72294903,5,2002,"Rondonia",32.355,23.9,0
17,"2002-06",23.728,22.57,23,1456745.72294903,"Rondonia",23,1456745.72294903,6,2002,"Rondonia",23.728,22.57,0
18,"2002-07",20.789,22.69,23,1456745.72294903,"Rondonia",23,1456745.72294903,7,2002,"Rondonia",20.789,22.69,0
19,"2002-08",20.277,22.71,9,1456745.72294903,"Rondonia",9,1456745.72294903,8,2002,"Rondonia",20.277,22.71,0
20,"2002-09",33.627,24.45,28,1456745.72294903,"Rondonia",28,1456745.72294903,9,2002,"Rondonia",33.627,24.45,0
21,"2002-10",12.517,25.76,60,1456745.72294903,"Rondonia",60,1456745.72294903,10,2002,"Rondonia",12.517,25.76,0
22,"2002-11",58.932,25.72,278,1456745.72294903,"Rondonia",278,1456745.72294903,11,2002,"Rondonia",58.932,25.72,0
23,"2002-12",153.762,25.85,215,1456745.72294903,"Rondonia",215,1456745.72294903,12,2002,"Rondonia",153.762,25.85,0
24,"2003-01",106.687,25.67,702,1473639.5226984,"Rondonia",702,1473639.5226984,1,2003,"Rondonia",106.687,25.67,0
25,"2003-02",36.927,25.56,609,1473639.5226984,"Rondonia",609,1473639.5226984,2,2003,"Rondonia",36.927,25.56,0
26,"2003-03",93.361,25.57,462,1473639.5226984,"Rondonia",462,1473639.5226984,3,2003,"Rondonia",93.361,25.57,0
27,"2003-04",41.13,25.32,223,1473639.5226984,"Rondonia",223,1473639.5226984,4,2003,"Rondonia",41.13,25.32,0
28,"2003-05",43.173,24.11,138,1473639.5226984,"Rondonia",138,1473639.5226984,5,2003,"Rondonia",43.173,24.11,0
29,"2003-06",16.742,22.68,120,1473639.5226984,"Rondonia",120,1473639.5226984,6,2003,"Rondonia",16.742,22.68,0
30,"2003-07",22.2,21.66,91,1473639.5226984,"Rondonia",91,1473639.5226984,7,2003,"Rondonia",22.2,21.66,0
31,"2003-08",22.517,23.03,48,1473639.5226984,"Rondonia",48,1473639.5226984,8,2003,"Rondonia",22.517,23.03,0
32,"2003-09",17.098,24.33,38,1473639.5226984,"Rondonia",38,1473639.5226984,9,2003,"Rondonia",17.098,24.33,0
33,"2003-10",20.396,25.47,66,1473639.5226984,"Rondonia",66,1473639.5226984,10,2003,"Rondonia",20.396,25.47,0
34,"2003-11",81.166,25.24,220,1473639.5226984,"Rondonia",220,1473639.5226984,11,2003,"Rondonia",81.166,25.24,0
35,"2003-12",50.86,26.62,255,1473639.5226984,"Rondonia",255,1473639.5226984,12,2003,"Rondonia",50.86,26.62,0
36,"2004-01",296.231,24.34,365,1490533.0907464,"Rondonia",365,1490533.0907464,1,2004,"Rondonia",296.231,24.34,0
37,"2004-02",129.324,24.04,294,1490533.0907464,"Rondonia",294,1490533.0907464,2,2004,"Rondonia",129.324,24.04,0
38,"2004-03",149.53,24.05,236,1490533.0907464,"Rondonia",236,1490533.0907464,3,2004,"Rondonia",149.53,24.05,0
39,"2004-04",39.305,24.4,97,1490533.0907464,"Rondonia",97,1490533.0907464,4,2004,"Rondonia",39.305,24.4,0
40,"2004-05",28.856,23.75,56,1490533.0907464,"Rondonia",56,1490533.0907464,5,2004,"Rondonia",28.856,23.75,0
41,"2004-06",24.139,22.25,41,1490533.0907464,"Rondonia",41,1490533.0907464,6,2004,"Rondonia",24.139,22.25,0
42,"2004-07",20.502,21.51,29,1490533.0907464,"Rondonia",29,1490533.0907464,7,2004,"Rondonia",20.502,21.51,0
43,"2004-08",11.62,22.51,32,1490533.0907464,"Rondonia",32,1490533.0907464,8,2004,"Rondonia",11.62,22.51,0
44,"2004-09",9.623,23.77,35,1490533.0907464,"Rondonia",35,1490533.0907464,9,2004,"Rondonia",9.623,23.77,0
45,"2004-10",30.553,25.61,92,1490533.0907464,"Rondonia",92,1490533.0907464,10,2004,"Rondonia",30.553,25.61,0
46,"2004-11",104.962,25.6,677,1490533.0907464,"Rondonia",677,1490533.0907464,11,2004,"Rondonia",104.962,25.6,0
47,"2004-12",59.553,25.61,1140,1490533.0907464,"Rondonia",1140,1490533.0907464,12,2004,"Rondonia",59.553,25.61,0
48,"2005-01",153.585,25.36,1830,1507426.42878199,"Rondonia",1830,1507426.42878199,1,2005,"Rondonia",153.585,25.36,0
49,"2005-02",164.326,24.71,1236,1507426.42878199,"Rondonia",1236,1507426.42878199,2,2005,"Rondonia",164.326,24.71,0
50,"2005-03",120.627,24.82,955,1507426.42878199,"Rondonia",955,1507426.42878199,3,2005,"Rondonia",120.627,24.82,0
51,"2005-04",47.76,24.4,318,1507426.42878199,"Rondonia",318,1507426.42878199,4,2005,"Rondonia",47.76,24.4,0
52,"2005-05",56.346,23.17,111,1507426.42878199,"Rondonia",111,1507426.42878199,5,2005,"Rondonia",56.346,23.17,0
53,"2005-06",29.834,22.45,66,1507426.42878199,"Rondonia",66,1507426.42878199,6,2005,"Rondonia",29.834,22.45,0
54,"2005-07",23.017,21.48,50,1507426.42878199,"Rondonia",50,1507426.42878199,7,2005,"Rondonia",23.017,21.48,0
55,"2005-08",21.769,22.36,42,1507426.42878199,"Rondonia",42,1507426.42878199,8,2005,"Rondonia",21.769,22.36,0
56,"2005-09",21.331,24.45,21,1507426.42878199,"Rondonia",21,1507426.42878199,9,2005,"Rondonia",21.331,24.45,0
57,"2005-10",17.382,26.04,48,1507426.42878199,"Rondonia",48,1507426.42878199,10,2005,"Rondonia",17.382,26.04,0
58,"2005-11",125.279,25.24,191,1507426.42878199,"Rondonia",191,1507426.42878199,11,2005,"Rondonia",125.279,25.24,0
59,"2005-12",111.816,24.39,620,1507426.42878199,"Rondonia",620,1507426.42878199,12,2005,"Rondonia",111.816,24.39,0
60,"2006-01",20.604,25.75,1689,1523948.21183719,"Rondonia",1689,1523948.21183719,1,2006,"Rondonia",20.604,25.75,0
61,"2006-02",79.162,26.07,1278,1523948.21183719,"Rondonia",1278,1523948.21183719,2,2006,"Rondonia",79.162,26.07,0
62,"2006-03",198.22,24.61,375,1523948.21183719,"Rondonia",375,1523948.21183719,3,2006,"Rondonia",198.22,24.61,0
63,"2006-04",127.515,23.58,116,1523948.21183719,"Rondonia",116,1523948.21183719,4,2006,"Rondonia",127.515,23.58,0
64,"2006-05",30.016,22.79,59,1523948.21183719,"Rondonia",59,1523948.21183719,5,2006,"Rondonia",30.016,22.79,0
65,"2006-06",34.238,21.38,31,1523948.21183719,"Rondonia",31,1523948.21183719,6,2006,"Rondonia",34.238,21.38,0
66,"2006-07",16.483,21.27,16,1523948.21183719,"Rondonia",16,1523948.21183719,7,2006,"Rondonia",16.483,21.27,0
67,"2006-08",17.152,22.58,14,1523948.21183719,"Rondonia",14,1523948.21183719,8,2006,"Rondonia",17.152,22.58,0
68,"2006-09",23.779,23.99,13,1523948.21183719,"Rondonia",13,1523948.21183719,9,2006,"Rondonia",23.779,23.99,0
69,"2006-10",110.493,24.7,48,1523948.21183719,"Rondonia",48,1523948.21183719,10,2006,"Rondonia",110.493,24.7,0
70,"2006-11",120.064,24.24,79,1523948.21183719,"Rondonia",79,1523948.21183719,11,2006,"Rondonia",120.064,24.24,0
71,"2006-12",79.502,25.44,197,1523948.21183719,"Rondonia",197,1523948.21183719,12,2006,"Rondonia",79.502,25.44,0
72,"2007-01",48.207,26.44,241,1539846.37857119,"Rondonia",241,1539846.37857119,1,2007,"Rondonia",48.207,26.44,0
73,"2007-02",232.614,24.12,274,1539846.37857119,"Rondonia",274,1539846.37857119,2,2007,"Rondonia",232.614,24.12,0
74,"2007-03",34.625,24.41,216,1539846.37857119,"Rondonia",216,1539846.37857119,3,2007,"Rondonia",34.625,24.41,0
75,"2007-04",48.671,24.64,147,1539846.37857119,"Rondonia",147,1539846.37857119,4,2007,"Rondonia",48.671,24.64,0
76,"2007-05",24.656,23.59,110,1539846.37857119,"Rondonia",110,1539846.37857119,5,2007,"Rondonia",24.656,23.59,0
77,"2007-06",19.496,22.16,72,1539846.37857119,"Rondonia",72,1539846.37857119,6,2007,"Rondonia",19.496,22.16,0
78,"2007-07",17.059,22.14,65,1539846.37857119,"Rondonia",65,1539846.37857119,7,2007,"Rondonia",17.059,22.14,0
79,"2007-08",19.39,21.75,56,1539846.37857119,"Rondonia",56,1539846.37857119,8,2007,"Rondonia",19.39,21.75,0
80,"2007-09",19.407,23.24,94,1539846.37857119,"Rondonia",94,1539846.37857119,9,2007,"Rondonia",19.407,23.24,0
81,"2007-10",17.006,25.43,195,1539846.37857119,"Rondonia",195,1539846.37857119,10,2007,"Rondonia",17.006,25.43,0
82,"2007-11",95.274,26.18,444,1539846.37857119,"Rondonia",444,1539846.37857119,11,2007,"Rondonia",95.274,26.18,0
83,"2007-12",103.318,24.74,896,1539846.37857119,"Rondonia",896,1539846.37857119,12,2007,"Rondonia",103.318,24.74,0
84,"2008-01",69.307,25.33,1299,1555234.31376966,"Rondonia",1299,1555234.31376966,1,2008,"Rondonia",69.307,25.33,0
85,"2008-02",128.502,25.15,973,1555234.31376966,"Rondonia",973,1555234.31376966,2,2008,"Rondonia",128.502,25.15,0
86,"2008-03",138.262,24.29,1180,1555234.31376966,"Rondonia",1180,1555234.31376966,3,2008,"Rondonia",138.262,24.29,0
87,"2008-04",76.882,24.25,930,1555234.31376966,"Rondonia",930,1555234.31376966,4,2008,"Rondonia",76.882,24.25,0
88,"2008-05",19.117,23.52,216,1555234.31376966,"Rondonia",216,1555234.31376966,5,2008,"Rondonia",19.117,23.52,0
89,"2008-06",24.606,22.06,54,1555234.31376966,"Rondonia",54,1555234.31376966,6,2008,"Rondonia",24.606,22.06,0
90,"2008-07",16.189,21.13,19,1555234.31376966,"Rondonia",19,1555234.31376966,7,2008,"Rondonia",16.189,21.13,0
91,"2008-08",13.818,22.59,16,1555234.31376966,"Rondonia",16,1555234.31376966,8,2008,"Rondonia",13.818,22.59,0
92,"2008-09",18.642,24.59,17,1555234.31376966,"Rondonia",17,1555234.31376966,9,2008,"Rondonia",18.642,24.59,0
93,"2008-10",12.958,25.96,32,1555234.31376966,"Rondonia",32,1555234.31376966,10,2008,"Rondonia",12.958,25.96,0
94,"2008-11",104.736,26.01,116,1555234.31376966,"Rondonia",116,1555234.31376966,11,2008,"Rondonia",104.736,26.01,0
95,"2008-12",135.279,24.51,399,1555234.31376966,"Rondonia",399,1555234.31376966,12,2008,"Rondonia",135.279,24.51,0
96,"2009-01",108.069,25.14,700,1570273.99569785,"Rondonia",700,1570273.99569785,1,2009,"Rondonia",108.069,25.14,0
97,"2009-02",71.863,25.11,900,1570273.99569785,"Rondonia",900,1570273.99569785,2,2009,"Rondonia",71.863,25.11,0
98,"2009-03",83.18,25.88,1495,1570273.99569785,"Rondonia",1495,1570273.99569785,3,2009,"Rondonia",83.18,25.88,0
99,"2009-04",152.136,24.03,836,1570273.99569785,"Rondonia",836,1570273.99569785,4,2009,"Rondonia",152.136,24.03,0
100,"2009-05",86.689,22.59,539,1570273.99569785,"Rondonia",539,1570273.99569785,5,2009,"Rondonia",86.689,22.59,0
101,"2009-06",33.735,22.39,295,1570273.99569785,"Rondonia",295,1570273.99569785,6,2009,"Rondonia",33.735,22.39,0
102,"2009-07",20.832,22.41,253,1570273.99569785,"Rondonia",253,1570273.99569785,7,2009,"Rondonia",20.832,22.41,0
103,"2009-08",21.311,22.97,265,1570273.99569785,"Rondonia",265,1570273.99569785,8,2009,"Rondonia",21.311,22.97,0
104,"2009-09",12.754,25.33,253,1570273.99569785,"Rondonia",253,1570273.99569785,9,2009,"Rondonia",12.754,25.33,0
105,"2009-10",158.85,25.1,990,1570273.99569785,"Rondonia",990,1570273.99569785,10,2009,"Rondonia",158.85,25.1,0
106,"2009-11",21.911,25.57,3809,1570273.99569785,"Rondonia",3809,1570273.99569785,11,2009,"Rondonia",21.911,25.57,0
107,"2009-12",88.91,25.68,5041,1570273.99569785,"Rondonia",5041,1570273.99569785,12,2009,"Rondonia",88.91,25.68,0
108,"2010-01",68.578,25.38,9156,1585070.71022817,"Rondonia",9156,1585070.71022817,1,2010,"Rondonia",68.578,25.38,0
109,"2010-02",52.939,26.49,4781,1585070.71022817,"Rondonia",4781,1585070.71022817,2,2010,"Rondonia",52.939,26.49,0
110,"2010-03",162.44,25.39,1581,1585070.71022817,"Rondonia",1581,1585070.71022817,3,2010,"Rondonia",162.44,25.39,0
111,"2010-04",101.385,24.29,795,1585070.71022817,"Rondonia",795,1585070.71022817,4,2010,"Rondonia",101.385,24.29,0
112,"2010-05",23.267,24.68,326,1585070.71022817,"Rondonia",326,1585070.71022817,5,2010,"Rondonia",23.267,24.68,0
113,"2010-06",20.83,22.65,162,1585070.71022817,"Rondonia",162,1585070.71022817,6,2010,"Rondonia",20.83,22.65,0
114,"2010-07",36.163,21.96,77,1585070.71022817,"Rondonia",77,1585070.71022817,7,2010,"Rondonia",36.163,21.96,0
115,"2010-08",14.592,21.8,77,1585070.71022817,"Rondonia",77,1585070.71022817,8,2010,"Rondonia",14.592,21.8,0
116,"2010-09",17.078,23.59,68,1585070.71022817,"Rondonia",68,1585070.71022817,9,2010,"Rondonia",17.078,23.59,0
117,"2010-10",79.581,26.07,152,1585070.71022817,"Rondonia",152,1585070.71022817,10,2010,"Rondonia",79.581,26.07,0
118,"2010-11",77.05,25.48,586,1585070.71022817,"Rondonia",586,1585070.71022817,11,2010,"Rondonia",77.05,25.48,0
119,"2010-12",150.964,24.78,1457,1585070.71022817,"Rondonia",1457,1585070.71022817,12,2010,"Rondonia",150.964,24.78,0
120,"2011-01",86.422,24.62,549,1599656.85301366,"Rondonia",549,1599656.85301366,1,2011,"Rondonia",86.422,24.62,0
121,"2011-02",79.318,25.24,462,1599656.85301366,"Rondonia",462,1599656.85301366,2,2011,"Rondonia",79.318,25.24,0
122,"2011-03",146.453,24.74,495,1599656.85301366,"Rondonia",495,1599656.85301366,3,2011,"Rondonia",146.453,24.74,0
123,"2011-04",50.357,24.5,339,1599656.85301366,"Rondonia",339,1599656.85301366,4,2011,"Rondonia",50.357,24.5,0
124,"2011-05",29.942,23.13,137,1599656.85301366,"Rondonia",137,1599656.85301366,5,2011,"Rondonia",29.942,23.13,0
125,"2011-06",14.505,22.66,35,1599656.85301366,"Rondonia",35,1599656.85301366,6,2011,"Rondonia",14.505,22.66,0
126,"2011-07",16.606,21.86,24,1599656.85301366,"Rondonia",24,1599656.85301366,7,2011,"Rondonia",16.606,21.86,0
127,"2011-08",11.611,23.07,56,1599656.85301366,"Rondonia",56,1599656.85301366,8,2011,"Rondonia",11.611,23.07,0
128,"2011-09",9.931,23.28,69,1599656.85301366,"Rondonia",69,1599656.85301366,9,2011,"Rondonia",9.931,23.28,0
129,"2011-10",88.322,24.5,64,1599656.85301366,"Rondonia",64,1599656.85301366,10,2011,"Rondonia",88.322,24.5,0
130,"2011-11",105.852,23.59,20,1599656.85301366,"Rondonia",20,1599656.85301366,11,2011,"Rondonia",105.852,23.59,0
131,"2011-12",91.796,24.99,72,1599656.85301366,"Rondonia",72,1599656.85301366,12,2011,"Rondonia",91.796,24.99,0
132,"2012-01",67.287,25.04,254,1614008.12731455,"Rondonia",254,1614008.12731455,1,2012,"Rondonia",67.287,25.04,0
133,"2012-02",49.681,24.94,276,1614008.12731455,"Rondonia",276,1614008.12731455,2,2012,"Rondonia",49.681,24.94,0
134,"2012-03",32.098,26.06,351,1614008.12731455,"Rondonia",351,1614008.12731455,3,2012,"Rondonia",32.098,26.06,0
135,"2012-04",8.95,26.11,274,1614008.12731455,"Rondonia",274,1614008.12731455,4,2012,"Rondonia",8.95,26.11,0
136,"2012-05",33.539,24.03,263,1614008.12731455,"Rondonia",263,1614008.12731455,5,2012,"Rondonia",33.539,24.03,0
137,"2012-06",17.446,23.44,276,1614008.12731455,"Rondonia",276,1614008.12731455,6,2012,"Rondonia",17.446,23.44,0
138,"2012-07",11.724,22.2,170,1614008.12731455,"Rondonia",170,1614008.12731455,7,2012,"Rondonia",11.724,22.2,0
139,"2012-08",24.39,21.87,122,1614008.12731455,"Rondonia",122,1614008.12731455,8,2012,"Rondonia",24.39,21.87,0
140,"2012-09",10.593,24.44,72,1614008.12731455,"Rondonia",72,1614008.12731455,9,2012,"Rondonia",10.593,24.44,0
141,"2012-10",15.501,25.41,148,1614008.12731455,"Rondonia",148,1614008.12731455,10,2012,"Rondonia",15.501,25.41,0
142,"2012-11",164.853,24.74,253,1614008.12731455,"Rondonia",253,1614008.12731455,11,2012,"Rondonia",164.853,24.74,0
143,"2012-12",25.464,26.09,346,1614008.12731455,"Rondonia",346,1614008.12731455,12,2012,"Rondonia",25.464,26.09,0
144,"2013-01",132.218,25.47,1553,1628173.12661041,"Rondonia",1553,1628173.12661041,1,2013,"Rondonia",132.218,25.47,0
145,"2013-02",17.038,26.23,1894,1628173.12661041,"Rondonia",1894,1628173.12661041,2,2013,"Rondonia",17.038,26.23,0
146,"2013-03",57.308,26.68,1398,1628173.12661041,"Rondonia",1398,1628173.12661041,3,2013,"Rondonia",57.308,26.68,0
147,"2013-04",76.82,24.86,663,1628173.12661041,"Rondonia",663,1628173.12661041,4,2013,"Rondonia",76.82,24.86,0
148,"2013-05",21.353,24.42,355,1628173.12661041,"Rondonia",355,1628173.12661041,5,2013,"Rondonia",21.353,24.42,0
149,"2013-06",28.183,23.57,140,1628173.12661041,"Rondonia",140,1628173.12661041,6,2013,"Rondonia",28.183,23.57,0
150,"2013-07",25.859,22.71,95,1628173.12661041,"Rondonia",95,1628173.12661041,7,2013,"Rondonia",25.859,22.71,0
151,"2013-08",23.202,22.78,73,1628173.12661041,"Rondonia",73,1628173.12661041,8,2013,"Rondonia",23.202,22.78,0
152,"2013-09",17.702,24.4,52,1628173.12661041,"Rondonia",52,1628173.12661041,9,2013,"Rondonia",17.702,24.4,0
153,"2013-10",40.499,25.04,70,1628173.12661041,"Rondonia",70,1628173.12661041,10,2013,"Rondonia",40.499,25.04,0
154,"2013-11",91.407,25.12,209,1628173.12661041,"Rondonia",209,1628173.12661041,11,2013,"Rondonia",91.407,25.12,0
155,"2013-12",242.284,24.37,273,1628173.12661041,"Rondonia",273,1628173.12661041,12,2013,"Rondonia",242.284,24.37,0
156,"2014-01",27.941,25,198,1642168.04872775,"Rondonia",198,1642168.04872775,1,2014,"Rondonia",27.941,25,0
157,"2014-02",58.675,24.94,193,1642168.04872775,"Rondonia",193,1642168.04872775,2,2014,"Rondonia",58.675,24.94,0
158,"2014-03",74.896,25.07,244,1642168.04872775,"Rondonia",244,1642168.04872775,3,2014,"Rondonia",74.896,25.07,0
159,"2014-04",71.528,24.71,269,1642168.04872775,"Rondonia",269,1642168.04872775,4,2014,"Rondonia",71.528,24.71,0
160,"2014-05",25.512,23.84,239,1642168.04872775,"Rondonia",239,1642168.04872775,5,2014,"Rondonia",25.512,23.84,0
161,"2014-06",25.126,22.78,137,1642168.04872775,"Rondonia",137,1642168.04872775,6,2014,"Rondonia",25.126,22.78,0
162,"2014-07",32.457,22.23,74,1642168.04872775,"Rondonia",74,1642168.04872775,7,2014,"Rondonia",32.457,22.23,0
163,"2014-08",14.757,22.48,59,1642168.04872775,"Rondonia",59,1642168.04872775,8,2014,"Rondonia",14.757,22.48,0
164,"2014-09",12.588,24.33,47,1642168.04872775,"Rondonia",47,1642168.04872775,9,2014,"Rondonia",12.588,24.33,0
165,"2014-10",27.778,25.05,112,1642168.04872775,"Rondonia",112,1642168.04872775,10,2014,"Rondonia",27.778,25.05,0
166,"2014-11",139.692,24.59,293,1642168.04872775,"Rondonia",293,1642168.04872775,11,2014,"Rondonia",139.692,24.59,0
167,"2014-12",122.708,24.23,182,1642168.04872775,"Rondonia",182,1642168.04872775,12,2014,"Rondonia",122.708,24.23,0
168,"2015-01",24.788,25.71,142,1656000.99257985,"Rondonia",142,1656000.99257985,1,2015,"Rondonia",24.788,25.71,0
169,"2015-02",87.878,25.06,165,1656000.99257985,"Rondonia",165,1656000.99257985,2,2015,"Rondonia",87.878,25.06,0
170,"2015-03",58.078,25.7,302,1656000.99257985,"Rondonia",302,1656000.99257985,3,2015,"Rondonia",58.078,25.7,0
171,"2015-04",86.479,25.27,304,1656000.99257985,"Rondonia",304,1656000.99257985,4,2015,"Rondonia",86.479,25.27,0
172,"2015-05",47.251,23.64,214,1656000.99257985,"Rondonia",214,1656000.99257985,5,2015,"Rondonia",47.251,23.64,0
173,"2015-06",30.567,22.73,178,1656000.99257985,"Rondonia",178,1656000.99257985,6,2015,"Rondonia",30.567,22.73,0
174,"2015-07",24.462,22.55,95,1656000.99257985,"Rondonia",95,1656000.99257985,7,2015,"Rondonia",24.462,22.55,0
175,"2015-08",18.268,22.5,51,1656000.99257985,"Rondonia",51,1656000.99257985,8,2015,"Rondonia",18.268,22.5,0
176,"2015-09",6.553,25.37,49,1656000.99257985,"Rondonia",49,1656000.99257985,9,2015,"Rondonia",6.553,25.37,0
177,"2015-10",19.688,26.46,101,1656000.99257985,"Rondonia",101,1656000.99257985,10,2015,"Rondonia",19.688,26.46,0
178,"2015-11",45.839,27.36,150,1656000.99257985,"Rondonia",150,1656000.99257985,11,2015,"Rondonia",45.839,27.36,0
179,"2015-12",20.094,27.47,264,1656000.99257985,"Rondonia",264,1656000.99257985,12,2015,"Rondonia",20.094,27.47,0
180,"2016-01",357.292,24.58,1024,1669696.25490649,"Rondonia",1024,1669696.25490649,1,2016,"Rondonia",357.292,24.58,0
181,"2016-02",23.35,25.72,1779,1669696.25490649,"Rondonia",1779,1669696.25490649,2,2016,"Rondonia",23.35,25.72,0
182,"2016-03",24.494,26.76,1539,1669696.25490649,"Rondonia",1539,1669696.25490649,3,2016,"Rondonia",24.494,26.76,0
183,"2016-04",13.273,26.27,808,1669696.25490649,"Rondonia",808,1669696.25490649,4,2016,"Rondonia",13.273,26.27,0
184,"2016-05",18.915,24.9,275,1669696.25490649,"Rondonia",275,1669696.25490649,5,2016,"Rondonia",18.915,24.9,0
185,"2016-06",20.37,23.58,102,1669696.25490649,"Rondonia",102,1669696.25490649,6,2016,"Rondonia",20.37,23.58,0
186,"2016-07",18.897,22.56,108,1669696.25490649,"Rondonia",108,1669696.25490649,7,2016,"Rondonia",18.897,22.56,0
187,"2016-08",17.612,23.52,29,1669696.25490649,"Rondonia",29,1669696.25490649,8,2016,"Rondonia",17.612,23.52,0
188,"2016-09",30.313,24.52,38,1669696.25490649,"Rondonia",38,1669696.25490649,9,2016,"Rondonia",30.313,24.52,0
189,"2016-10",48.461,25.62,41,1669696.25490649,"Rondonia",41,1669696.25490649,10,2016,"Rondonia",48.461,25.62,0
190,"2016-11",96.988,25.48,97,1669696.25490649,"Rondonia",97,1669696.25490649,11,2016,"Rondonia",96.988,25.48,0
191,"2016-12",64.752,25.86,255,1669696.25490649,"Rondonia",255,1669696.25490649,12,2016,"Rondonia",64.752,25.86,0
0,"2001-01",57.013,26.85,NA,340332.72632188,"Roraima",NA,340332.72632188,1,2001,"Roraima",57.013,26.85,0
1,"2001-02",92.82,26.26,NA,340332.72632188,"Roraima",NA,340332.72632188,2,2001,"Roraima",92.82,26.26,0
2,"2001-03",187.453,25.36,137,340332.72632188,"Roraima",137,340332.72632188,3,2001,"Roraima",187.453,25.36,0
3,"2001-04",191.332,24.84,88,340332.72632188,"Roraima",88,340332.72632188,4,2001,"Roraima",191.332,24.84,0
4,"2001-05",24.919,26.26,129,340332.72632188,"Roraima",129,340332.72632188,5,2001,"Roraima",24.919,26.26,0
5,"2001-06",48.125,25.46,120,340332.72632188,"Roraima",120,340332.72632188,6,2001,"Roraima",48.125,25.46,0
6,"2001-07",12.263,26.23,160,340332.72632188,"Roraima",160,340332.72632188,7,2001,"Roraima",12.263,26.23,0
7,"2001-08",1.46,26.55,270,340332.72632188,"Roraima",270,340332.72632188,8,2001,"Roraima",1.46,26.55,0
8,"2001-09",4.222,27.54,399,340332.72632188,"Roraima",399,340332.72632188,9,2001,"Roraima",4.222,27.54,0
9,"2001-10",15.618,27.8,661,340332.72632188,"Roraima",661,340332.72632188,10,2001,"Roraima",15.618,27.8,0
10,"2001-11",8.773,28.14,467,340332.72632188,"Roraima",467,340332.72632188,11,2001,"Roraima",8.773,28.14,0
11,"2001-12",33.347,28.35,445,340332.72632188,"Roraima",445,340332.72632188,12,2001,"Roraima",33.347,28.35,0
12,"2002-01",216.304,25.07,342,344312.196990788,"Roraima",342,344312.196990788,1,2002,"Roraima",216.304,25.07,0
13,"2002-02",73.532,25.95,224,344312.196990788,"Roraima",224,344312.196990788,2,2002,"Roraima",73.532,25.95,0
14,"2002-03",199.799,25.27,96,344312.196990788,"Roraima",96,344312.196990788,3,2002,"Roraima",199.799,25.27,0
15,"2002-04",166.073,25.05,83,344312.196990788,"Roraima",83,344312.196990788,4,2002,"Roraima",166.073,25.05,0
16,"2002-05",85.285,25.44,68,344312.196990788,"Roraima",68,344312.196990788,5,2002,"Roraima",85.285,25.44,0
17,"2002-06",39.883,25.27,51,344312.196990788,"Roraima",51,344312.196990788,6,2002,"Roraima",39.883,25.27,0
18,"2002-07",17.349,26.19,62,344312.196990788,"Roraima",62,344312.196990788,7,2002,"Roraima",17.349,26.19,0
19,"2002-08",2.404,26.79,41,344312.196990788,"Roraima",41,344312.196990788,8,2002,"Roraima",2.404,26.79,0
20,"2002-09",2.607,27.29,39,344312.196990788,"Roraima",39,344312.196990788,9,2002,"Roraima",2.607,27.29,0
21,"2002-10",3.513,28.11,107,344312.196990788,"Roraima",107,344312.196990788,10,2002,"Roraima",3.513,28.11,0
22,"2002-11",6.862,28.16,85,344312.196990788,"Roraima",85,344312.196990788,11,2002,"Roraima",6.862,28.16,0
23,"2002-12",30.997,28.1,80,344312.196990788,"Roraima",80,344312.196990788,12,2002,"Roraima",30.997,28.1,0
24,"2003-01",117.913,26.92,129,348291.607463833,"Roraima",129,348291.607463833,1,2003,"Roraima",117.913,26.92,0
25,"2003-02",176.196,25.42,111,348291.607463833,"Roraima",111,348291.607463833,2,2003,"Roraima",176.196,25.42,0
26,"2003-03",226.737,25,40,348291.607463833,"Roraima",40,348291.607463833,3,2003,"Roraima",226.737,25,0
27,"2003-04",139.556,25.28,16,348291.607463833,"Roraima",16,348291.607463833,4,2003,"Roraima",139.556,25.28,0
28,"2003-05",59.195,25.7,55,348291.607463833,"Roraima",55,348291.607463833,5,2003,"Roraima",59.195,25.7,0
29,"2003-06",40.175,25.6,126,348291.607463833,"Roraima",126,348291.607463833,6,2003,"Roraima",40.175,25.6,0
30,"2003-07",4.475,26.36,749,348291.607463833,"Roraima",749,348291.607463833,7,2003,"Roraima",4.475,26.36,0
31,"2003-08",3.172,27.13,1596,348291.607463833,"Roraima",1596,348291.607463833,8,2003,"Roraima",3.172,27.13,0
32,"2003-09",1.688,27.88,1347,348291.607463833,"Roraima",1347,348291.607463833,9,2003,"Roraima",1.688,27.88,0
33,"2003-10",2.43,28.4,520,348291.607463833,"Roraima",520,348291.607463833,10,2003,"Roraima",2.43,28.4,0
34,"2003-11",12.282,28.45,213,348291.607463833,"Roraima",213,348291.607463833,11,2003,"Roraima",12.282,28.45,0
35,"2003-12",33.503,27.9,116,348291.607463833,"Roraima",116,348291.607463833,12,2003,"Roraima",33.503,27.9,0
36,"2004-01",434.238,25.9,63,352270.921316501,"Roraima",63,352270.921316501,1,2004,"Roraima",434.238,25.9,0
37,"2004-02",232.555,24.81,44,352270.921316501,"Roraima",44,352270.921316501,2,2004,"Roraima",232.555,24.81,0
38,"2004-03",133.935,25.29,35,352270.921316501,"Roraima",35,352270.921316501,3,2004,"Roraima",133.935,25.29,0
39,"2004-04",79.876,26,15,352270.921316501,"Roraima",15,352270.921316501,4,2004,"Roraima",79.876,26,0
40,"2004-05",51.538,25.73,26,352270.921316501,"Roraima",26,352270.921316501,5,2004,"Roraima",51.538,25.73,0
41,"2004-06",49.186,24.86,15,352270.921316501,"Roraima",15,352270.921316501,6,2004,"Roraima",49.186,24.86,0
42,"2004-07",25.748,25.13,24,352270.921316501,"Roraima",24,352270.921316501,7,2004,"Roraima",25.748,25.13,0
43,"2004-08",6.463,26.58,42,352270.921316501,"Roraima",42,352270.921316501,8,2004,"Roraima",6.463,26.58,0
44,"2004-09",1.387,27.61,70,352270.921316501,"Roraima",70,352270.921316501,9,2004,"Roraima",1.387,27.61,0
45,"2004-10",2.546,28,67,352270.921316501,"Roraima",67,352270.921316501,10,2004,"Roraima",2.546,28,0
46,"2004-11",5.95,28.13,95,352270.921316501,"Roraima",95,352270.921316501,11,2004,"Roraima",5.95,28.13,0
47,"2004-12",17.429,28.12,85,352270.921316501,"Roraima",85,352270.921316501,12,2004,"Roraima",17.429,28.12,0
48,"2005-01",61.055,27.51,90,356250.164502926,"Roraima",90,356250.164502926,1,2005,"Roraima",61.055,27.51,0
49,"2005-02",71.212,27.35,147,356250.164502926,"Roraima",147,356250.164502926,2,2005,"Roraima",71.212,27.35,0
50,"2005-03",170.096,26.76,211,356250.164502926,"Roraima",211,356250.164502926,3,2005,"Roraima",170.096,26.76,0
51,"2005-04",64.462,26.53,196,356250.164502926,"Roraima",196,356250.164502926,4,2005,"Roraima",64.462,26.53,0
52,"2005-05",78.218,25.86,328,356250.164502926,"Roraima",328,356250.164502926,5,2005,"Roraima",78.218,25.86,0
53,"2005-06",41.232,25.79,830,356250.164502926,"Roraima",830,356250.164502926,6,2005,"Roraima",41.232,25.79,0
54,"2005-07",8.688,26.11,364,356250.164502926,"Roraima",364,356250.164502926,7,2005,"Roraima",8.688,26.11,0
55,"2005-08",2.082,26.85,103,356250.164502926,"Roraima",103,356250.164502926,8,2005,"Roraima",2.082,26.85,0
56,"2005-09",0.55,27.58,26,356250.164502926,"Roraima",26,356250.164502926,9,2005,"Roraima",0.55,27.58,0
57,"2005-10",0.859,28.29,19,356250.164502926,"Roraima",19,356250.164502926,10,2005,"Roraima",0.859,28.29,0
58,"2005-11",3.858,28.62,44,356250.164502926,"Roraima",44,356250.164502926,11,2005,"Roraima",3.858,28.62,0
59,"2005-12",28.661,28.09,23,356250.164502926,"Roraima",23,356250.164502926,12,2005,"Roraima",28.661,28.09,0
60,"2006-01",23.166,28.44,27,360154.758331796,"Roraima",27,360154.758331796,1,2006,"Roraima",23.166,28.44,0
61,"2006-02",118.671,26.5,8,360154.758331796,"Roraima",8,360154.758331796,2,2006,"Roraima",118.671,26.5,0
62,"2006-03",193.215,25.3,3,360154.758331796,"Roraima",3,360154.758331796,3,2006,"Roraima",193.215,25.3,0
63,"2006-04",219.026,24.83,15,360154.758331796,"Roraima",15,360154.758331796,4,2006,"Roraima",219.026,24.83,0
64,"2006-05",94.711,25.03,77,360154.758331796,"Roraima",77,360154.758331796,5,2006,"Roraima",94.711,25.03,0
65,"2006-06",36.031,25.2,86,360154.758331796,"Roraima",86,360154.758331796,6,2006,"Roraima",36.031,25.2,0
66,"2006-07",13.648,25.75,118,360154.758331796,"Roraima",118,360154.758331796,7,2006,"Roraima",13.648,25.75,0
67,"2006-08",3.774,26.64,132,360154.758331796,"Roraima",132,360154.758331796,8,2006,"Roraima",3.774,26.64,0
68,"2006-09",2.942,27.5,107,360154.758331796,"Roraima",107,360154.758331796,9,2006,"Roraima",2.942,27.5,0
69,"2006-10",5.192,28.12,125,360154.758331796,"Roraima",125,360154.758331796,10,2006,"Roraima",5.192,28.12,0
70,"2006-11",6.422,28.05,141,360154.758331796,"Roraima",141,360154.758331796,11,2006,"Roraima",6.422,28.05,0
71,"2006-12",32.594,27.97,134,360154.758331796,"Roraima",134,360154.758331796,12,2006,"Roraima",32.594,27.97,0
72,"2007-01",21.441,28.13,144,363911.972883791,"Roraima",144,363911.972883791,1,2007,"Roraima",21.441,28.13,0
73,"2007-02",232.662,25.47,52,363911.972883791,"Roraima",52,363911.972883791,2,2007,"Roraima",232.662,25.47,0
74,"2007-03",110.806,25.5,37,363911.972883791,"Roraima",37,363911.972883791,3,2007,"Roraima",110.806,25.5,0
75,"2007-04",175.505,25.74,58,363911.972883791,"Roraima",58,363911.972883791,4,2007,"Roraima",175.505,25.74,0
76,"2007-05",44.274,25.67,73,363911.972883791,"Roraima",73,363911.972883791,5,2007,"Roraima",44.274,25.67,0
77,"2007-06",27.239,25.58,71,363911.972883791,"Roraima",71,363911.972883791,6,2007,"Roraima",27.239,25.58,0
78,"2007-07",4.775,26.42,143,363911.972883791,"Roraima",143,363911.972883791,7,2007,"Roraima",4.775,26.42,0
79,"2007-08",1.755,26.4,82,363911.972883791,"Roraima",82,363911.972883791,8,2007,"Roraima",1.755,26.4,0
80,"2007-09",0.86,27.29,71,363911.972883791,"Roraima",71,363911.972883791,9,2007,"Roraima",0.86,27.29,0
81,"2007-10",1.226,28.06,57,363911.972883791,"Roraima",57,363911.972883791,10,2007,"Roraima",1.226,28.06,0
82,"2007-11",5.231,28.27,80,363911.972883791,"Roraima",80,363911.972883791,11,2007,"Roraima",5.231,28.27,0
83,"2007-12",25.45,27.82,78,363911.972883791,"Roraima",78,363911.972883791,12,2007,"Roraima",25.45,27.82,0
84,"2008-01",119.581,26.33,97,367548.604391071,"Roraima",97,367548.604391071,1,2008,"Roraima",119.581,26.33,0
85,"2008-02",81.014,26.25,168,367548.604391071,"Roraima",168,367548.604391071,2,2008,"Roraima",81.014,26.25,0
86,"2008-03",343.771,24.49,284,367548.604391071,"Roraima",284,367548.604391071,3,2008,"Roraima",343.771,24.49,0
87,"2008-04",220.612,24.51,496,367548.604391071,"Roraima",496,367548.604391071,4,2008,"Roraima",220.612,24.51,0
88,"2008-05",109.984,24.66,591,367548.604391071,"Roraima",591,367548.604391071,5,2008,"Roraima",109.984,24.66,0
89,"2008-06",30.634,24.79,416,367548.604391071,"Roraima",416,367548.604391071,6,2008,"Roraima",30.634,24.79,0
90,"2008-07",16.233,25.18,448,367548.604391071,"Roraima",448,367548.604391071,7,2008,"Roraima",16.233,25.18,0
91,"2008-08",9.133,26.21,492,367548.604391071,"Roraima",492,367548.604391071,8,2008,"Roraima",9.133,26.21,0
92,"2008-09",2.015,27.61,390,367548.604391071,"Roraima",390,367548.604391071,9,2008,"Roraima",2.015,27.61,0
93,"2008-10",2.002,28.26,248,367548.604391071,"Roraima",248,367548.604391071,10,2008,"Roraima",2.002,28.26,0
94,"2008-11",3.736,28.23,282,367548.604391071,"Roraima",282,367548.604391071,11,2008,"Roraima",3.736,28.23,0
95,"2008-12",13.516,28.15,292,367548.604391071,"Roraima",292,367548.604391071,12,2008,"Roraima",13.516,28.15,0
96,"2009-01",109.332,26.81,640,371102.933185292,"Roraima",640,371102.933185292,1,2009,"Roraima",109.332,26.81,0
97,"2009-02",161.328,25.24,676,371102.933185292,"Roraima",676,371102.933185292,2,2009,"Roraima",161.328,25.24,0
98,"2009-03",224.695,24.85,541,371102.933185292,"Roraima",541,371102.933185292,3,2009,"Roraima",224.695,24.85,0
99,"2009-04",390.14,24.42,244,371102.933185292,"Roraima",244,371102.933185292,4,2009,"Roraima",390.14,24.42,0
100,"2009-05",280.98,24.2,162,371102.933185292,"Roraima",162,371102.933185292,5,2009,"Roraima",280.98,24.2,0
101,"2009-06",62.31,24.45,92,371102.933185292,"Roraima",92,371102.933185292,6,2009,"Roraima",62.31,24.45,0
102,"2009-07",25.119,24.95,148,371102.933185292,"Roraima",148,371102.933185292,7,2009,"Roraima",25.119,24.95,0
103,"2009-08",28.316,25.74,157,371102.933185292,"Roraima",157,371102.933185292,8,2009,"Roraima",28.316,25.74,0
104,"2009-09",2.756,26.91,123,371102.933185292,"Roraima",123,371102.933185292,9,2009,"Roraima",2.756,26.91,0
105,"2009-10",4.797,27.28,75,371102.933185292,"Roraima",75,371102.933185292,10,2009,"Roraima",4.797,27.28,0
106,"2009-11",5.845,27.73,85,371102.933185292,"Roraima",85,371102.933185292,11,2009,"Roraima",5.845,27.73,0
107,"2009-12",27.423,27.66,123,371102.933185292,"Roraima",123,371102.933185292,12,2009,"Roraima",27.423,27.66,0
108,"2010-01",97.259,26.5,139,374599.841482029,"Roraima",139,374599.841482029,1,2010,"Roraima",97.259,26.5,0
109,"2010-02",50.181,27.71,409,374599.841482029,"Roraima",409,374599.841482029,2,2010,"Roraima",50.181,27.71,0
110,"2010-03",76.215,27.81,625,374599.841482029,"Roraima",625,374599.841482029,3,2010,"Roraima",76.215,27.81,0
111,"2010-04",147.025,26.36,905,374599.841482029,"Roraima",905,374599.841482029,4,2010,"Roraima",147.025,26.36,0
112,"2010-05",40.011,27.39,1266,374599.841482029,"Roraima",1266,374599.841482029,5,2010,"Roraima",40.011,27.39,0
113,"2010-06",41.464,26.13,1880,374599.841482029,"Roraima",1880,374599.841482029,6,2010,"Roraima",41.464,26.13,0
114,"2010-07",8.639,26.62,870,374599.841482029,"Roraima",870,374599.841482029,7,2010,"Roraima",8.639,26.62,0
115,"2010-08",0.872,26.73,666,374599.841482029,"Roraima",666,374599.841482029,8,2010,"Roraima",0.872,26.73,0
116,"2010-09",0.561,27.54,314,374599.841482029,"Roraima",314,374599.841482029,9,2010,"Roraima",0.561,27.54,0
117,"2010-10",62.826,27.64,102,374599.841482029,"Roraima",102,374599.841482029,10,2010,"Roraima",62.826,27.64,0
118,"2010-11",5.086,28,85,374599.841482029,"Roraima",85,374599.841482029,11,2010,"Roraima",5.086,28,0
119,"2010-12",85.481,26.42,127,374599.841482029,"Roraima",127,374599.841482029,12,2010,"Roraima",85.481,26.42,0
120,"2011-01",251.513,25.21,157,378046.985347615,"Roraima",157,378046.985347615,1,2011,"Roraima",251.513,25.21,0
121,"2011-02",195.157,24.94,130,378046.985347615,"Roraima",130,378046.985347615,2,2011,"Roraima",195.157,24.94,0
122,"2011-03",156.796,24.84,186,378046.985347615,"Roraima",186,378046.985347615,3,2011,"Roraima",156.796,24.84,0
123,"2011-04",213.006,24.79,127,378046.985347615,"Roraima",127,378046.985347615,4,2011,"Roraima",213.006,24.79,0
124,"2011-05",149.433,24.77,105,378046.985347615,"Roraima",105,378046.985347615,5,2011,"Roraima",149.433,24.77,0
125,"2011-06",32.846,25.14,133,378046.985347615,"Roraima",133,378046.985347615,6,2011,"Roraima",32.846,25.14,0
126,"2011-07",35.853,24.8,147,378046.985347615,"Roraima",147,378046.985347615,7,2011,"Roraima",35.853,24.8,0
127,"2011-08",17.163,25.95,122,378046.985347615,"Roraima",122,378046.985347615,8,2011,"Roraima",17.163,25.95,0
128,"2011-09",0.587,26.95,69,378046.985347615,"Roraima",69,378046.985347615,9,2011,"Roraima",0.587,26.95,0
129,"2011-10",59.067,26.91,76,378046.985347615,"Roraima",76,378046.985347615,10,2011,"Roraima",59.067,26.91,0
130,"2011-11",13.696,27.25,51,378046.985347615,"Roraima",51,378046.985347615,11,2011,"Roraima",13.696,27.25,0
131,"2011-12",10.251,27.53,26,378046.985347615,"Roraima",26,378046.985347615,12,2011,"Roraima",10.251,27.53,0
132,"2012-01",64.201,26.88,146,381438.622732299,"Roraima",146,381438.622732299,1,2012,"Roraima",64.201,26.88,0
133,"2012-02",116.028,25.89,100,381438.622732299,"Roraima",100,381438.622732299,2,2012,"Roraima",116.028,25.89,0
134,"2012-03",78.56,26.03,262,381438.622732299,"Roraima",262,381438.622732299,3,2012,"Roraima",78.56,26.03,0
135,"2012-04",46.668,26.86,177,381438.622732299,"Roraima",177,381438.622732299,4,2012,"Roraima",46.668,26.86,0
136,"2012-05",30.733,27.15,269,381438.622732299,"Roraima",269,381438.622732299,5,2012,"Roraima",30.733,27.15,0
137,"2012-06",16.931,26.68,203,381438.622732299,"Roraima",203,381438.622732299,6,2012,"Roraima",16.931,26.68,0
138,"2012-07",6.862,26.57,163,381438.622732299,"Roraima",163,381438.622732299,7,2012,"Roraima",6.862,26.57,0
139,"2012-08",0.406,26.81,254,381438.622732299,"Roraima",254,381438.622732299,8,2012,"Roraima",0.406,26.81,0
140,"2012-09",0.535,27.41,112,381438.622732299,"Roraima",112,381438.622732299,9,2012,"Roraima",0.535,27.41,0
141,"2012-10",2.275,27.88,62,381438.622732299,"Roraima",62,381438.622732299,10,2012,"Roraima",2.275,27.88,0
142,"2012-11",3.372,28.08,67,381438.622732299,"Roraima",67,381438.622732299,11,2012,"Roraima",3.372,28.08,0
143,"2012-12",8.288,28.27,51,381438.622732299,"Roraima",51,381438.622732299,12,2012,"Roraima",8.288,28.27,0
144,"2013-01",43.228,27.81,51,384786.23773558,"Roraima",51,384786.23773558,1,2013,"Roraima",43.228,27.81,0
145,"2013-02",65.332,27.83,56,384786.23773558,"Roraima",56,384786.23773558,2,2013,"Roraima",65.332,27.83,0
146,"2013-03",70.897,27.74,62,384786.23773558,"Roraima",62,384786.23773558,3,2013,"Roraima",70.897,27.74,0
147,"2013-04",131.058,26.42,63,384786.23773558,"Roraima",63,384786.23773558,4,2013,"Roraima",131.058,26.42,0
148,"2013-05",80.683,25.84,131,384786.23773558,"Roraima",131,384786.23773558,5,2013,"Roraima",80.683,25.84,0
149,"2013-06",54.544,25.76,117,384786.23773558,"Roraima",117,384786.23773558,6,2013,"Roraima",54.544,25.76,0
150,"2013-07",24.142,26.02,108,384786.23773558,"Roraima",108,384786.23773558,7,2013,"Roraima",24.142,26.02,0
151,"2013-08",3.503,27.27,79,384786.23773558,"Roraima",79,384786.23773558,8,2013,"Roraima",3.503,27.27,0
152,"2013-09",2.331,27.74,122,384786.23773558,"Roraima",122,384786.23773558,9,2013,"Roraima",2.331,27.74,0
153,"2013-10",5.751,27.93,84,384786.23773558,"Roraima",84,384786.23773558,10,2013,"Roraima",5.751,27.93,0
154,"2013-11",23.144,27.48,71,384786.23773558,"Roraima",71,384786.23773558,11,2013,"Roraima",23.144,27.48,0
155,"2013-12",29.25,27.38,47,384786.23773558,"Roraima",47,384786.23773558,12,2013,"Roraima",29.25,27.38,0
156,"2014-01",64.533,26.99,89,388093.658390622,"Roraima",89,388093.658390622,1,2014,"Roraima",64.533,26.99,0
157,"2014-02",99.814,26.15,59,388093.658390622,"Roraima",59,388093.658390622,2,2014,"Roraima",99.814,26.15,0
158,"2014-03",143.82,25.7,65,388093.658390622,"Roraima",65,388093.658390622,3,2014,"Roraima",143.82,25.7,0
159,"2014-04",133.708,25.42,73,388093.658390622,"Roraima",73,388093.658390622,4,2014,"Roraima",133.708,25.42,0
160,"2014-05",88.998,25.45,97,388093.658390622,"Roraima",97,388093.658390622,5,2014,"Roraima",88.998,25.45,0
161,"2014-06",17.842,26.07,133,388093.658390622,"Roraima",133,388093.658390622,6,2014,"Roraima",17.842,26.07,0
162,"2014-07",11.688,26.37,133,388093.658390622,"Roraima",133,388093.658390622,7,2014,"Roraima",11.688,26.37,0
163,"2014-08",1.694,26.74,146,388093.658390622,"Roraima",146,388093.658390622,8,2014,"Roraima",1.694,26.74,0
164,"2014-09",5.17,27.31,130,388093.658390622,"Roraima",130,388093.658390622,9,2014,"Roraima",5.17,27.31,0
165,"2014-10",6.246,27.94,96,388093.658390622,"Roraima",96,388093.658390622,10,2014,"Roraima",6.246,27.94,0
166,"2014-11",15.237,27.64,66,388093.658390622,"Roraima",66,388093.658390622,11,2014,"Roraima",15.237,27.64,0
167,"2014-12",14.565,27.9,99,388093.658390622,"Roraima",99,388093.658390622,12,2014,"Roraima",14.565,27.9,0
168,"2015-01",32.387,27.58,103,391362.798714009,"Roraima",103,391362.798714009,1,2015,"Roraima",32.387,27.58,0
169,"2015-02",109.345,26.65,94,391362.798714009,"Roraima",94,391362.798714009,2,2015,"Roraima",109.345,26.65,0
170,"2015-03",207.797,25.44,111,391362.798714009,"Roraima",111,391362.798714009,3,2015,"Roraima",207.797,25.44,0
171,"2015-04",111.4,25.25,113,391362.798714009,"Roraima",113,391362.798714009,4,2015,"Roraima",111.4,25.25,0
172,"2015-05",33.572,26.74,114,391362.798714009,"Roraima",114,391362.798714009,5,2015,"Roraima",33.572,26.74,0
173,"2015-06",32.132,26.3,145,391362.798714009,"Roraima",145,391362.798714009,6,2015,"Roraima",32.132,26.3,0
174,"2015-07",41.072,25.79,147,391362.798714009,"Roraima",147,391362.798714009,7,2015,"Roraima",41.072,25.79,0
175,"2015-08",1.307,26.83,186,391362.798714009,"Roraima",186,391362.798714009,8,2015,"Roraima",1.307,26.83,0
176,"2015-09",3.189,27.5,157,391362.798714009,"Roraima",157,391362.798714009,9,2015,"Roraima",3.189,27.5,0
177,"2015-10",1.983,28.14,42,391362.798714009,"Roraima",42,391362.798714009,10,2015,"Roraima",1.983,28.14,0
178,"2015-11",3.244,28.25,16,391362.798714009,"Roraima",16,391362.798714009,11,2015,"Roraima",3.244,28.25,0
179,"2015-12",29.902,28.16,34,391362.798714009,"Roraima",34,391362.798714009,12,2015,"Roraima",29.902,28.16,0
180,"2016-01",215.97,25.87,12,394599.400755488,"Roraima",12,394599.400755488,1,2016,"Roraima",215.97,25.87,0
181,"2016-02",90.126,26.3,40,394599.400755488,"Roraima",40,394599.400755488,2,2016,"Roraima",90.126,26.3,0
182,"2016-03",123.773,27.16,93,394599.400755488,"Roraima",93,394599.400755488,3,2016,"Roraima",123.773,27.16,0
183,"2016-04",110.677,26.26,28,394599.400755488,"Roraima",28,394599.400755488,4,2016,"Roraima",110.677,26.26,0
184,"2016-05",56.37,26.76,16,394599.400755488,"Roraima",16,394599.400755488,5,2016,"Roraima",56.37,26.76,0
185,"2016-06",14.63,26.59,10,394599.400755488,"Roraima",10,394599.400755488,6,2016,"Roraima",14.63,26.59,0
186,"2016-07",3.715,26.77,17,394599.400755488,"Roraima",17,394599.400755488,7,2016,"Roraima",3.715,26.77,0
187,"2016-08",1.128,27.19,35,394599.400755488,"Roraima",35,394599.400755488,8,2016,"Roraima",1.128,27.19,0
188,"2016-09",2.16,27.9,25,394599.400755488,"Roraima",25,394599.400755488,9,2016,"Roraima",2.16,27.9,0
189,"2016-10",3.302,28.51,20,394599.400755488,"Roraima",20,394599.400755488,10,2016,"Roraima",3.302,28.51,0
190,"2016-11",3.949,28.75,258,394599.400755488,"Roraima",258,394599.400755488,11,2016,"Roraima",3.949,28.75,0
191,"2016-12",34.555,27.93,227,394599.400755488,"Roraima",227,394599.400755488,12,2016,"Roraima",34.555,27.93,0
0,"2001-01",131.244,22.14,NA,4786349.85253906,"SantaCatarina",NA,4786349.85253906,1,2001,"SantaCatarina",131.244,22.14,0
1,"2001-02",104.395,23.09,NA,4786349.85253906,"SantaCatarina",NA,4786349.85253906,2,2001,"SantaCatarina",104.395,23.09,0
2,"2001-03",204.394,21.7,1025,4786349.85253906,"SantaCatarina",1025,4786349.85253906,3,2001,"SantaCatarina",204.394,21.7,0
3,"2001-04",28.811,22.05,1301,4786349.85253906,"SantaCatarina",1301,4786349.85253906,4,2001,"SantaCatarina",28.811,22.05,0
4,"2001-05",17.228,21.7,474,4786349.85253906,"SantaCatarina",474,4786349.85253906,5,2001,"SantaCatarina",17.228,21.7,0
5,"2001-06",0.485,20.42,142,4786349.85253906,"SantaCatarina",142,4786349.85253906,6,2001,"SantaCatarina",0.485,20.42,0
6,"2001-07",0.833,20.66,42,4786349.85253906,"SantaCatarina",42,4786349.85253906,7,2001,"SantaCatarina",0.833,20.66,0
7,"2001-08",6.994,20.74,7,4786349.85253906,"SantaCatarina",7,4786349.85253906,8,2001,"SantaCatarina",6.994,20.74,0
8,"2001-09",39.275,23.07,11,4786349.85253906,"SantaCatarina",11,4786349.85253906,9,2001,"SantaCatarina",39.275,23.07,0
9,"2001-10",149.216,22.23,23,4786349.85253906,"SantaCatarina",23,4786349.85253906,10,2001,"SantaCatarina",149.216,22.23,0
10,"2001-11",285.97,21.9,16,4786349.85253906,"SantaCatarina",16,4786349.85253906,11,2001,"SantaCatarina",285.97,21.9,0
11,"2001-12",203.577,22,15,4786349.85253906,"SantaCatarina",15,4786349.85253906,12,2001,"SantaCatarina",203.577,22,0
12,"2002-01",280.332,21.85,179,4840209.54101563,"SantaCatarina",179,4840209.54101563,1,2002,"SantaCatarina",280.332,21.85,0
13,"2002-02",245.794,21.88,828,4840209.54101563,"SantaCatarina",828,4840209.54101563,2,2002,"SantaCatarina",245.794,21.88,0
14,"2002-03",173.425,22.39,2782,4840209.54101563,"SantaCatarina",2782,4840209.54101563,3,2002,"SantaCatarina",173.425,22.39,0
15,"2002-04",21.087,22.26,3166,4840209.54101563,"SantaCatarina",3166,4840209.54101563,4,2002,"SantaCatarina",21.087,22.26,0
16,"2002-05",10.113,21.72,2195,4840209.54101563,"SantaCatarina",2195,4840209.54101563,5,2002,"SantaCatarina",10.113,21.72,0
17,"2002-06",0.183,20.16,859,4840209.54101563,"SantaCatarina",859,4840209.54101563,6,2002,"SantaCatarina",0.183,20.16,0
18,"2002-07",2.02,21.24,154,4840209.54101563,"SantaCatarina",154,4840209.54101563,7,2002,"SantaCatarina",2.02,21.24,0
19,"2002-08",0.585,22.32,37,4840209.54101563,"SantaCatarina",37,4840209.54101563,8,2002,"SantaCatarina",0.585,22.32,0
20,"2002-09",43.56,23.07,24,4840209.54101563,"SantaCatarina",24,4840209.54101563,9,2002,"SantaCatarina",43.56,23.07,0
21,"2002-10",30.19,26.22,11,4840209.54101563,"SantaCatarina",11,4840209.54101563,10,2002,"SantaCatarina",30.19,26.22,0
22,"2002-11",170.772,23.09,10,4840209.54101563,"SantaCatarina",10,4840209.54101563,11,2002,"SantaCatarina",170.772,23.09,0
23,"2002-12",282.934,22.95,19,4840209.54101563,"SantaCatarina",19,4840209.54101563,12,2002,"SantaCatarina",282.934,22.95,0
24,"2003-01",227.549,22.3,81,4894032.69775391,"SantaCatarina",81,4894032.69775391,1,2003,"SantaCatarina",227.549,22.3,0
25,"2003-02",101.506,22.6,198,4894032.69775391,"SantaCatarina",198,4894032.69775391,2,2003,"SantaCatarina",101.506,22.6,0
26,"2003-03",226.085,21.86,272,4894032.69775391,"SantaCatarina",272,4894032.69775391,3,2003,"SantaCatarina",226.085,21.86,0
27,"2003-04",64.721,21.85,255,4894032.69775391,"SantaCatarina",255,4894032.69775391,4,2003,"SantaCatarina",64.721,21.85,0
28,"2003-05",31.444,20.58,213,4894032.69775391,"SantaCatarina",213,4894032.69775391,5,2003,"SantaCatarina",31.444,20.58,0
29,"2003-06",0.264,19.83,88,4894032.69775391,"SantaCatarina",88,4894032.69775391,6,2003,"SantaCatarina",0.264,19.83,0
30,"2003-07",0.08,19.19,50,4894032.69775391,"SantaCatarina",50,4894032.69775391,7,2003,"SantaCatarina",0.08,19.19,0
31,"2003-08",26.716,21.64,18,4894032.69775391,"SantaCatarina",18,4894032.69775391,8,2003,"SantaCatarina",26.716,21.64,0
32,"2003-09",21.69,23.35,2,4894032.69775391,"SantaCatarina",2,4894032.69775391,9,2003,"SantaCatarina",21.69,23.35,0
33,"2003-10",52.368,23.41,4,4894032.69775391,"SantaCatarina",4,4894032.69775391,10,2003,"SantaCatarina",52.368,23.41,0
34,"2003-11",149.267,22.66,3,4894032.69775391,"SantaCatarina",3,4894032.69775391,11,2003,"SantaCatarina",149.267,22.66,0
35,"2003-12",145.656,23.63,5,4894032.69775391,"SantaCatarina",5,4894032.69775391,12,2003,"SantaCatarina",145.656,23.63,0
36,"2004-01",442.167,21.47,28,4947819.55712891,"SantaCatarina",28,4947819.55712891,1,2004,"SantaCatarina",442.167,21.47,0
37,"2004-02",334.208,21.08,10,4947819.55712891,"SantaCatarina",10,4947819.55712891,2,2004,"SantaCatarina",334.208,21.08,0
38,"2004-03",212.217,21.42,36,4947819.55712891,"SantaCatarina",36,4947819.55712891,3,2004,"SantaCatarina",212.217,21.42,0
39,"2004-04",138.243,21.2,36,4947819.55712891,"SantaCatarina",36,4947819.55712891,4,2004,"SantaCatarina",138.243,21.2,0
40,"2004-05",5.384,21.34,21,4947819.55712891,"SantaCatarina",21,4947819.55712891,5,2004,"SantaCatarina",5.384,21.34,0
41,"2004-06",0.628,19.52,9,4947819.55712891,"SantaCatarina",9,4947819.55712891,6,2004,"SantaCatarina",0.628,19.52,0
42,"2004-07",2.096,19.07,5,4947819.55712891,"SantaCatarina",5,4947819.55712891,7,2004,"SantaCatarina",2.096,19.07,0
43,"2004-08",0.209,21.37,2,4947819.55712891,"SantaCatarina",2,4947819.55712891,8,2004,"SantaCatarina",0.209,21.37,0
44,"2004-09",0.102,24.44,1,4947819.55712891,"SantaCatarina",1,4947819.55712891,9,2004,"SantaCatarina",0.102,24.44,0
45,"2004-10",91.001,24.55,5,4947819.55712891,"SantaCatarina",5,4947819.55712891,10,2004,"SantaCatarina",91.001,24.55,0
46,"2004-11",91.092,23.19,1,4947819.55712891,"SantaCatarina",1,4947819.55712891,11,2004,"SantaCatarina",91.092,23.19,0
47,"2004-12",194.856,22.39,7,4947819.55712891,"SantaCatarina",7,4947819.55712891,12,2004,"SantaCatarina",194.856,22.39,0
48,"2005-01",244.08,22.23,9,5001570.15087891,"SantaCatarina",9,5001570.15087891,1,2005,"SantaCatarina",244.08,22.23,0
49,"2005-02",152.432,22.51,21,5001570.15087891,"SantaCatarina",21,5001570.15087891,2,2005,"SantaCatarina",152.432,22.51,0
50,"2005-03",257.548,21.93,28,5001570.15087891,"SantaCatarina",28,5001570.15087891,3,2005,"SantaCatarina",257.548,21.93,0
51,"2005-04",41.229,22.29,49,5001570.15087891,"SantaCatarina",49,5001570.15087891,4,2005,"SantaCatarina",41.229,22.29,0
52,"2005-05",11.925,20.65,64,5001570.15087891,"SantaCatarina",64,5001570.15087891,5,2005,"SantaCatarina",11.925,20.65,0
53,"2005-06",1.349,19.96,93,5001570.15087891,"SantaCatarina",93,5001570.15087891,6,2005,"SantaCatarina",1.349,19.96,0
54,"2005-07",1.027,19.41,63,5001570.15087891,"SantaCatarina",63,5001570.15087891,7,2005,"SantaCatarina",1.027,19.41,0
55,"2005-08",1.759,21.86,27,5001570.15087891,"SantaCatarina",27,5001570.15087891,8,2005,"SantaCatarina",1.759,21.86,0
56,"2005-09",30.37,24.41,15,5001570.15087891,"SantaCatarina",15,5001570.15087891,9,2005,"SantaCatarina",30.37,24.41,0
57,"2005-10",38.29,25.98,16,5001570.15087891,"SantaCatarina",16,5001570.15087891,10,2005,"SantaCatarina",38.29,25.98,0
58,"2005-11",338.171,21.94,13,5001570.15087891,"SantaCatarina",13,5001570.15087891,11,2005,"SantaCatarina",338.171,21.94,0
59,"2005-12",345.458,21.11,8,5001570.15087891,"SantaCatarina",8,5001570.15087891,12,2005,"SantaCatarina",345.458,21.11,0
60,"2006-01",138.822,22.58,23,5056388.65172936,"SantaCatarina",23,5056388.65172936,1,2006,"SantaCatarina",138.822,22.58,0
61,"2006-02",184.483,22.65,95,5056388.65172936,"SantaCatarina",95,5056388.65172936,2,2006,"SantaCatarina",184.483,22.65,0
62,"2006-03",302.161,21.65,1242,5056388.65172936,"SantaCatarina",1242,5056388.65172936,3,2006,"SantaCatarina",302.161,21.65,0
63,"2006-04",126.04,21.06,1888,5056388.65172936,"SantaCatarina",1888,5056388.65172936,4,2006,"SantaCatarina",126.04,21.06,0
64,"2006-05",8.798,20.5,795,5056388.65172936,"SantaCatarina",795,5056388.65172936,5,2006,"SantaCatarina",8.798,20.5,0
65,"2006-06",0.777,19.24,74,5056388.65172936,"SantaCatarina",74,5056388.65172936,6,2006,"SantaCatarina",0.777,19.24,0
66,"2006-07",2.518,19.61,29,5056388.65172936,"SantaCatarina",29,5056388.65172936,7,2006,"SantaCatarina",2.518,19.61,0
67,"2006-08",7.469,22.28,17,5056388.65172936,"SantaCatarina",17,5056388.65172936,8,2006,"SantaCatarina",7.469,22.28,0
68,"2006-09",60.451,22.92,10,5056388.65172936,"SantaCatarina",10,5056388.65172936,9,2006,"SantaCatarina",60.451,22.92,0
69,"2006-10",283.142,21.37,30,5056388.65172936,"SantaCatarina",30,5056388.65172936,10,2006,"SantaCatarina",283.142,21.37,0
70,"2006-11",256.449,21.58,20,5056388.65172936,"SantaCatarina",20,5056388.65172936,11,2006,"SantaCatarina",256.449,21.58,0
71,"2006-12",272.292,22.23,24,5056388.65172936,"SantaCatarina",24,5056388.65172936,12,2006,"SantaCatarina",272.292,22.23,0
72,"2007-01",200.075,22.61,150,5109138.02289086,"SantaCatarina",150,5109138.02289086,1,2007,"SantaCatarina",200.075,22.61,0
73,"2007-02",238.797,21.34,307,5109138.02289086,"SantaCatarina",307,5109138.02289086,2,2007,"SantaCatarina",238.797,21.34,0
74,"2007-03",38.803,22.61,663,5109138.02289086,"SantaCatarina",663,5109138.02289086,3,2007,"SantaCatarina",38.803,22.61,0
75,"2007-04",44.714,22.37,634,5109138.02289086,"SantaCatarina",634,5109138.02289086,4,2007,"SantaCatarina",44.714,22.37,0
76,"2007-05",4.027,21.61,318,5109138.02289086,"SantaCatarina",318,5109138.02289086,5,2007,"SantaCatarina",4.027,21.61,0
77,"2007-06",1.115,20.26,86,5109138.02289086,"SantaCatarina",86,5109138.02289086,6,2007,"SantaCatarina",1.115,20.26,0
78,"2007-07",1.257,21.01,40,5109138.02289086,"SantaCatarina",40,5109138.02289086,7,2007,"SantaCatarina",1.257,21.01,0
79,"2007-08",0.025,20.82,28,5109138.02289086,"SantaCatarina",28,5109138.02289086,8,2007,"SantaCatarina",0.025,20.82,0
80,"2007-09",0.038,24.09,25,5109138.02289086,"SantaCatarina",25,5109138.02289086,9,2007,"SantaCatarina",0.038,24.09,0
81,"2007-10",25.252,25.5,34,5109138.02289086,"SantaCatarina",34,5109138.02289086,10,2007,"SantaCatarina",25.252,25.5,0
82,"2007-11",139.384,23.78,27,5109138.02289086,"SantaCatarina",27,5109138.02289086,11,2007,"SantaCatarina",139.384,23.78,0
83,"2007-12",230.435,22.15,42,5109138.02289086,"SantaCatarina",42,5109138.02289086,12,2007,"SantaCatarina",230.435,22.15,0
84,"2008-01",213.426,22.17,42,5160194.46976138,"SantaCatarina",42,5160194.46976138,1,2008,"SantaCatarina",213.426,22.17,0
85,"2008-02",226.742,21.93,97,5160194.46976138,"SantaCatarina",97,5160194.46976138,2,2008,"SantaCatarina",226.742,21.93,0
86,"2008-03",228.539,21.26,345,5160194.46976138,"SantaCatarina",345,5160194.46976138,3,2008,"SantaCatarina",228.539,21.26,0
87,"2008-04",114.644,21.67,885,5160194.46976138,"SantaCatarina",885,5160194.46976138,4,2008,"SantaCatarina",114.644,21.67,0
88,"2008-05",1.506,20.61,416,5160194.46976138,"SantaCatarina",416,5160194.46976138,5,2008,"SantaCatarina",1.506,20.61,0
89,"2008-06",0.487,19.89,112,5160194.46976138,"SantaCatarina",112,5160194.46976138,6,2008,"SantaCatarina",0.487,19.89,0
90,"2008-07",0.19,19.21,27,5160194.46976138,"SantaCatarina",27,5160194.46976138,7,2008,"SantaCatarina",0.19,19.21,0
91,"2008-08",1.239,21.95,20,5160194.46976138,"SantaCatarina",20,5160194.46976138,8,2008,"SantaCatarina",1.239,21.95,0
92,"2008-09",44.732,24.1,30,5160194.46976138,"SantaCatarina",30,5160194.46976138,9,2008,"SantaCatarina",44.732,24.1,0
93,"2008-10",16.525,25.59,44,5160194.46976138,"SantaCatarina",44,5160194.46976138,10,2008,"SantaCatarina",16.525,25.59,0
94,"2008-11",197.332,22.81,29,5160194.46976138,"SantaCatarina",29,5160194.46976138,11,2008,"SantaCatarina",197.332,22.81,0
95,"2008-12",301.622,21.27,22,5160194.46976138,"SantaCatarina",22,5160194.46976138,12,2008,"SantaCatarina",301.622,21.27,0
96,"2009-01",212.256,22.39,81,5210095.42862378,"SantaCatarina",81,5210095.42862378,1,2009,"SantaCatarina",212.256,22.39,0
97,"2009-02",157.574,22.5,128,5210095.42862378,"SantaCatarina",128,5210095.42862378,2,2009,"SantaCatarina",157.574,22.5,0
98,"2009-03",179.743,22.72,265,5210095.42862378,"SantaCatarina",265,5210095.42862378,3,2009,"SantaCatarina",179.743,22.72,0
99,"2009-04",161.425,21.01,262,5210095.42862378,"SantaCatarina",262,5210095.42862378,4,2009,"SantaCatarina",161.425,21.01,0
100,"2009-05",31.306,20.24,131,5210095.42862378,"SantaCatarina",131,5210095.42862378,5,2009,"SantaCatarina",31.306,20.24,0
101,"2009-06",5.955,19.89,64,5210095.42862378,"SantaCatarina",64,5210095.42862378,6,2009,"SantaCatarina",5.955,19.89,0
102,"2009-07",0.65,21.01,40,5210095.42862378,"SantaCatarina",40,5210095.42862378,7,2009,"SantaCatarina",0.65,21.01,0
103,"2009-08",32.46,21.45,21,5210095.42862378,"SantaCatarina",21,5210095.42862378,8,2009,"SantaCatarina",32.46,21.45,0
104,"2009-09",69.264,23.38,15,5210095.42862378,"SantaCatarina",15,5210095.42862378,9,2009,"SantaCatarina",69.264,23.38,0
105,"2009-10",230.214,22.71,11,5210095.42862378,"SantaCatarina",11,5210095.42862378,10,2009,"SantaCatarina",230.214,22.71,0
106,"2009-11",132.69,22.95,94,5210095.42862378,"SantaCatarina",94,5210095.42862378,11,2009,"SantaCatarina",132.69,22.95,0
107,"2009-12",289.035,21.83,187,5210095.42862378,"SantaCatarina",187,5210095.42862378,12,2009,"SantaCatarina",289.035,21.83,0
108,"2010-01",165.232,22.63,575,5259190.23306191,"SantaCatarina",575,5259190.23306191,1,2010,"SantaCatarina",165.232,22.63,0
109,"2010-02",115.172,23.36,1978,5259190.23306191,"SantaCatarina",1978,5259190.23306191,2,2010,"SantaCatarina",115.172,23.36,0
110,"2010-03",164.029,22.61,5532,5259190.23306191,"SantaCatarina",5532,5259190.23306191,3,2010,"SantaCatarina",164.029,22.61,0
111,"2010-04",89.414,21.75,1566,5259190.23306191,"SantaCatarina",1566,5259190.23306191,4,2010,"SantaCatarina",89.414,21.75,0
112,"2010-05",9.223,22.22,536,5259190.23306191,"SantaCatarina",536,5259190.23306191,5,2010,"SantaCatarina",9.223,22.22,0
113,"2010-06",1.634,20.27,159,5259190.23306191,"SantaCatarina",159,5259190.23306191,6,2010,"SantaCatarina",1.634,20.27,0
114,"2010-07",0.223,20.47,63,5259190.23306191,"SantaCatarina",63,5259190.23306191,7,2010,"SantaCatarina",0.223,20.47,0
115,"2010-08",0.027,21.35,35,5259190.23306191,"SantaCatarina",35,5259190.23306191,8,2010,"SantaCatarina",0.027,21.35,0
116,"2010-09",8.945,24.53,38,5259190.23306191,"SantaCatarina",38,5259190.23306191,9,2010,"SantaCatarina",8.945,24.53,0
117,"2010-10",171.54,23.92,26,5259190.23306191,"SantaCatarina",26,5259190.23306191,10,2010,"SantaCatarina",171.54,23.92,0
118,"2010-11",245.442,21.74,26,5259190.23306191,"SantaCatarina",26,5259190.23306191,11,2010,"SantaCatarina",245.442,21.74,0
119,"2010-12",276.138,22.31,105,5259190.23306191,"SantaCatarina",105,5259190.23306191,12,2010,"SantaCatarina",276.138,22.31,0
120,"2011-01",183.458,21.85,89,5307586.37033234,"SantaCatarina",89,5307586.37033234,1,2011,"SantaCatarina",183.458,21.85,0
121,"2011-02",145.293,22.64,113,5307586.37033234,"SantaCatarina",113,5307586.37033234,2,2011,"SantaCatarina",145.293,22.64,0
122,"2011-03",247.124,21.45,290,5307586.37033234,"SantaCatarina",290,5307586.37033234,3,2011,"SantaCatarina",247.124,21.45,0
123,"2011-04",47.781,21.56,470,5307586.37033234,"SantaCatarina",470,5307586.37033234,4,2011,"SantaCatarina",47.781,21.56,0
124,"2011-05",6.005,20.76,376,5307586.37033234,"SantaCatarina",376,5307586.37033234,5,2011,"SantaCatarina",6.005,20.76,0
125,"2011-06",1.214,20.42,117,5307586.37033234,"SantaCatarina",117,5307586.37033234,6,2011,"SantaCatarina",1.214,20.42,0
126,"2011-07",0.182,20.4,40,5307586.37033234,"SantaCatarina",40,5307586.37033234,7,2011,"SantaCatarina",0.182,20.4,0
127,"2011-08",0.027,22.76,38,5307586.37033234,"SantaCatarina",38,5307586.37033234,8,2011,"SantaCatarina",0.027,22.76,0
128,"2011-09",2.277,24.16,45,5307586.37033234,"SantaCatarina",45,5307586.37033234,9,2011,"SantaCatarina",2.277,24.16,0
129,"2011-10",232.682,21.42,36,5307586.37033234,"SantaCatarina",36,5307586.37033234,10,2011,"SantaCatarina",232.682,21.42,0
130,"2011-11",248.709,20.81,13,5307586.37033234,"SantaCatarina",13,5307586.37033234,11,2011,"SantaCatarina",248.709,20.81,0
131,"2011-12",332.018,21.35,6,5307586.37033234,"SantaCatarina",6,5307586.37033234,12,2011,"SantaCatarina",332.018,21.35,0
132,"2012-01",222.243,21.38,122,5355203.22499264,"SantaCatarina",122,5355203.22499264,1,2012,"SantaCatarina",222.243,21.38,0
133,"2012-02",129.432,21.74,180,5355203.22499264,"SantaCatarina",180,5355203.22499264,2,2012,"SantaCatarina",129.432,21.74,0
134,"2012-03",166.823,22.35,351,5355203.22499264,"SantaCatarina",351,5355203.22499264,3,2012,"SantaCatarina",166.823,22.35,0
135,"2012-04",45.81,22.66,319,5355203.22499264,"SantaCatarina",319,5355203.22499264,4,2012,"SantaCatarina",45.81,22.66,0
136,"2012-05",32.903,20.27,339,5355203.22499264,"SantaCatarina",339,5355203.22499264,5,2012,"SantaCatarina",32.903,20.27,0
137,"2012-06",4.161,21.01,160,5355203.22499264,"SantaCatarina",160,5355203.22499264,6,2012,"SantaCatarina",4.161,21.01,0
138,"2012-07",0.09,20.52,67,5355203.22499264,"SantaCatarina",67,5355203.22499264,7,2012,"SantaCatarina",0.09,20.52,0
139,"2012-08",0.631,20.3,38,5355203.22499264,"SantaCatarina",38,5355203.22499264,8,2012,"SantaCatarina",0.631,20.3,0
140,"2012-09",10.662,24.28,31,5355203.22499264,"SantaCatarina",31,5355203.22499264,9,2012,"SantaCatarina",10.662,24.28,0
141,"2012-10",43.275,24.87,25,5355203.22499264,"SantaCatarina",25,5355203.22499264,10,2012,"SantaCatarina",43.275,24.87,0
142,"2012-11",349.861,21.75,21,5355203.22499264,"SantaCatarina",21,5355203.22499264,11,2012,"SantaCatarina",349.861,21.75,0
143,"2012-12",109.936,23.64,19,5355203.22499264,"SantaCatarina",19,5355203.22499264,12,2012,"SantaCatarina",109.936,23.64,0
144,"2013-01",358.906,21.74,225,5402202.02792766,"SantaCatarina",225,5402202.02792766,1,2013,"SantaCatarina",358.906,21.74,0
145,"2013-02",107.764,23.08,949,5402202.02792766,"SantaCatarina",949,5402202.02792766,2,2013,"SantaCatarina",107.764,23.08,0
146,"2013-03",205.065,22.66,4576,5402202.02792766,"SantaCatarina",4576,5402202.02792766,3,2013,"SantaCatarina",205.065,22.66,0
147,"2013-04",110.572,21.16,4764,5402202.02792766,"SantaCatarina",4764,5402202.02792766,4,2013,"SantaCatarina",110.572,21.16,0
148,"2013-05",15.031,21.21,784,5402202.02792766,"SantaCatarina",784,5402202.02792766,5,2013,"SantaCatarina",15.031,21.21,0
149,"2013-06",28.651,20.37,300,5402202.02792766,"SantaCatarina",300,5402202.02792766,6,2013,"SantaCatarina",28.651,20.37,0
150,"2013-07",0.545,20.61,95,5402202.02792766,"SantaCatarina",95,5402202.02792766,7,2013,"SantaCatarina",0.545,20.61,0
151,"2013-08",0.304,21.73,39,5402202.02792766,"SantaCatarina",39,5402202.02792766,8,2013,"SantaCatarina",0.304,21.73,0
152,"2013-09",15.275,23.59,49,5402202.02792766,"SantaCatarina",49,5402202.02792766,9,2013,"SantaCatarina",15.275,23.59,0
153,"2013-10",121.775,22.79,26,5402202.02792766,"SantaCatarina",26,5402202.02792766,10,2013,"SantaCatarina",121.775,22.79,0
154,"2013-11",212.326,22.45,20,5402202.02792766,"SantaCatarina",20,5402202.02792766,11,2013,"SantaCatarina",212.326,22.45,0
155,"2013-12",327.849,21.9,32,5402202.02792766,"SantaCatarina",32,5402202.02792766,12,2013,"SantaCatarina",327.849,21.9,0
156,"2014-01",150.713,22.62,125,5448636.5227657,"SantaCatarina",125,5448636.5227657,1,2014,"SantaCatarina",150.713,22.62,0
157,"2014-02",127.623,22.3,206,5448636.5227657,"SantaCatarina",206,5448636.5227657,2,2014,"SantaCatarina",127.623,22.3,0
158,"2014-03",263.178,21.52,287,5448636.5227657,"SantaCatarina",287,5448636.5227657,3,2014,"SantaCatarina",263.178,21.52,0
159,"2014-04",95.54,21.85,862,5448636.5227657,"SantaCatarina",862,5448636.5227657,4,2014,"SantaCatarina",95.54,21.85,0
160,"2014-05",5.711,21.08,767,5448636.5227657,"SantaCatarina",767,5448636.5227657,5,2014,"SantaCatarina",5.711,21.08,0
161,"2014-06",4.847,20.35,477,5448636.5227657,"SantaCatarina",477,5448636.5227657,6,2014,"SantaCatarina",4.847,20.35,0
162,"2014-07",2.2,20.23,101,5448636.5227657,"SantaCatarina",101,5448636.5227657,7,2014,"SantaCatarina",2.2,20.23,0
163,"2014-08",0.174,21.8,28,5448636.5227657,"SantaCatarina",28,5448636.5227657,8,2014,"SantaCatarina",0.174,21.8,0
164,"2014-09",13.239,24.67,27,5448636.5227657,"SantaCatarina",27,5448636.5227657,9,2014,"SantaCatarina",13.239,24.67,0
165,"2014-10",79.947,24.88,39,5448636.5227657,"SantaCatarina",39,5448636.5227657,10,2014,"SantaCatarina",79.947,24.88,0
166,"2014-11",218.111,22.43,31,5448636.5227657,"SantaCatarina",31,5448636.5227657,11,2014,"SantaCatarina",218.111,22.43,0
167,"2014-12",270.903,21.6,50,5448636.5227657,"SantaCatarina",50,5448636.5227657,12,2014,"SantaCatarina",270.903,21.6,0
168,"2015-01",57.487,24.11,399,5494533.58132088,"SantaCatarina",399,5494533.58132088,1,2015,"SantaCatarina",57.487,24.11,0
169,"2015-02",180.73,22.33,2377,5494533.58132088,"SantaCatarina",2377,5494533.58132088,2,2015,"SantaCatarina",180.73,22.33,0
170,"2015-03",228.782,21.79,6958,5494533.58132088,"SantaCatarina",6958,5494533.58132088,3,2015,"SantaCatarina",228.782,21.79,0
171,"2015-04",165.536,21.72,5688,5494533.58132088,"SantaCatarina",5688,5494533.58132088,4,2015,"SantaCatarina",165.536,21.72,0
172,"2015-05",38.868,20.21,1899,5494533.58132088,"SantaCatarina",1899,5494533.58132088,5,2015,"SantaCatarina",38.868,20.21,0
173,"2015-06",1.975,20.09,520,5494533.58132088,"SantaCatarina",520,5494533.58132088,6,2015,"SantaCatarina",1.975,20.09,0
174,"2015-07",1.178,20.73,184,5494533.58132088,"SantaCatarina",184,5494533.58132088,7,2015,"SantaCatarina",1.178,20.73,0
175,"2015-08",0.102,21.98,96,5494533.58132088,"SantaCatarina",96,5494533.58132088,8,2015,"SantaCatarina",0.102,21.98,0
176,"2015-09",24.728,25.45,93,5494533.58132088,"SantaCatarina",93,5494533.58132088,9,2015,"SantaCatarina",24.728,25.45,0
177,"2015-10",73.388,26.49,105,5494533.58132088,"SantaCatarina",105,5494533.58132088,10,2015,"SantaCatarina",73.388,26.49,0
178,"2015-11",195.375,24.31,277,5494533.58132088,"SantaCatarina",277,5494533.58132088,11,2015,"SantaCatarina",195.375,24.31,0
179,"2015-12",103.74,24.26,754,5494533.58132088,"SantaCatarina",754,5494533.58132088,12,2015,"SantaCatarina",103.74,24.26,0
180,"2016-01",413.155,21.83,1571,5539973.81903565,"SantaCatarina",1571,5539973.81903565,1,2016,"SantaCatarina",413.155,21.83,0
181,"2016-02",79.087,23.86,3147,5539973.81903565,"SantaCatarina",3147,5539973.81903565,2,2016,"SantaCatarina",79.087,23.86,0
182,"2016-03",152.655,23.23,3784,5539973.81903565,"SantaCatarina",3784,5539973.81903565,3,2016,"SantaCatarina",152.655,23.23,0
183,"2016-04",26.904,24.04,2105,5539973.81903565,"SantaCatarina",2105,5539973.81903565,4,2016,"SantaCatarina",26.904,24.04,0
184,"2016-05",5.84,22.49,570,5539973.81903565,"SantaCatarina",570,5539973.81903565,5,2016,"SantaCatarina",5.84,22.49,0
185,"2016-06",1.637,21.28,89,5539973.81903565,"SantaCatarina",89,5539973.81903565,6,2016,"SantaCatarina",1.637,21.28,0
186,"2016-07",0.123,21.77,51,5539973.81903565,"SantaCatarina",51,5539973.81903565,7,2016,"SantaCatarina",0.123,21.77,0
187,"2016-08",10.089,22.86,22,5539973.81903565,"SantaCatarina",22,5539973.81903565,8,2016,"SantaCatarina",10.089,22.86,0
188,"2016-09",54.828,24.78,27,5539973.81903565,"SantaCatarina",27,5539973.81903565,9,2016,"SantaCatarina",54.828,24.78,0
189,"2016-10",89.095,24.34,42,5539973.81903565,"SantaCatarina",42,5539973.81903565,10,2016,"SantaCatarina",89.095,24.34,0
190,"2016-11",251.36,22.48,57,5539973.81903565,"SantaCatarina",57,5539973.81903565,11,2016,"SantaCatarina",251.36,22.48,0
191,"2016-12",169.712,23.02,69,5539973.81903565,"SantaCatarina",69,5539973.81903565,12,2016,"SantaCatarina",169.712,23.02,0
0,"2001-01",60.469,24.58,NA,38473655.7597656,"SaoPaulo",NA,38473655.7597656,1,2001,"SaoPaulo",60.469,24.58,0
1,"2001-02",46.793,25.81,NA,38473655.7597656,"SaoPaulo",NA,38473655.7597656,2,2001,"SaoPaulo",46.793,25.81,0
2,"2001-03",93.11,24.72,9142,38473655.7597656,"SaoPaulo",9142,38473655.7597656,3,2001,"SaoPaulo",93.11,24.72,0
3,"2001-04",59.488,23.84,18809,38473655.7597656,"SaoPaulo",18809,38473655.7597656,4,2001,"SaoPaulo",59.488,23.84,0
4,"2001-05",85.486,22.13,18073,38473655.7597656,"SaoPaulo",18073,38473655.7597656,5,2001,"SaoPaulo",85.486,22.13,0
5,"2001-06",29.83,20.38,5939,38473655.7597656,"SaoPaulo",5939,38473655.7597656,6,2001,"SaoPaulo",29.83,20.38,0
6,"2001-07",24.325,20.15,1105,38473655.7597656,"SaoPaulo",1105,38473655.7597656,7,2001,"SaoPaulo",24.325,20.15,0
7,"2001-08",38.226,19.92,391,38473655.7597656,"SaoPaulo",391,38473655.7597656,8,2001,"SaoPaulo",38.226,19.92,0
8,"2001-09",81.333,20.78,220,38473655.7597656,"SaoPaulo",220,38473655.7597656,9,2001,"SaoPaulo",81.333,20.78,0
9,"2001-10",118.181,21.5,185,38473655.7597656,"SaoPaulo",185,38473655.7597656,10,2001,"SaoPaulo",118.181,21.5,0
10,"2001-11",327.19,23.28,187,38473655.7597656,"SaoPaulo",187,38473655.7597656,11,2001,"SaoPaulo",327.19,23.28,0
11,"2001-12",209.377,23.72,236,38473655.7597656,"SaoPaulo",236,38473655.7597656,12,2001,"SaoPaulo",209.377,23.72,0
12,"2002-01",195.294,24.14,2313,38922963.9902344,"SaoPaulo",2313,38922963.9902344,1,2002,"SaoPaulo",195.294,24.14,0
13,"2002-02",246.474,23.99,8776,38922963.9902344,"SaoPaulo",8776,38922963.9902344,2,2002,"SaoPaulo",246.474,23.99,0
14,"2002-03",59.52,24.45,13352,38922963.9902344,"SaoPaulo",13352,38922963.9902344,3,2002,"SaoPaulo",59.52,24.45,0
15,"2002-04",63.08,23.52,10964,38922963.9902344,"SaoPaulo",10964,38922963.9902344,4,2002,"SaoPaulo",63.08,23.52,0
16,"2002-05",47.768,22.27,6870,38922963.9902344,"SaoPaulo",6870,38922963.9902344,5,2002,"SaoPaulo",47.768,22.27,0
17,"2002-06",26.616,21.07,2107,38922963.9902344,"SaoPaulo",2107,38922963.9902344,6,2002,"SaoPaulo",26.616,21.07,0
18,"2002-07",43.898,20.24,371,38922963.9902344,"SaoPaulo",371,38922963.9902344,7,2002,"SaoPaulo",43.898,20.24,0
19,"2002-08",26.224,21.27,173,38922963.9902344,"SaoPaulo",173,38922963.9902344,8,2002,"SaoPaulo",26.224,21.27,0
20,"2002-09",112.907,20.98,81,38922963.9902344,"SaoPaulo",81,38922963.9902344,9,2002,"SaoPaulo",112.907,20.98,0
21,"2002-10",60.332,23.24,91,38922963.9902344,"SaoPaulo",91,38922963.9902344,10,2002,"SaoPaulo",60.332,23.24,0
22,"2002-11",111.396,23.55,247,38922963.9902344,"SaoPaulo",247,38922963.9902344,11,2002,"SaoPaulo",111.396,23.55,0
23,"2002-12",220.622,24.84,417,38922963.9902344,"SaoPaulo",417,38922963.9902344,12,2002,"SaoPaulo",220.622,24.84,0
24,"2003-01",244.922,25.11,2494,39372283.2939453,"SaoPaulo",2494,39372283.2939453,1,2003,"SaoPaulo",244.922,25.11,0
25,"2003-02",34.083,25.39,3261,39372283.2939453,"SaoPaulo",3261,39372283.2939453,2,2003,"SaoPaulo",34.083,25.39,0
26,"2003-03",72.908,25.23,5878,39372283.2939453,"SaoPaulo",5878,39372283.2939453,3,2003,"SaoPaulo",72.908,25.23,0
27,"2003-04",83.878,23.57,3140,39372283.2939453,"SaoPaulo",3140,39372283.2939453,4,2003,"SaoPaulo",83.878,23.57,0
28,"2003-05",33.341,21.77,1700,39372283.2939453,"SaoPaulo",1700,39372283.2939453,5,2003,"SaoPaulo",33.341,21.77,0
29,"2003-06",5.414,21.44,455,39372283.2939453,"SaoPaulo",455,39372283.2939453,6,2003,"SaoPaulo",5.414,21.44,0
30,"2003-07",26.514,20.15,154,39372283.2939453,"SaoPaulo",154,39372283.2939453,7,2003,"SaoPaulo",26.514,20.15,0
31,"2003-08",32.948,20.14,48,39372283.2939453,"SaoPaulo",48,39372283.2939453,8,2003,"SaoPaulo",32.948,20.14,0
32,"2003-09",44.368,21.29,39,39372283.2939453,"SaoPaulo",39,39372283.2939453,9,2003,"SaoPaulo",44.368,21.29,0
33,"2003-10",68.964,22.22,31,39372283.2939453,"SaoPaulo",31,39372283.2939453,10,2003,"SaoPaulo",68.964,22.22,0
34,"2003-11",100.012,23.52,43,39372283.2939453,"SaoPaulo",43,39372283.2939453,11,2003,"SaoPaulo",100.012,23.52,0
35,"2003-12",246.1,24.46,269,39372283.2939453,"SaoPaulo",269,39372283.2939453,12,2003,"SaoPaulo",246.1,24.46,0
36,"2004-01",264.46,23.38,167,39821614.4472656,"SaoPaulo",167,39821614.4472656,1,2004,"SaoPaulo",264.46,23.38,0
37,"2004-02",196.763,23.81,354,39821614.4472656,"SaoPaulo",354,39821614.4472656,2,2004,"SaoPaulo",196.763,23.81,0
38,"2004-03",227.205,23.12,555,39821614.4472656,"SaoPaulo",555,39821614.4472656,3,2004,"SaoPaulo",227.205,23.12,0
39,"2004-04",166.511,22.53,904,39821614.4472656,"SaoPaulo",904,39821614.4472656,4,2004,"SaoPaulo",166.511,22.53,0
40,"2004-05",34.34,21.55,877,39821614.4472656,"SaoPaulo",877,39821614.4472656,5,2004,"SaoPaulo",34.34,21.55,0
41,"2004-06",47.292,19.81,202,39821614.4472656,"SaoPaulo",202,39821614.4472656,6,2004,"SaoPaulo",47.292,19.81,0
42,"2004-07",52.987,18.9,65,39821614.4472656,"SaoPaulo",65,39821614.4472656,7,2004,"SaoPaulo",52.987,18.9,0
43,"2004-08",23.878,19.63,25,39821614.4472656,"SaoPaulo",25,39821614.4472656,8,2004,"SaoPaulo",23.878,19.63,0
44,"2004-09",19.714,21.51,24,39821614.4472656,"SaoPaulo",24,39821614.4472656,9,2004,"SaoPaulo",19.714,21.51,0
45,"2004-10",107.984,22.34,17,39821614.4472656,"SaoPaulo",17,39821614.4472656,10,2004,"SaoPaulo",107.984,22.34,0
46,"2004-11",137.54,23.1,54,39821614.4472656,"SaoPaulo",54,39821614.4472656,11,2004,"SaoPaulo",137.54,23.1,0
47,"2004-12",283.325,23.79,63,39821614.4472656,"SaoPaulo",63,39821614.4472656,12,2004,"SaoPaulo",283.325,23.79,0
48,"2005-01",245.492,24.57,205,40270954.2939453,"SaoPaulo",205,40270954.2939453,1,2005,"SaoPaulo",245.492,24.57,0
49,"2005-02",213.892,24.03,406,40270954.2939453,"SaoPaulo",406,40270954.2939453,2,2005,"SaoPaulo",213.892,24.03,0
50,"2005-03",205.957,24.2,953,40270954.2939453,"SaoPaulo",953,40270954.2939453,3,2005,"SaoPaulo",205.957,24.2,0
51,"2005-04",53.981,23.58,1468,40270954.2939453,"SaoPaulo",1468,40270954.2939453,4,2005,"SaoPaulo",53.981,23.58,0
52,"2005-05",62.7,21.81,1350,40270954.2939453,"SaoPaulo",1350,40270954.2939453,5,2005,"SaoPaulo",62.7,21.81,0
53,"2005-06",64.241,20.39,968,40270954.2939453,"SaoPaulo",968,40270954.2939453,6,2005,"SaoPaulo",64.241,20.39,0
54,"2005-07",41.213,19.42,443,40270954.2939453,"SaoPaulo",443,40270954.2939453,7,2005,"SaoPaulo",41.213,19.42,0
55,"2005-08",35.593,20.64,177,40270954.2939453,"SaoPaulo",177,40270954.2939453,8,2005,"SaoPaulo",35.593,20.64,0
56,"2005-09",67.821,21.35,95,40270954.2939453,"SaoPaulo",95,40270954.2939453,9,2005,"SaoPaulo",67.821,21.35,0
57,"2005-10",48.348,23.83,95,40270954.2939453,"SaoPaulo",95,40270954.2939453,10,2005,"SaoPaulo",48.348,23.83,0
58,"2005-11",272.854,22.23,216,40270954.2939453,"SaoPaulo",216,40270954.2939453,11,2005,"SaoPaulo",272.854,22.23,0
59,"2005-12",242.937,23.09,217,40270954.2939453,"SaoPaulo",217,40270954.2939453,12,2005,"SaoPaulo",242.937,23.09,0
60,"2006-01",35.141,24.49,1588,40712334.3557292,"SaoPaulo",1588,40712334.3557292,1,2006,"SaoPaulo",35.141,24.49,0
61,"2006-02",68.816,26.45,4112,40712334.3557292,"SaoPaulo",4112,40712334.3557292,2,2006,"SaoPaulo",68.816,26.45,0
62,"2006-03",311.316,24.33,16079,40712334.3557292,"SaoPaulo",16079,40712334.3557292,3,2006,"SaoPaulo",311.316,24.33,0
63,"2006-04",142.89,22.68,24918,40712334.3557292,"SaoPaulo",24918,40712334.3557292,4,2006,"SaoPaulo",142.89,22.68,0
64,"2006-05",22.212,20.47,10172,40712334.3557292,"SaoPaulo",10172,40712334.3557292,5,2006,"SaoPaulo",22.212,20.47,0
65,"2006-06",26.434,19.33,1760,40712334.3557292,"SaoPaulo",1760,40712334.3557292,6,2006,"SaoPaulo",26.434,19.33,0
66,"2006-07",18.116,19.24,549,40712334.3557292,"SaoPaulo",549,40712334.3557292,7,2006,"SaoPaulo",18.116,19.24,0
67,"2006-08",41.41,20.65,316,40712334.3557292,"SaoPaulo",316,40712334.3557292,8,2006,"SaoPaulo",41.41,20.65,0
68,"2006-09",79.569,20.62,207,40712334.3557292,"SaoPaulo",207,40712334.3557292,9,2006,"SaoPaulo",79.569,20.62,0
69,"2006-10",138.474,21.91,287,40712334.3557292,"SaoPaulo",287,40712334.3557292,10,2006,"SaoPaulo",138.474,21.91,0
70,"2006-11",239.074,22.52,471,40712334.3557292,"SaoPaulo",471,40712334.3557292,11,2006,"SaoPaulo",239.074,22.52,0
71,"2006-12",294.617,23.46,1062,40712334.3557292,"SaoPaulo",1062,40712334.3557292,12,2006,"SaoPaulo",294.617,23.46,0
72,"2007-01",176.295,24.74,5296,41137054.4838085,"SaoPaulo",5296,41137054.4838085,1,2007,"SaoPaulo",176.295,24.74,0
73,"2007-02",181.651,23.83,15241,41137054.4838085,"SaoPaulo",15241,41137054.4838085,2,2007,"SaoPaulo",181.651,23.83,0
74,"2007-03",35.721,24.75,33629,41137054.4838085,"SaoPaulo",33629,41137054.4838085,3,2007,"SaoPaulo",35.721,24.75,0
75,"2007-04",112.989,23.52,33655,41137054.4838085,"SaoPaulo",33655,41137054.4838085,4,2007,"SaoPaulo",112.989,23.52,0
76,"2007-05",33.752,21.03,15347,41137054.4838085,"SaoPaulo",15347,41137054.4838085,5,2007,"SaoPaulo",33.752,21.03,0
77,"2007-06",11.219,20.12,2519,41137054.4838085,"SaoPaulo",2519,41137054.4838085,6,2007,"SaoPaulo",11.219,20.12,0
78,"2007-07",22.001,20.45,914,41137054.4838085,"SaoPaulo",914,41137054.4838085,7,2007,"SaoPaulo",22.001,20.45,0
79,"2007-08",28.425,19.96,322,41137054.4838085,"SaoPaulo",322,41137054.4838085,8,2007,"SaoPaulo",28.425,19.96,0
80,"2007-09",34.734,20.71,383,41137054.4838085,"SaoPaulo",383,41137054.4838085,9,2007,"SaoPaulo",34.734,20.71,0
81,"2007-10",36.659,22.98,476,41137054.4838085,"SaoPaulo",476,41137054.4838085,10,2007,"SaoPaulo",36.659,22.98,0
82,"2007-11",160.937,23.99,859,41137054.4838085,"SaoPaulo",859,41137054.4838085,11,2007,"SaoPaulo",160.937,23.99,0
83,"2007-12",162.539,24.22,1185,41137054.4838085,"SaoPaulo",1185,41137054.4838085,12,2007,"SaoPaulo",162.539,24.22,0
84,"2008-01",170.271,23.81,978,41548143.7570386,"SaoPaulo",978,41548143.7570386,1,2008,"SaoPaulo",170.271,23.81,0
85,"2008-02",181.38,24.47,1186,41548143.7570386,"SaoPaulo",1186,41548143.7570386,2,2008,"SaoPaulo",181.38,24.47,0
86,"2008-03",167.353,24.14,3123,41548143.7570386,"SaoPaulo",3123,41548143.7570386,3,2008,"SaoPaulo",167.353,24.14,0
87,"2008-04",96.148,24,4116,41548143.7570386,"SaoPaulo",4116,41548143.7570386,4,2008,"SaoPaulo",96.148,24,0
88,"2008-05",36.745,21.12,1304,41548143.7570386,"SaoPaulo",1304,41548143.7570386,5,2008,"SaoPaulo",36.745,21.12,0
89,"2008-06",27.99,20.18,447,41548143.7570386,"SaoPaulo",447,41548143.7570386,6,2008,"SaoPaulo",27.99,20.18,0
90,"2008-07",20.205,19.11,213,41548143.7570386,"SaoPaulo",213,41548143.7570386,7,2008,"SaoPaulo",20.205,19.11,0
91,"2008-08",20.513,21.06,150,41548143.7570386,"SaoPaulo",150,41548143.7570386,8,2008,"SaoPaulo",20.513,21.06,0
92,"2008-09",49.022,21.24,130,41548143.7570386,"SaoPaulo",130,41548143.7570386,9,2008,"SaoPaulo",49.022,21.24,0
93,"2008-10",62.203,23.31,139,41548143.7570386,"SaoPaulo",139,41548143.7570386,10,2008,"SaoPaulo",62.203,23.31,0
94,"2008-11",356.534,22.83,179,41548143.7570386,"SaoPaulo",179,41548143.7570386,11,2008,"SaoPaulo",356.534,22.83,0
95,"2008-12",197.099,23.32,349,41548143.7570386,"SaoPaulo",349,41548143.7570386,12,2008,"SaoPaulo",197.099,23.32,0
96,"2009-01",260.818,24.36,709,41949929.4309271,"SaoPaulo",709,41949929.4309271,1,2009,"SaoPaulo",260.818,24.36,0
97,"2009-02",47.294,24.92,947,41949929.4309271,"SaoPaulo",947,41949929.4309271,2,2009,"SaoPaulo",47.294,24.92,0
98,"2009-03",166.768,25.11,2409,41949929.4309271,"SaoPaulo",2409,41949929.4309271,3,2009,"SaoPaulo",166.768,25.11,0
99,"2009-04",154.679,22.9,2485,41949929.4309271,"SaoPaulo",2485,41949929.4309271,4,2009,"SaoPaulo",154.679,22.9,0
100,"2009-05",31.88,21.17,1807,41949929.4309271,"SaoPaulo",1807,41949929.4309271,5,2009,"SaoPaulo",31.88,21.17,0
101,"2009-06",56.989,19.85,527,41949929.4309271,"SaoPaulo",527,41949929.4309271,6,2009,"SaoPaulo",56.989,19.85,0
102,"2009-07",31.125,20.34,255,41949929.4309271,"SaoPaulo",255,41949929.4309271,7,2009,"SaoPaulo",31.125,20.34,0
103,"2009-08",60.063,20.61,139,41949929.4309271,"SaoPaulo",139,41949929.4309271,8,2009,"SaoPaulo",60.063,20.61,0
104,"2009-09",43.283,22.84,119,41949929.4309271,"SaoPaulo",119,41949929.4309271,9,2009,"SaoPaulo",43.283,22.84,0
105,"2009-10",326.236,23.17,287,41949929.4309271,"SaoPaulo",287,41949929.4309271,10,2009,"SaoPaulo",326.236,23.17,0
106,"2009-11",96.26,24.51,615,41949929.4309271,"SaoPaulo",615,41949929.4309271,11,2009,"SaoPaulo",96.26,24.51,0
107,"2009-12",184.165,24.98,1734,41949929.4309271,"SaoPaulo",1734,41949929.4309271,12,2009,"SaoPaulo",184.165,24.98,0
108,"2010-01",25.181,26.19,10756,42345224.2215542,"SaoPaulo",10756,42345224.2215542,1,2010,"SaoPaulo",25.181,26.19,0
109,"2010-02",55.423,26.46,34031,42345224.2215542,"SaoPaulo",34031,42345224.2215542,2,2010,"SaoPaulo",55.423,26.46,0
110,"2010-03",173.808,25.14,63086,42345224.2215542,"SaoPaulo",63086,42345224.2215542,3,2010,"SaoPaulo",173.808,25.14,0
111,"2010-04",129.662,22.91,50316,42345224.2215542,"SaoPaulo",50316,42345224.2215542,4,2010,"SaoPaulo",129.662,22.91,0
112,"2010-05",57.231,21.65,26448,42345224.2215542,"SaoPaulo",26448,42345224.2215542,5,2010,"SaoPaulo",57.231,21.65,0
113,"2010-06",19.907,19.45,4625,42345224.2215542,"SaoPaulo",4625,42345224.2215542,6,2010,"SaoPaulo",19.907,19.45,0
114,"2010-07",46.063,20.03,1337,42345224.2215542,"SaoPaulo",1337,42345224.2215542,7,2010,"SaoPaulo",46.063,20.03,0
115,"2010-08",15.071,19.51,657,42345224.2215542,"SaoPaulo",657,42345224.2215542,8,2010,"SaoPaulo",15.071,19.51,0
116,"2010-09",37.346,21.46,474,42345224.2215542,"SaoPaulo",474,42345224.2215542,9,2010,"SaoPaulo",37.346,21.46,0
117,"2010-10",71.908,22.57,397,42345224.2215542,"SaoPaulo",397,42345224.2215542,10,2010,"SaoPaulo",71.908,22.57,0
118,"2010-11",229.273,23.02,604,42345224.2215542,"SaoPaulo",604,42345224.2215542,11,2010,"SaoPaulo",229.273,23.02,0
119,"2010-12",227.065,24.6,1591,42345224.2215542,"SaoPaulo",1591,42345224.2215542,12,2010,"SaoPaulo",227.065,24.6,0
120,"2011-01",74.367,24.73,3866,42734893.5800212,"SaoPaulo",3866,42734893.5800212,1,2011,"SaoPaulo",74.367,24.73,0
121,"2011-02",65.331,25.32,11970,42734893.5800212,"SaoPaulo",11970,42734893.5800212,2,2011,"SaoPaulo",65.331,25.32,0
122,"2011-03",279.102,23.72,22978,42734893.5800212,"SaoPaulo",22978,42734893.5800212,3,2011,"SaoPaulo",279.102,23.72,0
123,"2011-04",153.659,22.92,38512,42734893.5800212,"SaoPaulo",38512,42734893.5800212,4,2011,"SaoPaulo",153.659,22.92,0
124,"2011-05",31.917,20.4,23531,42734893.5800212,"SaoPaulo",23531,42734893.5800212,5,2011,"SaoPaulo",31.917,20.4,0
125,"2011-06",18.66,19.7,3446,42734893.5800212,"SaoPaulo",3446,42734893.5800212,6,2011,"SaoPaulo",18.66,19.7,0
126,"2011-07",27.233,19.34,849,42734893.5800212,"SaoPaulo",849,42734893.5800212,7,2011,"SaoPaulo",27.233,19.34,0
127,"2011-08",16.767,20.83,571,42734893.5800212,"SaoPaulo",571,42734893.5800212,8,2011,"SaoPaulo",16.767,20.83,0
128,"2011-09",20.373,20.32,692,42734893.5800212,"SaoPaulo",692,42734893.5800212,9,2011,"SaoPaulo",20.373,20.32,0
129,"2011-10",145.019,21.82,858,42734893.5800212,"SaoPaulo",858,42734893.5800212,10,2011,"SaoPaulo",145.019,21.82,0
130,"2011-11",167.522,21.29,308,42734893.5800212,"SaoPaulo",308,42734893.5800212,11,2011,"SaoPaulo",167.522,21.29,0
131,"2011-12",260.242,23.01,330,42734893.5800212,"SaoPaulo",330,42734893.5800212,12,2011,"SaoPaulo",260.242,23.01,0
132,"2012-01",132.543,23.7,1723,43118288.4180021,"SaoPaulo",1723,43118288.4180021,1,2012,"SaoPaulo",132.543,23.7,0
133,"2012-02",30.296,24.31,3035,43118288.4180021,"SaoPaulo",3035,43118288.4180021,2,2012,"SaoPaulo",30.296,24.31,0
134,"2012-03",93.661,24.22,5924,43118288.4180021,"SaoPaulo",5924,43118288.4180021,3,2012,"SaoPaulo",93.661,24.22,0
135,"2012-04",48.238,23.59,7392,43118288.4180021,"SaoPaulo",7392,43118288.4180021,4,2012,"SaoPaulo",48.238,23.59,0
136,"2012-05",83.963,20.78,4599,43118288.4180021,"SaoPaulo",4599,43118288.4180021,5,2012,"SaoPaulo",83.963,20.78,0
137,"2012-06",31.344,21.24,1926,43118288.4180021,"SaoPaulo",1926,43118288.4180021,6,2012,"SaoPaulo",31.344,21.24,0
138,"2012-07",24.944,20.21,701,43118288.4180021,"SaoPaulo",701,43118288.4180021,7,2012,"SaoPaulo",24.944,20.21,0
139,"2012-08",70.49,19.6,421,43118288.4180021,"SaoPaulo",421,43118288.4180021,8,2012,"SaoPaulo",70.49,19.6,0
140,"2012-09",40.448,21.43,304,43118288.4180021,"SaoPaulo",304,43118288.4180021,9,2012,"SaoPaulo",40.448,21.43,0
141,"2012-10",31.158,23.01,605,43118288.4180021,"SaoPaulo",605,43118288.4180021,10,2012,"SaoPaulo",31.158,23.01,0
142,"2012-11",265.301,22.82,1009,43118288.4180021,"SaoPaulo",1009,43118288.4180021,11,2012,"SaoPaulo",265.301,22.82,0
143,"2012-12",49.597,25.52,1579,43118288.4180021,"SaoPaulo",1579,43118288.4180021,12,2012,"SaoPaulo",49.597,25.52,0
144,"2013-01",181.108,24.73,10933,43496706.9121492,"SaoPaulo",10933,43496706.9121492,1,2013,"SaoPaulo",181.108,24.73,0
145,"2013-02",49.626,24.96,27070,43496706.9121492,"SaoPaulo",27070,43496706.9121492,2,2013,"SaoPaulo",49.626,24.96,0
146,"2013-03",158.65,24.87,67475,43496706.9121492,"SaoPaulo",67475,43496706.9121492,3,2013,"SaoPaulo",158.65,24.87,0
147,"2013-04",94.036,22.27,72966,43496706.9121492,"SaoPaulo",72966,43496706.9121492,4,2013,"SaoPaulo",94.036,22.27,0
148,"2013-05",52.484,21.4,28853,43496706.9121492,"SaoPaulo",28853,43496706.9121492,5,2013,"SaoPaulo",52.484,21.4,0
149,"2013-06",39.799,21.06,7601,43496706.9121492,"SaoPaulo",7601,43496706.9121492,6,2013,"SaoPaulo",39.799,21.06,0
150,"2013-07",33.829,20.25,2097,43496706.9121492,"SaoPaulo",2097,43496706.9121492,7,2013,"SaoPaulo",33.829,20.25,0
151,"2013-08",34.871,20.31,815,43496706.9121492,"SaoPaulo",815,43496706.9121492,8,2013,"SaoPaulo",34.871,20.31,0
152,"2013-09",40.735,21.52,487,43496706.9121492,"SaoPaulo",487,43496706.9121492,9,2013,"SaoPaulo",40.735,21.52,0
153,"2013-10",90.106,21.94,486,43496706.9121492,"SaoPaulo",486,43496706.9121492,10,2013,"SaoPaulo",90.106,21.94,0
154,"2013-11",159.106,22.79,671,43496706.9121492,"SaoPaulo",671,43496706.9121492,11,2013,"SaoPaulo",159.106,22.79,0
155,"2013-12",495.757,23.95,804,43496706.9121492,"SaoPaulo",804,43496706.9121492,12,2013,"SaoPaulo",495.757,23.95,0
156,"2014-01",71.964,24.46,3148,43870581.7880132,"SaoPaulo",3148,43870581.7880132,1,2014,"SaoPaulo",71.964,24.46,0
157,"2014-02",57.668,24.56,9941,43870581.7880132,"SaoPaulo",9941,43870581.7880132,2,2014,"SaoPaulo",57.668,24.56,0
158,"2014-03",109.604,24.42,29045,43870581.7880132,"SaoPaulo",29045,43870581.7880132,3,2014,"SaoPaulo",109.604,24.42,0
159,"2014-04",74.799,23.23,85036,43870581.7880132,"SaoPaulo",85036,43870581.7880132,4,2014,"SaoPaulo",74.799,23.23,0
160,"2014-05",29.159,21.86,62508,43870581.7880132,"SaoPaulo",62508,43870581.7880132,5,2014,"SaoPaulo",29.159,21.86,0
161,"2014-06",42.048,20.51,17675,43870581.7880132,"SaoPaulo",17675,43870581.7880132,6,2014,"SaoPaulo",42.048,20.51,0
162,"2014-07",55.969,19.72,5374,43870581.7880132,"SaoPaulo",5374,43870581.7880132,7,2014,"SaoPaulo",55.969,19.72,0
163,"2014-08",41.818,19.95,2120,43870581.7880132,"SaoPaulo",2120,43870581.7880132,8,2014,"SaoPaulo",41.818,19.95,0
164,"2014-09",16.61,21.84,1652,43870581.7880132,"SaoPaulo",1652,43870581.7880132,9,2014,"SaoPaulo",16.61,21.84,0
165,"2014-10",138.889,22.31,2010,43870581.7880132,"SaoPaulo",2010,43870581.7880132,10,2014,"SaoPaulo",138.889,22.31,0
166,"2014-11",157.967,22.86,2550,43870581.7880132,"SaoPaulo",2550,43870581.7880132,11,2014,"SaoPaulo",157.967,22.86,0
167,"2014-12",92.735,24.05,5082,43870581.7880132,"SaoPaulo",5082,43870581.7880132,12,2014,"SaoPaulo",92.735,24.05,0
168,"2015-01",12.463,26.05,34321,44240129.4083695,"SaoPaulo",34321,44240129.4083695,1,2015,"SaoPaulo",12.463,26.05,0
169,"2015-02",103.397,25.56,107470,44240129.4083695,"SaoPaulo",107470,44240129.4083695,2,2015,"SaoPaulo",103.397,25.56,0
170,"2015-03",103.591,24.92,243038,44240129.4083695,"SaoPaulo",243038,44240129.4083695,3,2015,"SaoPaulo",103.591,24.92,0
171,"2015-04",58.993,23.42,204298,44240129.4083695,"SaoPaulo",204298,44240129.4083695,4,2015,"SaoPaulo",58.993,23.42,0
172,"2015-05",63.59,21.44,100884,44240129.4083695,"SaoPaulo",100884,44240129.4083695,5,2015,"SaoPaulo",63.59,21.44,0
173,"2015-06",53.275,20.84,24731,44240129.4083695,"SaoPaulo",24731,44240129.4083695,6,2015,"SaoPaulo",53.275,20.84,0
174,"2015-07",25.307,20.61,5920,44240129.4083695,"SaoPaulo",5920,44240129.4083695,7,2015,"SaoPaulo",25.307,20.61,0
175,"2015-08",27.673,20.73,2751,44240129.4083695,"SaoPaulo",2751,44240129.4083695,8,2015,"SaoPaulo",27.673,20.73,0
176,"2015-09",26.688,23.63,1846,44240129.4083695,"SaoPaulo",1846,44240129.4083695,9,2015,"SaoPaulo",26.688,23.63,0
177,"2015-10",46.755,24.28,2069,44240129.4083695,"SaoPaulo",2069,44240129.4083695,10,2015,"SaoPaulo",46.755,24.28,0
178,"2015-11",108.872,25.72,3729,44240129.4083695,"SaoPaulo",3729,44240129.4083695,11,2015,"SaoPaulo",108.872,25.72,0
179,"2015-12",82.184,26.17,9672,44240129.4083695,"SaoPaulo",9672,44240129.4083695,12,2015,"SaoPaulo",82.184,26.17,0
180,"2016-01",247.358,25.19,31754,44605998.8615442,"SaoPaulo",31754,44605998.8615442,1,2016,"SaoPaulo",247.358,25.19,0
181,"2016-02",32.295,26.24,53618,44605998.8615442,"SaoPaulo",53618,44605998.8615442,2,2016,"SaoPaulo",32.295,26.24,0
182,"2016-03",55.789,25.86,58609,44605998.8615442,"SaoPaulo",58609,44605998.8615442,3,2016,"SaoPaulo",55.789,25.86,0
183,"2016-04",34.438,25.18,39616,44605998.8615442,"SaoPaulo",39616,44605998.8615442,4,2016,"SaoPaulo",34.438,25.18,0
184,"2016-05",29.45,22.58,15488,44605998.8615442,"SaoPaulo",15488,44605998.8615442,5,2016,"SaoPaulo",29.45,22.58,0
185,"2016-06",40.904,20.59,3149,44605998.8615442,"SaoPaulo",3149,44605998.8615442,6,2016,"SaoPaulo",40.904,20.59,0
186,"2016-07",23.941,20.44,1153,44605998.8615442,"SaoPaulo",1153,44605998.8615442,7,2016,"SaoPaulo",23.941,20.44,0
187,"2016-08",15.06,21.54,658,44605998.8615442,"SaoPaulo",658,44605998.8615442,8,2016,"SaoPaulo",15.06,21.54,0
188,"2016-09",41.778,22.48,579,44605998.8615442,"SaoPaulo",579,44605998.8615442,9,2016,"SaoPaulo",41.778,22.48,0
189,"2016-10",85.826,22.82,819,44605998.8615442,"SaoPaulo",819,44605998.8615442,10,2016,"SaoPaulo",85.826,22.82,0
190,"2016-11",233.246,23.19,1239,44605998.8615442,"SaoPaulo",1239,44605998.8615442,11,2016,"SaoPaulo",233.246,23.19,0
191,"2016-12",149.453,24.65,1212,44605998.8615442,"SaoPaulo",1212,44605998.8615442,12,2016,"SaoPaulo",149.453,24.65,0
0,"2001-01",165.643,24.16,NA,1988483.9296875,"Sergipe",NA,1988483.9296875,1,2001,"Sergipe",165.643,24.16,0
1,"2001-02",156.306,24.65,NA,1988483.9296875,"Sergipe",NA,1988483.9296875,2,2001,"Sergipe",156.306,24.65,0
2,"2001-03",214.859,23.79,408,1988483.9296875,"Sergipe",408,1988483.9296875,3,2001,"Sergipe",214.859,23.79,0
3,"2001-04",45.105,24.34,526,1988483.9296875,"Sergipe",526,1988483.9296875,4,2001,"Sergipe",45.105,24.34,0
4,"2001-05",25.765,23.42,833,1988483.9296875,"Sergipe",833,1988483.9296875,5,2001,"Sergipe",25.765,23.42,0
5,"2001-06",1.802,22.31,555,1988483.9296875,"Sergipe",555,1988483.9296875,6,2001,"Sergipe",1.802,22.31,0
6,"2001-07",0.742,23.17,328,1988483.9296875,"Sergipe",328,1988483.9296875,7,2001,"Sergipe",0.742,23.17,0
7,"2001-08",6.704,23.9,219,1988483.9296875,"Sergipe",219,1988483.9296875,8,2001,"Sergipe",6.704,23.9,0
8,"2001-09",41.784,25.96,105,1988483.9296875,"Sergipe",105,1988483.9296875,9,2001,"Sergipe",41.784,25.96,0
9,"2001-10",137.686,24.56,127,1988483.9296875,"Sergipe",127,1988483.9296875,10,2001,"Sergipe",137.686,24.56,0
10,"2001-11",253.026,24.06,155,1988483.9296875,"Sergipe",155,1988483.9296875,11,2001,"Sergipe",253.026,24.06,0
11,"2001-12",268.829,23.79,153,1988483.9296875,"Sergipe",153,1988483.9296875,12,2001,"Sergipe",268.829,23.79,0
12,"2002-01",292.49,23.73,351,2011409.734375,"Sergipe",351,2011409.734375,1,2002,"Sergipe",292.49,23.73,0
13,"2002-02",255.847,23.8,896,2011409.734375,"Sergipe",896,2011409.734375,2,2002,"Sergipe",255.847,23.8,0
14,"2002-03",158.399,24.51,1580,2011409.734375,"Sergipe",1580,2011409.734375,3,2002,"Sergipe",158.399,24.51,0
15,"2002-04",17.997,25.01,1157,2011409.734375,"Sergipe",1157,2011409.734375,4,2002,"Sergipe",17.997,25.01,0
16,"2002-05",14.45,24.3,649,2011409.734375,"Sergipe",649,2011409.734375,5,2002,"Sergipe",14.45,24.3,0
17,"2002-06",0.085,23.06,607,2011409.734375,"Sergipe",607,2011409.734375,6,2002,"Sergipe",0.085,23.06,0
18,"2002-07",2.051,23.69,462,2011409.734375,"Sergipe",462,2011409.734375,7,2002,"Sergipe",2.051,23.69,0
19,"2002-08",2.997,25.46,300,2011409.734375,"Sergipe",300,2011409.734375,8,2002,"Sergipe",2.997,25.46,0
20,"2002-09",38.796,25.68,214,2011409.734375,"Sergipe",214,2011409.734375,9,2002,"Sergipe",38.796,25.68,0
21,"2002-10",48.774,28.04,172,2011409.734375,"Sergipe",172,2011409.734375,10,2002,"Sergipe",48.774,28.04,0
22,"2002-11",171.534,25.19,219,2011409.734375,"Sergipe",219,2011409.734375,11,2002,"Sergipe",171.534,25.19,0
23,"2002-12",269.888,24.86,159,2011409.734375,"Sergipe",159,2011409.734375,12,2002,"Sergipe",269.888,24.86,0
24,"2003-01",317.639,23.89,449,2034329.9453125,"Sergipe",449,2034329.9453125,1,2003,"Sergipe",317.639,23.89,0
25,"2003-02",144.091,24.62,734,2034329.9453125,"Sergipe",734,2034329.9453125,2,2003,"Sergipe",144.091,24.62,0
26,"2003-03",233.529,23.91,869,2034329.9453125,"Sergipe",869,2034329.9453125,3,2003,"Sergipe",233.529,23.91,0
27,"2003-04",102.516,23.78,878,2034329.9453125,"Sergipe",878,2034329.9453125,4,2003,"Sergipe",102.516,23.78,0
28,"2003-05",21.566,22.7,757,2034329.9453125,"Sergipe",757,2034329.9453125,5,2003,"Sergipe",21.566,22.7,0
29,"2003-06",0.35,22.53,552,2034329.9453125,"Sergipe",552,2034329.9453125,6,2003,"Sergipe",0.35,22.53,0
30,"2003-07",0.14,22.06,283,2034329.9453125,"Sergipe",283,2034329.9453125,7,2003,"Sergipe",0.14,22.06,0
31,"2003-08",8.812,24.2,178,2034329.9453125,"Sergipe",178,2034329.9453125,8,2003,"Sergipe",8.812,24.2,0
32,"2003-09",15.2,26.54,106,2034329.9453125,"Sergipe",106,2034329.9453125,9,2003,"Sergipe",15.2,26.54,0
33,"2003-10",73.062,25.92,90,2034329.9453125,"Sergipe",90,2034329.9453125,10,2003,"Sergipe",73.062,25.92,0
34,"2003-11",173.443,24.71,82,2034329.9453125,"Sergipe",82,2034329.9453125,11,2003,"Sergipe",173.443,24.71,0
35,"2003-12",187.182,25.21,97,2034329.9453125,"Sergipe",97,2034329.9453125,12,2003,"Sergipe",187.182,25.21,0
36,"2004-01",418.96,23.38,70,2057244.609375,"Sergipe",70,2057244.609375,1,2004,"Sergipe",418.96,23.38,0
37,"2004-02",342.192,23.02,66,2057244.609375,"Sergipe",66,2057244.609375,2,2004,"Sergipe",342.192,23.02,0
38,"2004-03",184.002,23.62,92,2057244.609375,"Sergipe",92,2057244.609375,3,2004,"Sergipe",184.002,23.62,0
39,"2004-04",110.827,23.62,60,2057244.609375,"Sergipe",60,2057244.609375,4,2004,"Sergipe",110.827,23.62,0
40,"2004-05",9.578,23.38,56,2057244.609375,"Sergipe",56,2057244.609375,5,2004,"Sergipe",9.578,23.38,0
41,"2004-06",1.842,21.9,61,2057244.609375,"Sergipe",61,2057244.609375,6,2004,"Sergipe",1.842,21.9,0
42,"2004-07",6.827,21.84,52,2057244.609375,"Sergipe",52,2057244.609375,7,2004,"Sergipe",6.827,21.84,0
43,"2004-08",0.338,24.06,42,2057244.609375,"Sergipe",42,2057244.609375,8,2004,"Sergipe",0.338,24.06,0
44,"2004-09",0.774,27.3,39,2057244.609375,"Sergipe",39,2057244.609375,9,2004,"Sergipe",0.774,27.3,0
45,"2004-10",96.68,26.27,9,2057244.609375,"Sergipe",9,2057244.609375,10,2004,"Sergipe",96.68,26.27,0
46,"2004-11",130.302,25.25,13,2057244.609375,"Sergipe",13,2057244.609375,11,2004,"Sergipe",130.302,25.25,0
47,"2004-12",203.493,24.38,29,2057244.609375,"Sergipe",29,2057244.609375,12,2004,"Sergipe",203.493,24.38,0
48,"2005-01",334.226,23.99,11,2080153.6484375,"Sergipe",11,2080153.6484375,1,2005,"Sergipe",334.226,23.99,0
49,"2005-02",144.584,24.75,32,2080153.6484375,"Sergipe",32,2080153.6484375,2,2005,"Sergipe",144.584,24.75,0
50,"2005-03",257.893,23.82,68,2080153.6484375,"Sergipe",68,2080153.6484375,3,2005,"Sergipe",257.893,23.82,0
51,"2005-04",53.858,24.58,73,2080153.6484375,"Sergipe",73,2080153.6484375,4,2005,"Sergipe",53.858,24.58,0
52,"2005-05",17.571,23.15,87,2080153.6484375,"Sergipe",87,2080153.6484375,5,2005,"Sergipe",17.571,23.15,0
53,"2005-06",1.656,22.69,132,2080153.6484375,"Sergipe",132,2080153.6484375,6,2005,"Sergipe",1.656,22.69,0
54,"2005-07",0.789,22.2,133,2080153.6484375,"Sergipe",133,2080153.6484375,7,2005,"Sergipe",0.789,22.2,0
55,"2005-08",1.041,24.6,87,2080153.6484375,"Sergipe",87,2080153.6484375,8,2005,"Sergipe",1.041,24.6,0
56,"2005-09",43.651,26.62,35,2080153.6484375,"Sergipe",35,2080153.6484375,9,2005,"Sergipe",43.651,26.62,0
57,"2005-10",59.484,27.37,51,2080153.6484375,"Sergipe",51,2080153.6484375,10,2005,"Sergipe",59.484,27.37,0
58,"2005-11",266.457,24.39,89,2080153.6484375,"Sergipe",89,2080153.6484375,11,2005,"Sergipe",266.457,24.39,0
59,"2005-12",342.04,23.13,58,2080153.6484375,"Sergipe",58,2080153.6484375,12,2005,"Sergipe",342.04,23.13,0
60,"2006-01",146.23,24.86,103,2102952.66976601,"Sergipe",103,2102952.66976601,1,2006,"Sergipe",146.23,24.86,0
61,"2006-02",226.542,24.33,95,2102952.66976601,"Sergipe",95,2102952.66976601,2,2006,"Sergipe",226.542,24.33,0
62,"2006-03",270.24,23.67,184,2102952.66976601,"Sergipe",184,2102952.66976601,3,2006,"Sergipe",270.24,23.67,0
63,"2006-04",126.776,23.24,252,2102952.66976601,"Sergipe",252,2102952.66976601,4,2006,"Sergipe",126.776,23.24,0
64,"2006-05",14.007,22.16,306,2102952.66976601,"Sergipe",306,2102952.66976601,5,2006,"Sergipe",14.007,22.16,0
65,"2006-06",0.538,22.05,168,2102952.66976601,"Sergipe",168,2102952.66976601,6,2006,"Sergipe",0.538,22.05,0
66,"2006-07",1.411,22.52,101,2102952.66976601,"Sergipe",101,2102952.66976601,7,2006,"Sergipe",1.411,22.52,0
67,"2006-08",3.501,25.04,63,2102952.66976601,"Sergipe",63,2102952.66976601,8,2006,"Sergipe",3.501,25.04,0
68,"2006-09",62.316,25.53,50,2102952.66976601,"Sergipe",50,2102952.66976601,9,2006,"Sergipe",62.316,25.53,0
69,"2006-10",217.58,24.01,90,2102952.66976601,"Sergipe",90,2102952.66976601,10,2006,"Sergipe",217.58,24.01,0
70,"2006-11",236.042,23.9,112,2102952.66976601,"Sergipe",112,2102952.66976601,11,2006,"Sergipe",236.042,23.9,0
71,"2006-12",297.429,24.13,103,2102952.66976601,"Sergipe",103,2102952.66976601,12,2006,"Sergipe",297.429,24.13,0
72,"2007-01",276.093,24.45,74,2124891.13979929,"Sergipe",74,2124891.13979929,1,2007,"Sergipe",276.093,24.45,0
73,"2007-02",285.488,23.4,62,2124891.13979929,"Sergipe",62,2124891.13979929,2,2007,"Sergipe",285.488,23.4,0
74,"2007-03",68.079,24.8,97,2124891.13979929,"Sergipe",97,2124891.13979929,3,2007,"Sergipe",68.079,24.8,0
75,"2007-04",53.356,24.87,264,2124891.13979929,"Sergipe",264,2124891.13979929,4,2007,"Sergipe",53.356,24.87,0
76,"2007-05",5.03,23.66,157,2124891.13979929,"Sergipe",157,2124891.13979929,5,2007,"Sergipe",5.03,23.66,0
77,"2007-06",0.504,22.84,147,2124891.13979929,"Sergipe",147,2124891.13979929,6,2007,"Sergipe",0.504,22.84,0
78,"2007-07",6.165,23.17,223,2124891.13979929,"Sergipe",223,2124891.13979929,7,2007,"Sergipe",6.165,23.17,0
79,"2007-08",0.1,24,110,2124891.13979929,"Sergipe",110,2124891.13979929,8,2007,"Sergipe",0.1,24,0
80,"2007-09",1.129,27.39,75,2124891.13979929,"Sergipe",75,2124891.13979929,9,2007,"Sergipe",1.129,27.39,0
81,"2007-10",51.541,27.73,47,2124891.13979929,"Sergipe",47,2124891.13979929,10,2007,"Sergipe",51.541,27.73,0
82,"2007-11",177.105,25.52,55,2124891.13979929,"Sergipe",55,2124891.13979929,11,2007,"Sergipe",177.105,25.52,0
83,"2007-12",243.641,24.17,91,2124891.13979929,"Sergipe",91,2124891.13979929,12,2007,"Sergipe",243.641,24.17,0
84,"2008-01",302.42,23.85,412,2146125.52240918,"Sergipe",412,2146125.52240918,1,2008,"Sergipe",302.42,23.85,0
85,"2008-02",244.742,23.69,617,2146125.52240918,"Sergipe",617,2146125.52240918,2,2008,"Sergipe",244.742,23.69,0
86,"2008-03",222.627,23.34,3751,2146125.52240918,"Sergipe",3751,2146125.52240918,3,2008,"Sergipe",222.627,23.34,0
87,"2008-04",132.48,23.59,13149,2146125.52240918,"Sergipe",13149,2146125.52240918,4,2008,"Sergipe",132.48,23.59,0
88,"2008-05",9.672,22.71,7323,2146125.52240918,"Sergipe",7323,2146125.52240918,5,2008,"Sergipe",9.672,22.71,0
89,"2008-06",0.501,22.43,1647,2146125.52240918,"Sergipe",1647,2146125.52240918,6,2008,"Sergipe",0.501,22.43,0
90,"2008-07",0.059,22.03,186,2146125.52240918,"Sergipe",186,2146125.52240918,7,2008,"Sergipe",0.059,22.03,0
91,"2008-08",1.41,24.71,65,2146125.52240918,"Sergipe",65,2146125.52240918,8,2008,"Sergipe",1.41,24.71,0
92,"2008-09",18.886,26.63,58,2146125.52240918,"Sergipe",58,2146125.52240918,9,2008,"Sergipe",18.886,26.63,0
93,"2008-10",60.321,27.36,81,2146125.52240918,"Sergipe",81,2146125.52240918,10,2008,"Sergipe",60.321,27.36,0
94,"2008-11",198.116,24.95,72,2146125.52240918,"Sergipe",72,2146125.52240918,11,2008,"Sergipe",198.116,24.95,0
95,"2008-12",299.342,23.57,106,2146125.52240918,"Sergipe",106,2146125.52240918,12,2008,"Sergipe",299.342,23.57,0
96,"2009-01",259.068,24.18,150,2166879.33741264,"Sergipe",150,2166879.33741264,1,2009,"Sergipe",259.068,24.18,0
97,"2009-02",218.343,24.38,213,2166879.33741264,"Sergipe",213,2166879.33741264,2,2009,"Sergipe",218.343,24.38,0
98,"2009-03",199.975,24.53,483,2166879.33741264,"Sergipe",483,2166879.33741264,3,2009,"Sergipe",199.975,24.53,0
99,"2009-04",153.205,23.09,345,2166879.33741264,"Sergipe",345,2166879.33741264,4,2009,"Sergipe",153.205,23.09,0
100,"2009-05",22.367,22.87,229,2166879.33741264,"Sergipe",229,2166879.33741264,5,2009,"Sergipe",22.367,22.87,0
101,"2009-06",8.837,22.08,97,2166879.33741264,"Sergipe",97,2166879.33741264,6,2009,"Sergipe",8.837,22.08,0
102,"2009-07",1.53,23.35,42,2166879.33741264,"Sergipe",42,2166879.33741264,7,2009,"Sergipe",1.53,23.35,0
103,"2009-08",18.653,24.37,39,2166879.33741264,"Sergipe",39,2166879.33741264,8,2009,"Sergipe",18.653,24.37,0
104,"2009-09",67.32,25.97,15,2166879.33741264,"Sergipe",15,2166879.33741264,9,2009,"Sergipe",67.32,25.97,0
105,"2009-10",193.649,25.15,17,2166879.33741264,"Sergipe",17,2166879.33741264,10,2009,"Sergipe",193.649,25.15,0
106,"2009-11",171.346,24.93,27,2166879.33741264,"Sergipe",27,2166879.33741264,11,2009,"Sergipe",171.346,24.93,0
107,"2009-12",335.613,23.85,21,2166879.33741264,"Sergipe",21,2166879.33741264,12,2009,"Sergipe",335.613,23.85,0
108,"2010-01",225.785,24.53,49,2187297.87269067,"Sergipe",49,2187297.87269067,1,2010,"Sergipe",225.785,24.53,0
109,"2010-02",169.839,25.3,51,2187297.87269067,"Sergipe",51,2187297.87269067,2,2010,"Sergipe",169.839,25.3,0
110,"2010-03",180.662,24.6,40,2187297.87269067,"Sergipe",40,2187297.87269067,3,2010,"Sergipe",180.662,24.6,0
111,"2010-04",70.686,24.14,80,2187297.87269067,"Sergipe",80,2187297.87269067,4,2010,"Sergipe",70.686,24.14,0
112,"2010-05",5.35,24.11,105,2187297.87269067,"Sergipe",105,2187297.87269067,5,2010,"Sergipe",5.35,24.11,0
113,"2010-06",1.691,22.92,76,2187297.87269067,"Sergipe",76,2187297.87269067,6,2010,"Sergipe",1.691,22.92,0
114,"2010-07",0.313,23.46,93,2187297.87269067,"Sergipe",93,2187297.87269067,7,2010,"Sergipe",0.313,23.46,0
115,"2010-08",0.027,24.21,146,2187297.87269067,"Sergipe",146,2187297.87269067,8,2010,"Sergipe",0.027,24.21,0
116,"2010-09",8.152,27.78,80,2187297.87269067,"Sergipe",80,2187297.87269067,9,2010,"Sergipe",8.152,27.78,0
117,"2010-10",153.371,26.2,103,2187297.87269067,"Sergipe",103,2187297.87269067,10,2010,"Sergipe",153.371,26.2,0
118,"2010-11",250.074,23.9,95,2187297.87269067,"Sergipe",95,2187297.87269067,11,2010,"Sergipe",250.074,23.9,0
119,"2010-12",263.541,24.22,95,2187297.87269067,"Sergipe",95,2187297.87269067,12,2010,"Sergipe",263.541,24.22,0
120,"2011-01",293.977,23.79,152,2207425.83220668,"Sergipe",152,2207425.83220668,1,2011,"Sergipe",293.977,23.79,0
121,"2011-02",205.624,24.29,223,2207425.83220668,"Sergipe",223,2207425.83220668,2,2011,"Sergipe",205.624,24.29,0
122,"2011-03",322.893,23.22,310,2207425.83220668,"Sergipe",310,2207425.83220668,3,2011,"Sergipe",322.893,23.22,0
123,"2011-04",64.522,23.89,452,2207425.83220668,"Sergipe",452,2207425.83220668,4,2011,"Sergipe",64.522,23.89,0
124,"2011-05",3.801,23.43,459,2207425.83220668,"Sergipe",459,2207425.83220668,5,2011,"Sergipe",3.801,23.43,0
125,"2011-06",7.611,22.56,334,2207425.83220668,"Sergipe",334,2207425.83220668,6,2011,"Sergipe",7.611,22.56,0
126,"2011-07",0.092,23.01,319,2207425.83220668,"Sergipe",319,2207425.83220668,7,2011,"Sergipe",0.092,23.01,0
127,"2011-08",1.313,25.29,196,2207425.83220668,"Sergipe",196,2207425.83220668,8,2011,"Sergipe",1.313,25.29,0
128,"2011-09",3.522,27.03,135,2207425.83220668,"Sergipe",135,2207425.83220668,9,2011,"Sergipe",3.522,27.03,0
129,"2011-10",196.324,24.19,138,2207425.83220668,"Sergipe",138,2207425.83220668,10,2011,"Sergipe",196.324,24.19,0
130,"2011-11",191.005,23.54,82,2207425.83220668,"Sergipe",82,2207425.83220668,11,2011,"Sergipe",191.005,23.54,0
131,"2011-12",279.176,23.6,45,2207425.83220668,"Sergipe",45,2207425.83220668,12,2011,"Sergipe",279.176,23.6,0
132,"2012-01",301.954,23.23,476,2227229.68798812,"Sergipe",476,2227229.68798812,1,2012,"Sergipe",301.954,23.23,0
133,"2012-02",150.782,23.97,615,2227229.68798812,"Sergipe",615,2227229.68798812,2,2012,"Sergipe",150.782,23.97,0
134,"2012-03",125.039,24.48,825,2227229.68798812,"Sergipe",825,2227229.68798812,3,2012,"Sergipe",125.039,24.48,0
135,"2012-04",55.546,24.9,1056,2227229.68798812,"Sergipe",1056,2227229.68798812,4,2012,"Sergipe",55.546,24.9,0
136,"2012-05",30.818,23.01,902,2227229.68798812,"Sergipe",902,2227229.68798812,5,2012,"Sergipe",30.818,23.01,0
137,"2012-06",15.167,23.46,482,2227229.68798812,"Sergipe",482,2227229.68798812,6,2012,"Sergipe",15.167,23.46,0
138,"2012-07",1.79,22.95,360,2227229.68798812,"Sergipe",360,2227229.68798812,7,2012,"Sergipe",1.79,22.95,0
139,"2012-08",0.129,23.85,182,2227229.68798812,"Sergipe",182,2227229.68798812,8,2012,"Sergipe",0.129,23.85,0
140,"2012-09",19.355,27.11,109,2227229.68798812,"Sergipe",109,2227229.68798812,9,2012,"Sergipe",19.355,27.11,0
141,"2012-10",43.844,27.71,97,2227229.68798812,"Sergipe",97,2227229.68798812,10,2012,"Sergipe",43.844,27.71,0
142,"2012-11",291.381,23.99,64,2227229.68798812,"Sergipe",64,2227229.68798812,11,2012,"Sergipe",291.381,23.99,0
143,"2012-12",143.099,25.46,213,2227229.68798812,"Sergipe",213,2227229.68798812,12,2012,"Sergipe",143.099,25.46,0
144,"2013-01",396.052,23.68,437,2246776.49598006,"Sergipe",437,2246776.49598006,1,2013,"Sergipe",396.052,23.68,0
145,"2013-02",138.662,24.79,523,2246776.49598006,"Sergipe",523,2246776.49598006,2,2013,"Sergipe",138.662,24.79,0
146,"2013-03",219.871,24.59,382,2246776.49598006,"Sergipe",382,2246776.49598006,3,2013,"Sergipe",219.871,24.59,0
147,"2013-04",102.71,23.34,481,2246776.49598006,"Sergipe",481,2246776.49598006,4,2013,"Sergipe",102.71,23.34,0
148,"2013-05",16.686,23.63,314,2246776.49598006,"Sergipe",314,2246776.49598006,5,2013,"Sergipe",16.686,23.63,0
149,"2013-06",19.013,23.2,165,2246776.49598006,"Sergipe",165,2246776.49598006,6,2013,"Sergipe",19.013,23.2,0
150,"2013-07",0.802,22.94,98,2246776.49598006,"Sergipe",98,2246776.49598006,7,2013,"Sergipe",0.802,22.94,0
151,"2013-08",0.235,24.12,61,2246776.49598006,"Sergipe",61,2246776.49598006,8,2013,"Sergipe",0.235,24.12,0
152,"2013-09",17.223,26.41,44,2246776.49598006,"Sergipe",44,2246776.49598006,9,2013,"Sergipe",17.223,26.41,0
153,"2013-10",105.775,25.71,71,2246776.49598006,"Sergipe",71,2246776.49598006,10,2013,"Sergipe",105.775,25.71,0
154,"2013-11",224.11,24.46,74,2246776.49598006,"Sergipe",74,2246776.49598006,11,2013,"Sergipe",224.11,24.46,0
155,"2013-12",308.996,23.91,78,2246776.49598006,"Sergipe",78,2246776.49598006,12,2013,"Sergipe",308.996,23.91,0
156,"2014-01",126.984,24.76,80,2266088.60816422,"Sergipe",80,2266088.60816422,1,2014,"Sergipe",126.984,24.76,0
157,"2014-02",173.377,24.41,70,2266088.60816422,"Sergipe",70,2266088.60816422,2,2014,"Sergipe",173.377,24.41,0
158,"2014-03",237.2,23.72,134,2266088.60816422,"Sergipe",134,2266088.60816422,3,2014,"Sergipe",237.2,23.72,0
159,"2014-04",102.473,23.85,274,2266088.60816422,"Sergipe",274,2266088.60816422,4,2014,"Sergipe",102.473,23.85,0
160,"2014-05",6.107,23.16,614,2266088.60816422,"Sergipe",614,2266088.60816422,5,2014,"Sergipe",6.107,23.16,0
161,"2014-06",3.375,22.9,390,2266088.60816422,"Sergipe",390,2266088.60816422,6,2014,"Sergipe",3.375,22.9,0
162,"2014-07",19.644,22.7,294,2266088.60816422,"Sergipe",294,2266088.60816422,7,2014,"Sergipe",19.644,22.7,0
163,"2014-08",0.122,24.51,144,2266088.60816422,"Sergipe",144,2266088.60816422,8,2014,"Sergipe",0.122,24.51,0
164,"2014-09",19.915,27.2,136,2266088.60816422,"Sergipe",136,2266088.60816422,9,2014,"Sergipe",19.915,27.2,0
165,"2014-10",80.165,27.27,116,2266088.60816422,"Sergipe",116,2266088.60816422,10,2014,"Sergipe",80.165,27.27,0
166,"2014-11",221.767,24.52,106,2266088.60816422,"Sergipe",106,2266088.60816422,11,2014,"Sergipe",221.767,24.52,0
167,"2014-12",261.284,23.64,167,2266088.60816422,"Sergipe",167,2266088.60816422,12,2014,"Sergipe",261.284,23.64,0
168,"2015-01",88.786,25.78,342,2285177.20053143,"Sergipe",342,2285177.20053143,1,2015,"Sergipe",88.786,25.78,0
169,"2015-02",217.743,24.24,375,2285177.20053143,"Sergipe",375,2285177.20053143,2,2015,"Sergipe",217.743,24.24,0
170,"2015-03",244.383,23.67,1056,2285177.20053143,"Sergipe",1056,2285177.20053143,3,2015,"Sergipe",244.383,23.67,0
171,"2015-04",164.329,23.86,1120,2285177.20053143,"Sergipe",1120,2285177.20053143,4,2015,"Sergipe",164.329,23.86,0
172,"2015-05",48.245,22.69,805,2285177.20053143,"Sergipe",805,2285177.20053143,5,2015,"Sergipe",48.245,22.69,0
173,"2015-06",2.168,22.8,342,2285177.20053143,"Sergipe",342,2285177.20053143,6,2015,"Sergipe",2.168,22.8,0
174,"2015-07",6.815,23.23,191,2285177.20053143,"Sergipe",191,2285177.20053143,7,2015,"Sergipe",6.815,23.23,0
175,"2015-08",3.405,24.63,634,2285177.20053143,"Sergipe",634,2285177.20053143,8,2015,"Sergipe",3.405,24.63,0
176,"2015-09",20.642,27.72,1359,2285177.20053143,"Sergipe",1359,2285177.20053143,9,2015,"Sergipe",20.642,27.72,0
177,"2015-10",81.546,28.52,1177,2285177.20053143,"Sergipe",1177,2285177.20053143,10,2015,"Sergipe",81.546,28.52,0
178,"2015-11",176.915,26.16,1911,2285177.20053143,"Sergipe",1911,2285177.20053143,11,2015,"Sergipe",176.915,26.16,0
179,"2015-12",133.192,26.4,1030,2285177.20053143,"Sergipe",1030,2285177.20053143,12,2015,"Sergipe",133.192,26.4,0
180,"2016-01",493.914,23.67,480,2304075.80105423,"Sergipe",480,2304075.80105423,1,2016,"Sergipe",493.914,23.67,0
181,"2016-02",112.362,25.73,1397,2304075.80105423,"Sergipe",1397,2304075.80105423,2,2016,"Sergipe",112.362,25.73,0
182,"2016-03",165.34,25.34,919,2304075.80105423,"Sergipe",919,2304075.80105423,3,2016,"Sergipe",165.34,25.34,0
183,"2016-04",10.755,26.27,879,2304075.80105423,"Sergipe",879,2304075.80105423,4,2016,"Sergipe",10.755,26.27,0
184,"2016-05",8.106,25.01,292,2304075.80105423,"Sergipe",292,2304075.80105423,5,2016,"Sergipe",8.106,25.01,0
185,"2016-06",5.47,23.22,117,2304075.80105423,"Sergipe",117,2304075.80105423,6,2016,"Sergipe",5.47,23.22,0
186,"2016-07",0.12,23.83,136,2304075.80105423,"Sergipe",136,2304075.80105423,7,2016,"Sergipe",0.12,23.83,0
187,"2016-08",8.712,25.26,212,2304075.80105423,"Sergipe",212,2304075.80105423,8,2016,"Sergipe",8.712,25.26,0
188,"2016-09",29.082,27.04,154,2304075.80105423,"Sergipe",154,2304075.80105423,9,2016,"Sergipe",29.082,27.04,0
189,"2016-10",114.678,26.38,335,2304075.80105423,"Sergipe",335,2304075.80105423,10,2016,"Sergipe",114.678,26.38,0
190,"2016-11",224.707,24.78,131,2304075.80105423,"Sergipe",131,2304075.80105423,11,2016,"Sergipe",224.707,24.78,0
191,"2016-12",198.891,25.02,112,2304075.80105423,"Sergipe",112,2304075.80105423,12,2016,"Sergipe",198.891,25.02,0
0,"2001-01",223.239,24.68,NA,1123851.23051453,"Tocantins",NA,1123851.23051453,1,2001,"Tocantins",223.239,24.68,0
1,"2001-02",251.945,24.32,NA,1123851.23051453,"Tocantins",NA,1123851.23051453,2,2001,"Tocantins",251.945,24.32,0
2,"2001-03",287.635,24.52,619,1123851.23051453,"Tocantins",619,1123851.23051453,3,2001,"Tocantins",287.635,24.52,0
3,"2001-04",274.396,24.59,541,1123851.23051453,"Tocantins",541,1123851.23051453,4,2001,"Tocantins",274.396,24.59,0
4,"2001-05",74.363,25.77,529,1123851.23051453,"Tocantins",529,1123851.23051453,5,2001,"Tocantins",74.363,25.77,0
5,"2001-06",83.617,25.44,242,1123851.23051453,"Tocantins",242,1123851.23051453,6,2001,"Tocantins",83.617,25.44,0
6,"2001-07",23.291,26.39,103,1123851.23051453,"Tocantins",103,1123851.23051453,7,2001,"Tocantins",23.291,26.39,0
7,"2001-08",4.406,27.21,91,1123851.23051453,"Tocantins",91,1123851.23051453,8,2001,"Tocantins",4.406,27.21,0
8,"2001-09",25.151,27.65,64,1123851.23051453,"Tocantins",64,1123851.23051453,9,2001,"Tocantins",25.151,27.65,0
9,"2001-10",46.219,27.82,111,1123851.23051453,"Tocantins",111,1123851.23051453,10,2001,"Tocantins",46.219,27.82,0
10,"2001-11",90.601,27.29,597,1123851.23051453,"Tocantins",597,1123851.23051453,11,2001,"Tocantins",90.601,27.29,0
11,"2001-12",137.455,26.64,603,1123851.23051453,"Tocantins",603,1123851.23051453,12,2001,"Tocantins",137.455,26.64,0
12,"2002-01",318.437,24.72,741,1136919.9571228,"Tocantins",741,1136919.9571228,1,2002,"Tocantins",318.437,24.72,0
13,"2002-02",166.298,25.56,517,1136919.9571228,"Tocantins",517,1136919.9571228,2,2002,"Tocantins",166.298,25.56,0
14,"2002-03",274.238,25.07,281,1136919.9571228,"Tocantins",281,1136919.9571228,3,2002,"Tocantins",274.238,25.07,0
15,"2002-04",283.003,25,212,1136919.9571228,"Tocantins",212,1136919.9571228,4,2002,"Tocantins",283.003,25,0
16,"2002-05",153.517,25.48,110,1136919.9571228,"Tocantins",110,1136919.9571228,5,2002,"Tocantins",153.517,25.48,0
17,"2002-06",59.074,25.66,47,1136919.9571228,"Tocantins",47,1136919.9571228,6,2002,"Tocantins",59.074,25.66,0
18,"2002-07",18.66,26.62,42,1136919.9571228,"Tocantins",42,1136919.9571228,7,2002,"Tocantins",18.66,26.62,0
19,"2002-08",5.943,27.51,15,1136919.9571228,"Tocantins",15,1136919.9571228,8,2002,"Tocantins",5.943,27.51,0
20,"2002-09",17.421,27.78,19,1136919.9571228,"Tocantins",19,1136919.9571228,9,2002,"Tocantins",17.421,27.78,0
21,"2002-10",17.729,28.3,72,1136919.9571228,"Tocantins",72,1136919.9571228,10,2002,"Tocantins",17.729,28.3,0
22,"2002-11",62.592,27.47,156,1136919.9571228,"Tocantins",156,1136919.9571228,11,2002,"Tocantins",62.592,27.47,0
23,"2002-12",153.782,26.44,262,1136919.9571228,"Tocantins",262,1136919.9571228,12,2002,"Tocantins",153.782,26.44,0
24,"2003-01",179.571,26.01,291,1149992.47813416,"Tocantins",291,1149992.47813416,1,2003,"Tocantins",179.571,26.01,0
25,"2003-02",299.969,24.94,266,1149992.47813416,"Tocantins",266,1149992.47813416,2,2003,"Tocantins",299.969,24.94,0
26,"2003-03",333.433,24.72,354,1149992.47813416,"Tocantins",354,1149992.47813416,3,2003,"Tocantins",333.433,24.72,0
27,"2003-04",218.074,25.29,529,1149992.47813416,"Tocantins",529,1149992.47813416,4,2003,"Tocantins",218.074,25.29,0
28,"2003-05",101.479,25.9,369,1149992.47813416,"Tocantins",369,1149992.47813416,5,2003,"Tocantins",101.479,25.9,0
29,"2003-06",54.606,26.03,120,1149992.47813416,"Tocantins",120,1149992.47813416,6,2003,"Tocantins",54.606,26.03,0
30,"2003-07",13.199,26.56,47,1149992.47813416,"Tocantins",47,1149992.47813416,7,2003,"Tocantins",13.199,26.56,0
31,"2003-08",24.206,27.22,24,1149992.47813416,"Tocantins",24,1149992.47813416,8,2003,"Tocantins",24.206,27.22,0
32,"2003-09",11.031,28.33,31,1149992.47813416,"Tocantins",31,1149992.47813416,9,2003,"Tocantins",11.031,28.33,0
33,"2003-10",22.204,28.64,88,1149992.47813416,"Tocantins",88,1149992.47813416,10,2003,"Tocantins",22.204,28.64,0
34,"2003-11",84.187,27.27,184,1149992.47813416,"Tocantins",184,1149992.47813416,11,2003,"Tocantins",84.187,27.27,0
35,"2003-12",117.555,26.66,167,1149992.47813416,"Tocantins",167,1149992.47813416,12,2003,"Tocantins",117.555,26.66,0
36,"2004-01",388.433,25.17,228,1163068.90805054,"Tocantins",228,1163068.90805054,1,2004,"Tocantins",388.433,25.17,0
37,"2004-02",371.942,24.58,234,1163068.90805054,"Tocantins",234,1163068.90805054,2,2004,"Tocantins",371.942,24.58,0
38,"2004-03",269.625,25.25,178,1163068.90805054,"Tocantins",178,1163068.90805054,3,2004,"Tocantins",269.625,25.25,0
39,"2004-04",155.528,25.63,172,1163068.90805054,"Tocantins",172,1163068.90805054,4,2004,"Tocantins",155.528,25.63,0
40,"2004-05",65.119,26.36,131,1163068.90805054,"Tocantins",131,1163068.90805054,5,2004,"Tocantins",65.119,26.36,0
41,"2004-06",28.218,26.24,75,1163068.90805054,"Tocantins",75,1163068.90805054,6,2004,"Tocantins",28.218,26.24,0
42,"2004-07",31.668,26.21,31,1163068.90805054,"Tocantins",31,1163068.90805054,7,2004,"Tocantins",31.668,26.21,0
43,"2004-08",11.521,27.38,27,1163068.90805054,"Tocantins",27,1163068.90805054,8,2004,"Tocantins",11.521,27.38,0
44,"2004-09",7.833,28.32,24,1163068.90805054,"Tocantins",24,1163068.90805054,9,2004,"Tocantins",7.833,28.32,0
45,"2004-10",45.177,28.14,68,1163068.90805054,"Tocantins",68,1163068.90805054,10,2004,"Tocantins",45.177,28.14,0
46,"2004-11",73.05,27.78,165,1163068.90805054,"Tocantins",165,1163068.90805054,11,2004,"Tocantins",73.05,27.78,0
47,"2004-12",109.434,27.08,176,1163068.90805054,"Tocantins",176,1163068.90805054,12,2004,"Tocantins",109.434,27.08,0
48,"2005-01",174.125,26.35,412,1176149.34815979,"Tocantins",412,1176149.34815979,1,2005,"Tocantins",174.125,26.35,0
49,"2005-02",280.054,25.66,560,1176149.34815979,"Tocantins",560,1176149.34815979,2,2005,"Tocantins",280.054,25.66,0
50,"2005-03",316.891,25.29,523,1176149.34815979,"Tocantins",523,1176149.34815979,3,2005,"Tocantins",316.891,25.29,0
51,"2005-04",162.459,25.97,468,1176149.34815979,"Tocantins",468,1176149.34815979,4,2005,"Tocantins",162.459,25.97,0
52,"2005-05",116.629,25.74,680,1176149.34815979,"Tocantins",680,1176149.34815979,5,2005,"Tocantins",116.629,25.74,0
53,"2005-06",30.664,26.72,339,1176149.34815979,"Tocantins",339,1176149.34815979,6,2005,"Tocantins",30.664,26.72,0
54,"2005-07",13.99,26.86,115,1176149.34815979,"Tocantins",115,1176149.34815979,7,2005,"Tocantins",13.99,26.86,0
55,"2005-08",5.638,27.92,58,1176149.34815979,"Tocantins",58,1176149.34815979,8,2005,"Tocantins",5.638,27.92,0
56,"2005-09",8.371,28.81,23,1176149.34815979,"Tocantins",23,1176149.34815979,9,2005,"Tocantins",8.371,28.81,0
57,"2005-10",9.627,29.12,17,1176149.34815979,"Tocantins",17,1176149.34815979,10,2005,"Tocantins",9.627,29.12,0
58,"2005-11",74.997,28.25,79,1176149.34815979,"Tocantins",79,1176149.34815979,11,2005,"Tocantins",74.997,28.25,0
59,"2005-12",235.491,26.13,144,1176149.34815979,"Tocantins",144,1176149.34815979,12,2005,"Tocantins",235.491,26.13,0
60,"2006-01",178.934,25.75,504,1189040.24883646,"Tocantins",504,1189040.24883646,1,2006,"Tocantins",178.934,25.75,0
61,"2006-02",242.829,25.25,679,1189040.24883646,"Tocantins",679,1189040.24883646,2,2006,"Tocantins",242.829,25.25,0
62,"2006-03",328.923,24.78,1095,1189040.24883646,"Tocantins",1095,1189040.24883646,3,2006,"Tocantins",328.923,24.78,0
63,"2006-04",333.112,24.49,1014,1189040.24883646,"Tocantins",1014,1189040.24883646,4,2006,"Tocantins",333.112,24.49,0
64,"2006-05",154.819,25.21,1021,1189040.24883646,"Tocantins",1021,1189040.24883646,5,2006,"Tocantins",154.819,25.21,0
65,"2006-06",23.974,26.14,271,1189040.24883646,"Tocantins",271,1189040.24883646,6,2006,"Tocantins",23.974,26.14,0
66,"2006-07",11.591,26.85,95,1189040.24883646,"Tocantins",95,1189040.24883646,7,2006,"Tocantins",11.591,26.85,0
67,"2006-08",6.753,27.51,51,1189040.24883646,"Tocantins",51,1189040.24883646,8,2006,"Tocantins",6.753,27.51,0
68,"2006-09",14.561,28.27,148,1189040.24883646,"Tocantins",148,1189040.24883646,9,2006,"Tocantins",14.561,28.27,0
69,"2006-10",50.743,28.4,135,1189040.24883646,"Tocantins",135,1189040.24883646,10,2006,"Tocantins",50.743,28.4,0
70,"2006-11",91.458,27.24,424,1189040.24883646,"Tocantins",424,1189040.24883646,11,2006,"Tocantins",91.458,27.24,0
71,"2006-12",106.404,26.84,652,1189040.24883646,"Tocantins",652,1189040.24883646,12,2006,"Tocantins",106.404,26.84,0
72,"2007-01",114.501,26.82,1779,1201444.58120327,"Tocantins",1779,1201444.58120327,1,2007,"Tocantins",114.501,26.82,0
73,"2007-02",358.151,24.74,2508,1201444.58120327,"Tocantins",2508,1201444.58120327,2,2007,"Tocantins",358.151,24.74,0
74,"2007-03",229.987,25.19,2742,1201444.58120327,"Tocantins",2742,1201444.58120327,3,2007,"Tocantins",229.987,25.19,0
75,"2007-04",230.311,25.29,1636,1201444.58120327,"Tocantins",1636,1201444.58120327,4,2007,"Tocantins",230.311,25.29,0
76,"2007-05",84.926,26.15,1117,1201444.58120327,"Tocantins",1117,1201444.58120327,5,2007,"Tocantins",84.926,26.15,0
77,"2007-06",26.023,26.3,469,1201444.58120327,"Tocantins",469,1201444.58120327,6,2007,"Tocantins",26.023,26.3,0
78,"2007-07",17.323,26.99,233,1201444.58120327,"Tocantins",233,1201444.58120327,7,2007,"Tocantins",17.323,26.99,0
79,"2007-08",5.075,27.73,177,1201444.58120327,"Tocantins",177,1201444.58120327,8,2007,"Tocantins",5.075,27.73,0
80,"2007-09",4.303,28.85,174,1201444.58120327,"Tocantins",174,1201444.58120327,9,2007,"Tocantins",4.303,28.85,0
81,"2007-10",15.93,29.13,399,1201444.58120327,"Tocantins",399,1201444.58120327,10,2007,"Tocantins",15.93,29.13,0
82,"2007-11",62.299,28.45,667,1201444.58120327,"Tocantins",667,1201444.58120327,11,2007,"Tocantins",62.299,28.45,0
83,"2007-12",141.585,26.41,636,1201444.58120327,"Tocantins",636,1201444.58120327,12,2007,"Tocantins",141.585,26.41,0
84,"2008-01",296.652,24.92,2207,1213450.81222565,"Tocantins",2207,1213450.81222565,1,2008,"Tocantins",296.652,24.92,0
85,"2008-02",211.165,25.05,2078,1213450.81222565,"Tocantins",2078,1213450.81222565,2,2008,"Tocantins",211.165,25.05,0
86,"2008-03",406.177,24.17,2262,1213450.81222565,"Tocantins",2262,1213450.81222565,3,2008,"Tocantins",406.177,24.17,0
87,"2008-04",275.551,24.69,1822,1213450.81222565,"Tocantins",1822,1213450.81222565,4,2008,"Tocantins",275.551,24.69,0
88,"2008-05",144.863,25.15,694,1213450.81222565,"Tocantins",694,1213450.81222565,5,2008,"Tocantins",144.863,25.15,0
89,"2008-06",43.364,25.89,258,1213450.81222565,"Tocantins",258,1213450.81222565,6,2008,"Tocantins",43.364,25.89,0
90,"2008-07",10.85,26.55,56,1213450.81222565,"Tocantins",56,1213450.81222565,7,2008,"Tocantins",10.85,26.55,0
91,"2008-08",10.696,27.77,50,1213450.81222565,"Tocantins",50,1213450.81222565,8,2008,"Tocantins",10.696,27.77,0
92,"2008-09",7.841,28.92,48,1213450.81222565,"Tocantins",48,1213450.81222565,9,2008,"Tocantins",7.841,28.92,0
93,"2008-10",14.783,29.32,79,1213450.81222565,"Tocantins",79,1213450.81222565,10,2008,"Tocantins",14.783,29.32,0
94,"2008-11",51.451,28.36,128,1213450.81222565,"Tocantins",128,1213450.81222565,11,2008,"Tocantins",51.451,28.36,0
95,"2008-12",166.699,26.54,311,1213450.81222565,"Tocantins",311,1213450.81222565,12,2008,"Tocantins",166.699,26.54,0
96,"2009-01",218.039,25.62,330,1225185.3232828,"Tocantins",330,1225185.3232828,1,2009,"Tocantins",218.039,25.62,0
97,"2009-02",307.437,24.88,362,1225185.3232828,"Tocantins",362,1225185.3232828,2,2009,"Tocantins",307.437,24.88,0
98,"2009-03",319.092,24.89,493,1225185.3232828,"Tocantins",493,1225185.3232828,3,2009,"Tocantins",319.092,24.89,0
99,"2009-04",417.349,24.36,427,1225185.3232828,"Tocantins",427,1225185.3232828,4,2009,"Tocantins",417.349,24.36,0
100,"2009-05",348.753,24.3,421,1225185.3232828,"Tocantins",421,1225185.3232828,5,2009,"Tocantins",348.753,24.3,0
101,"2009-06",68.798,25.49,309,1225185.3232828,"Tocantins",309,1225185.3232828,6,2009,"Tocantins",68.798,25.49,0
102,"2009-07",23.102,26.4,170,1225185.3232828,"Tocantins",170,1225185.3232828,7,2009,"Tocantins",23.102,26.4,0
103,"2009-08",8.318,27.42,123,1225185.3232828,"Tocantins",123,1225185.3232828,8,2009,"Tocantins",8.318,27.42,0
104,"2009-09",6.807,28.51,130,1225185.3232828,"Tocantins",130,1225185.3232828,9,2009,"Tocantins",6.807,28.51,0
105,"2009-10",45.904,27.95,153,1225185.3232828,"Tocantins",153,1225185.3232828,10,2009,"Tocantins",45.904,27.95,0
106,"2009-11",31.411,28.12,396,1225185.3232828,"Tocantins",396,1225185.3232828,11,2009,"Tocantins",31.411,28.12,0
107,"2009-12",170.536,26.55,650,1225185.3232828,"Tocantins",650,1225185.3232828,12,2009,"Tocantins",170.536,26.55,0
108,"2010-01",207.869,25.86,1361,1236730.26227117,"Tocantins",1361,1236730.26227117,1,2010,"Tocantins",207.869,25.86,0
109,"2010-02",165.096,26.6,1589,1236730.26227117,"Tocantins",1589,1236730.26227117,2,2010,"Tocantins",165.096,26.6,0
110,"2010-03",188.055,26.46,1915,1236730.26227117,"Tocantins",1915,1236730.26227117,3,2010,"Tocantins",188.055,26.46,0
111,"2010-04",245.833,26.09,1761,1236730.26227117,"Tocantins",1761,1236730.26227117,4,2010,"Tocantins",245.833,26.09,0
112,"2010-05",112.841,26.84,1152,1236730.26227117,"Tocantins",1152,1236730.26227117,5,2010,"Tocantins",112.841,26.84,0
113,"2010-06",33.737,26.58,488,1236730.26227117,"Tocantins",488,1236730.26227117,6,2010,"Tocantins",33.737,26.58,0
114,"2010-07",27.12,27.21,175,1236730.26227117,"Tocantins",175,1236730.26227117,7,2010,"Tocantins",27.12,27.21,0
115,"2010-08",6.53,27.82,125,1236730.26227117,"Tocantins",125,1236730.26227117,8,2010,"Tocantins",6.53,27.82,0
116,"2010-09",2.463,29.3,65,1236730.26227117,"Tocantins",65,1236730.26227117,9,2010,"Tocantins",2.463,29.3,0
117,"2010-10",76.888,28.57,66,1236730.26227117,"Tocantins",66,1236730.26227117,10,2010,"Tocantins",76.888,28.57,0
118,"2010-11",68.403,27.82,380,1236730.26227117,"Tocantins",380,1236730.26227117,11,2010,"Tocantins",68.403,27.82,0
119,"2010-12",173.2,26.33,458,1236730.26227117,"Tocantins",458,1236730.26227117,12,2010,"Tocantins",173.2,26.33,0
120,"2011-01",268.528,25,944,1248110.90546659,"Tocantins",944,1248110.90546659,1,2011,"Tocantins",268.528,25,0
121,"2011-02",336.342,24.55,1001,1248110.90546659,"Tocantins",1001,1248110.90546659,2,2011,"Tocantins",336.342,24.55,0
122,"2011-03",283.996,24.9,1291,1248110.90546659,"Tocantins",1291,1248110.90546659,3,2011,"Tocantins",283.996,24.9,0
123,"2011-04",269.996,24.83,1192,1248110.90546659,"Tocantins",1192,1248110.90546659,4,2011,"Tocantins",269.996,24.83,0
124,"2011-05",146.137,25.52,1647,1248110.90546659,"Tocantins",1647,1248110.90546659,5,2011,"Tocantins",146.137,25.52,0
125,"2011-06",39.446,26.36,1193,1248110.90546659,"Tocantins",1193,1248110.90546659,6,2011,"Tocantins",39.446,26.36,0
126,"2011-07",47.585,26.1,612,1248110.90546659,"Tocantins",612,1248110.90546659,7,2011,"Tocantins",47.585,26.1,0
127,"2011-08",13.581,27.5,460,1248110.90546659,"Tocantins",460,1248110.90546659,8,2011,"Tocantins",13.581,27.5,0
128,"2011-09",3.947,28.8,387,1248110.90546659,"Tocantins",387,1248110.90546659,9,2011,"Tocantins",3.947,28.8,0
129,"2011-10",108.066,27.55,325,1248110.90546659,"Tocantins",325,1248110.90546659,10,2011,"Tocantins",108.066,27.55,0
130,"2011-11",116.058,26.48,315,1248110.90546659,"Tocantins",315,1248110.90546659,11,2011,"Tocantins",116.058,26.48,0
131,"2011-12",75.273,27.08,147,1248110.90546659,"Tocantins",147,1248110.90546659,12,2011,"Tocantins",75.273,27.08,0
132,"2012-01",222.451,25.55,1711,1259308.29566221,"Tocantins",1711,1259308.29566221,1,2012,"Tocantins",222.451,25.55,0
133,"2012-02",246.373,24.87,2189,1259308.29566221,"Tocantins",2189,1259308.29566221,2,2012,"Tocantins",246.373,24.87,0
134,"2012-03",222.798,25.08,2260,1259308.29566221,"Tocantins",2260,1259308.29566221,3,2012,"Tocantins",222.798,25.08,0
135,"2012-04",124.156,25.6,2090,1259308.29566221,"Tocantins",2090,1259308.29566221,4,2012,"Tocantins",124.156,25.6,0
136,"2012-05",51.233,26.22,1602,1259308.29566221,"Tocantins",1602,1259308.29566221,5,2012,"Tocantins",51.233,26.22,0
137,"2012-06",49.202,26.4,636,1259308.29566221,"Tocantins",636,1259308.29566221,6,2012,"Tocantins",49.202,26.4,0
138,"2012-07",19.504,27.03,363,1259308.29566221,"Tocantins",363,1259308.29566221,7,2012,"Tocantins",19.504,27.03,0
139,"2012-08",4.872,27.82,175,1259308.29566221,"Tocantins",175,1259308.29566221,8,2012,"Tocantins",4.872,27.82,0
140,"2012-09",4.206,29.02,126,1259308.29566221,"Tocantins",126,1259308.29566221,9,2012,"Tocantins",4.206,29.02,0
141,"2012-10",10.468,29.47,224,1259308.29566221,"Tocantins",224,1259308.29566221,10,2012,"Tocantins",10.468,29.47,0
142,"2012-11",108.194,27.89,369,1259308.29566221,"Tocantins",369,1259308.29566221,11,2012,"Tocantins",108.194,27.89,0
143,"2012-12",120.766,26.68,629,1259308.29566221,"Tocantins",629,1259308.29566221,12,2012,"Tocantins",120.766,26.68,0
144,"2013-01",218.8,25.88,1394,1270360.34727176,"Tocantins",1394,1270360.34727176,1,2013,"Tocantins",218.8,25.88,0
145,"2013-02",173.36,26,1810,1270360.34727176,"Tocantins",1810,1270360.34727176,2,2013,"Tocantins",173.36,26,0
146,"2013-03",285.372,25.75,1651,1270360.34727176,"Tocantins",1651,1270360.34727176,3,2013,"Tocantins",285.372,25.75,0
147,"2013-04",203.062,25.48,1511,1270360.34727176,"Tocantins",1511,1270360.34727176,4,2013,"Tocantins",203.062,25.48,0
148,"2013-05",130.021,25.82,971,1270360.34727176,"Tocantins",971,1270360.34727176,5,2013,"Tocantins",130.021,25.82,0
149,"2013-06",47.937,26.38,467,1270360.34727176,"Tocantins",467,1270360.34727176,6,2013,"Tocantins",47.937,26.38,0
150,"2013-07",48.915,26.63,207,1270360.34727176,"Tocantins",207,1270360.34727176,7,2013,"Tocantins",48.915,26.63,0
151,"2013-08",15.222,27.89,146,1270360.34727176,"Tocantins",146,1270360.34727176,8,2013,"Tocantins",15.222,27.89,0
152,"2013-09",11.383,28.94,110,1270360.34727176,"Tocantins",110,1270360.34727176,9,2013,"Tocantins",11.383,28.94,0
153,"2013-10",42.944,28.41,116,1270360.34727176,"Tocantins",116,1270360.34727176,10,2013,"Tocantins",42.944,28.41,0
154,"2013-11",132.031,26.78,281,1270360.34727176,"Tocantins",281,1270360.34727176,11,2013,"Tocantins",132.031,26.78,0
155,"2013-12",140.086,26.63,334,1270360.34727176,"Tocantins",334,1270360.34727176,12,2013,"Tocantins",140.086,26.63,0
156,"2014-01",195.187,25.45,651,1281279.69843318,"Tocantins",651,1281279.69843318,1,2014,"Tocantins",195.187,25.45,0
157,"2014-02",253.206,24.96,566,1281279.69843318,"Tocantins",566,1281279.69843318,2,2014,"Tocantins",253.206,24.96,0
158,"2014-03",238.719,25.09,554,1281279.69843318,"Tocantins",554,1281279.69843318,3,2014,"Tocantins",238.719,25.09,0
159,"2014-04",229.671,25.03,412,1281279.69843318,"Tocantins",412,1281279.69843318,4,2014,"Tocantins",229.671,25.03,0
160,"2014-05",140.5,25.46,497,1281279.69843318,"Tocantins",497,1281279.69843318,5,2014,"Tocantins",140.5,25.46,0
161,"2014-06",36.763,26.48,396,1281279.69843318,"Tocantins",396,1281279.69843318,6,2014,"Tocantins",36.763,26.48,0
162,"2014-07",18.976,26.75,133,1281279.69843318,"Tocantins",133,1281279.69843318,7,2014,"Tocantins",18.976,26.75,0
163,"2014-08",9.317,27.54,128,1281279.69843318,"Tocantins",128,1281279.69843318,8,2014,"Tocantins",9.317,27.54,0
164,"2014-09",19.307,28.06,92,1281279.69843318,"Tocantins",92,1281279.69843318,9,2014,"Tocantins",19.307,28.06,0
165,"2014-10",38.935,28.31,151,1281279.69843318,"Tocantins",151,1281279.69843318,10,2014,"Tocantins",38.935,28.31,0
166,"2014-11",69.514,27.49,185,1281279.69843318,"Tocantins",185,1281279.69843318,11,2014,"Tocantins",69.514,27.49,0
167,"2014-12",110.9,26.84,287,1281279.69843318,"Tocantins",287,1281279.69843318,12,2014,"Tocantins",110.9,26.84,0
168,"2015-01",134.022,26.11,371,1292072.6682154,"Tocantins",371,1292072.6682154,1,2015,"Tocantins",134.022,26.11,0
169,"2015-02",231.683,25.34,625,1292072.6682154,"Tocantins",625,1292072.6682154,2,2015,"Tocantins",231.683,25.34,0
170,"2015-03",287.246,25.07,1439,1292072.6682154,"Tocantins",1439,1292072.6682154,3,2015,"Tocantins",287.246,25.07,0
171,"2015-04",182.446,25.23,1456,1292072.6682154,"Tocantins",1456,1292072.6682154,4,2015,"Tocantins",182.446,25.23,0
172,"2015-05",86.668,25.95,1293,1292072.6682154,"Tocantins",1293,1292072.6682154,5,2015,"Tocantins",86.668,25.95,0
173,"2015-06",37.327,26.43,866,1292072.6682154,"Tocantins",866,1292072.6682154,6,2015,"Tocantins",37.327,26.43,0
174,"2015-07",22.268,26.97,547,1292072.6682154,"Tocantins",547,1292072.6682154,7,2015,"Tocantins",22.268,26.97,0
175,"2015-08",4.823,27.82,418,1292072.6682154,"Tocantins",418,1292072.6682154,8,2015,"Tocantins",4.823,27.82,0
176,"2015-09",5.817,28.84,196,1292072.6682154,"Tocantins",196,1292072.6682154,9,2015,"Tocantins",5.817,28.84,0
177,"2015-10",16.309,29.54,225,1292072.6682154,"Tocantins",225,1292072.6682154,10,2015,"Tocantins",16.309,29.54,0
178,"2015-11",20.812,28.92,465,1292072.6682154,"Tocantins",465,1292072.6682154,11,2015,"Tocantins",20.812,28.92,0
179,"2015-12",65.152,28.64,1473,1292072.6682154,"Tocantins",1473,1292072.6682154,12,2015,"Tocantins",65.152,28.64,0
180,"2016-01",294.605,25.9,2244,1302758.21382533,"Tocantins",2244,1302758.21382533,1,2016,"Tocantins",294.605,25.9,0
181,"2016-02",143.991,26.45,2430,1302758.21382533,"Tocantins",2430,1302758.21382533,2,2016,"Tocantins",143.991,26.45,0
182,"2016-03",268.97,26.13,1531,1302758.21382533,"Tocantins",1531,1302758.21382533,3,2016,"Tocantins",268.97,26.13,0
183,"2016-04",149.845,26.58,1085,1302758.21382533,"Tocantins",1085,1302758.21382533,4,2016,"Tocantins",149.845,26.58,0
184,"2016-05",80.371,26.76,973,1302758.21382533,"Tocantins",973,1302758.21382533,5,2016,"Tocantins",80.371,26.76,0
185,"2016-06",31.12,26.64,401,1302758.21382533,"Tocantins",401,1302758.21382533,6,2016,"Tocantins",31.12,26.64,0
186,"2016-07",16.02,27.2,168,1302758.21382533,"Tocantins",168,1302758.21382533,7,2016,"Tocantins",16.02,27.2,0
187,"2016-08",6.953,28.28,102,1302758.21382533,"Tocantins",102,1302758.21382533,8,2016,"Tocantins",6.953,28.28,0
188,"2016-09",25.52,28.94,57,1302758.21382533,"Tocantins",57,1302758.21382533,9,2016,"Tocantins",25.52,28.94,0
189,"2016-10",41.399,28.61,76,1302758.21382533,"Tocantins",76,1302758.21382533,10,2016,"Tocantins",41.399,28.61,0
190,"2016-11",59.56,28.71,155,1302758.21382533,"Tocantins",155,1302758.21382533,11,2016,"Tocantins",59.56,28.71,0
191,"2016-12",147.559,27.05,189,1302758.21382533,"Tocantins",189,1302758.21382533,12,2016,"Tocantins",147.559,27.05,0
